insert into `club` values ('anu101','Australian National University Archery Club','Australian');
insert into `club` values ('uc101','University of Canberra Archery Club','Canberra');
insert into `club` values ('acu101','Australian Catholic University Archery Club','Australian');
insert into `club` values ('csu101','Charles Sturt University Archery Club','Charles Sturt');
insert into `club` values ('scu101','Southern Cross University Archery Club','Southern Cross');
insert into `club` values ('une101','University of New England Archery Club','New England');
insert into `club` values ('unsw101','University of New South Wales Archery Club','New South Wales');
insert into `club` values ('un101','University of Newcastle Archery Club','Newcastle');
insert into `club` values ('us101','University of Sydney Archery Club','Sydney');
insert into `club` values ('wsu101','Western Sydney University Archery Club','Western Sydney');
insert into `club` values ('uw101','University of Wollongong Archery Club','Wollongong');
insert into `club` values ('cdu101','Charles Darwin University Archery Club','Charles Darwin');
insert into `club` values ('bu101','Bond University Archery Club','Bond');
insert into `club` values ('cqu101','CQ University Archery Club','CQ');
insert into `club` values ('fua101','Federation University of Australia Archery Club','Australia');
insert into `club` values ('gu101','Griffith University Archery Club','Griffith');
insert into `club` values ('jcu101','James Cook University Archery Club','James Cook');
insert into `club` values ('qut101','Queensland University of Technology Archery Club','Queensland');
insert into `club` values ('uq101','University of Queensland Archery Club',' Queensland');
insert into `club` values ('usq101','University of Southern Queensland Archery Club','Southern Queensland');
insert into `club` values ('usc101','University of the Sunshine Coast Archery Club','Sunshine Coast');
insert into `club` values ('cmu101','Carnegie Mellon University Archery Club','Carnegie Mellon');
insert into `club` values ('fu101','Flinders University Archery Club','Flinders');
insert into `club` values ('tua101','Torrens University Australia Archery Club','Torrens Australia');
insert into `club` values ('ua101','University of Adelaide Archery Club','Adelaide');
insert into `club` values ('usa101','University of South Australia Archery Club','South Australia');
insert into `club` values ('ut101','University of Tasmania Archery Club','Tasmania');
insert into `club` values ('du101','Federation University of Australia Archery Club','Deakin');
insert into `club` values ('ltu101','La Trobe University Archery Club','La Trobe');
insert into `club` values ('mu101','Monash University Archery Club','Monash');
insert into `club` values ('rmitu101','RMIT University Archery Club','RMIT');
insert into `club` values ('ud101','University of Divinity Archery Club','Divinity');
insert into `club` values ('um101','University of Melbourne Archery Club','Melbourne');
insert into `club` values ('vu101','Victoria University Archery Club','Victoria');;
insert into `club` values ('cu101','Curtin University Archery Club','Curtin');
insert into `club` values ('ecu101','Murdoch University Archery Club','Edith Cowan');
insert into `club` values ('unda101','University of Notre Dame Australia Archery Club','Notre Dame Australia');


insert into `archer` values ('A005','fu101','Lenore','Rosson','F','58','lrosson4@techcrunch.com','2014-02-14 14:01:56','0480968627');
insert into `archer` values ('A006','cqu101','Marena','Marjot','F','37','mmarjot5@auda.org.au','2010-02-10 15:56:03','0484085990');
insert into `archer` values ('A007','uq101','Pace','Pulhoster','M','28','ppulhoster6@slate.com','2008-10-03 22:43:23','0424252105');
insert into `archer` values ('A008','rmitu101','Wandie','Haestier','F','14','whaestier7@comsenz.com','2001-12-16 03:53:24','0449836941');
insert into `archer` values ('A009','fua101','Simeon','Restieaux','M','12','srestieaux8@umn.edu','2004-01-24 07:15:45','0487165970');
insert into `archer` values ('A010','mu101','Gibby','Sauvain','M','52','gsauvain9@ameblo.jp','2005-01-30 14:49:29','0445602236');
insert into `archer` values ('A011','us101','Loree','Phonix','F','75','lphonixa@linkedin.com','2007-10-31 07:48:19','0469866191');
insert into `archer` values ('A012','ud101','Jaime','Gomersall','O','75','jgomersallb@nationalgeographic.com','2004-11-05 16:07:18','0421442769');
insert into `archer` values ('A013','uw101','Ty','Reyburn','M','32','treyburnc@google.co.uk','2018-02-05 05:34:47','0471390548');
insert into `archer` values ('A014','mu101','Clare','Stove','F','33','cstoved@shinystat.com','2001-09-05 04:28:34','0436558736');
insert into `archer` values ('A015','anu101','Vally','Howell','F','43','vhowelle@gmpg.org','2005-06-22 07:50:25','0463378538');
insert into `archer` values ('A016','usc101','Karlik','Mulvihill','M','74','kmulvihillf@tmall.com','2008-08-29 23:09:33','0422818058');
insert into `archer` values ('A017','unsw101','Kathie','Knocker','F','11','kknockerg@theglobeandmail.com','2021-09-10 12:31:42','0447366924');
insert into `archer` values ('A018','vu101','Jenni','Treby','F','13','jtrebyh@ft.com','2020-01-27 18:28:20','0461436326');
insert into `archer` values ('A019','csu101','Ermina','Olver','F','65','eolveri@tinyurl.com','2014-12-09 20:00:59','0451683482');
insert into `archer` values ('A020','uc101','Salvatore','Stopps','M','35','sstoppsj@icq.com','2004-11-21 15:34:36','0439439263');
insert into `archer` values ('A021','swin101','Melosa','Asche','F','70','maschek@hp.com','2010-06-13 09:28:07','0456763781');
insert into `archer` values ('A022','cdu101','Lamar','Heigl','M','34','lheigll@naver.com','2002-08-18 23:32:15','0445701401');
insert into `archer` values ('A023','qut101','Hurley','Lassells','M','60','hlassellsm@constantcontact.com','2014-07-26 17:15:03','0411241151');
insert into `archer` values ('A024','uwa101','Darcy','Gleeton','F','65','dgleetonn@state.tx.us','2000-02-11 22:15:08','0418493513');
insert into `archer` values ('A025','mu101','Kiele','Karlolak','F','37','kkarlolako@boston.com','2006-01-07 04:19:10','0416002711');
insert into `archer` values ('A026','uw101','Dania','Swan','F','38','dswanp@naver.com','2018-04-08 20:41:19','0471057457');
insert into `archer` values ('A027','ecu101','Renell','Andrioni','F','62','randrioniq@technorati.com','2006-01-07 09:46:32','0435885090');
insert into `archer` values ('A028','usq101','Elsie','Salzberger','F','47','esalzbergerr@va.gov','2021-01-06 14:14:16','0498184739');
insert into `archer` values ('A029','cmu101','Godfree','Campos','M','24','gcamposs@aboutads.info','2019-01-31 23:35:50','0464134564');
insert into `archer` values ('A030','um101','Gloriana','Faltskog','O','51','gfaltskogt@xinhuanet.com','2001-11-30 03:17:54','0475385705');
insert into `archer` values ('A031','swin101','Emelda','Planks','F','69','eplanksu@plala.or.jp','2016-01-31 21:51:00','0474179558');
insert into `archer` values ('A032','ut101','Juliana','Fayerman','F','62','jfayermanv@time.com','2015-04-13 13:59:39','0479460121');
insert into `archer` values ('A033','ud101','Abraham','Pring','M','67','apringw@reference.com','2002-09-23 03:43:07','0450081408');
insert into `archer` values ('A034','unsw101','Gerrard','Ritmeyer','M','39','gritmeyerx@blogger.com','2002-12-24 14:49:03','0492722089');
insert into `archer` values ('A035','tua101','Noelyn','Bielfeld','F','60','nbielfeldy@quantcast.com','2013-07-26 14:49:19','0464050181');
insert into `archer` values ('A036','usc101','Herbert','Jeduch','M','24','hjeduchz@bandcamp.com','2003-06-23 07:29:47','0417588467');
insert into `archer` values ('A037','anu101','Chevalier','Fidgeon','M','76','cfidgeon10@wikia.com','2022-11-28 07:15:50','0473565414');
insert into `archer` values ('A038','scu101','Coop','Sollett','M','75','csollett11@phoca.cz','2010-04-24 23:05:03','0428488774');
insert into `archer` values ('A039','us101','Pearce','Nani','M','11','pnani12@nifty.com','2013-07-27 21:54:01','0467817994');
insert into `archer` values ('A040','bu101','Gretel','Cawthra','F','56','gcawthra13@pen.io','2019-07-17 20:47:26','0494923892');
insert into `archer` values ('A041','mu101','Gwendolen','Coopman','F','25','gcoopman14@shop-pro.jp','2007-08-19 13:37:09','0467558056');
insert into `archer` values ('A042','un101','Benjamin','Issatt','M','50','bissatt15@guardian.co.uk','2004-09-10 14:41:54','0459332089');
insert into `archer` values ('A043','ua101','Danit','Minor','F','19','dminor16@issuu.com','2016-05-05 20:49:35','0486451046');
insert into `archer` values ('A044','uwa101','Selena','Kroger','F','58','skroger17@nba.com','2018-01-28 06:58:59','0469090020');
insert into `archer` values ('A045','une101','See','Windebank','M','15','swindebank18@howstuffworks.com','2021-03-07 02:12:00','0421633861');
insert into `archer` values ('A046','fua101','Rois','Girardengo','F','11','rgirardengo19@ning.com','2015-07-23 13:03:22','0487582377');
insert into `archer` values ('A047','mu101','Rochette','Camelin','O','18','rcamelin1a@is.gd','2011-05-18 01:32:38','0453109145');
insert into `archer` values ('A048','usa101','Silvain','Burehill','M','57','sburehill1b@state.tx.us','2012-09-07 03:05:15','0470084834');
insert into `archer` values ('A049','qut101','Arty','Bassil','M','52','abassil1c@army.mil','2012-07-17 03:22:06','0467136535');
insert into `archer` values ('A050','uq101','Latisha','Pitrelli','F','76','lpitrelli1d@soup.io','2006-06-09 02:29:10','0427166933');
insert into `archer` values ('A051','ltu101','Granthem','Haynes','M','62','ghaynes1e@youtube.com','2017-05-07 22:36:33','0415814791');
insert into `archer` values ('A052','bu101','Sayer','O'' Culligan','M','56','soculligan1f@webnode.com','2001-09-03 13:36:06','0482478926');
insert into `archer` values ('A053','uwa101','Archambault','Olpin','M','17','aolpin1g@mac.com','2018-07-12 02:55:37','0431627386');
insert into `archer` values ('A054','scu101','Annice','Drohan','F','32','adrohan1h@fda.gov','2017-09-06 15:01:41','0494906736');
insert into `archer` values ('A055','tua101','Allan','Mintrim','M','37','amintrim1i@mozilla.com','2022-12-28 05:08:52','0452125104');
insert into `archer` values ('A056','usa101','Gaelan','Idney','O','49','gidney1j@comsenz.com','2013-05-23 16:42:33','0492307818');
insert into `archer` values ('A057','cu101','Janelle','Jex','F','12','jjex1k@typepad.com','2001-10-02 22:58:59','0437534463');
insert into `archer` values ('A058','qut101','Lanna','Leckie','F','44','lleckie1l@japanpost.jp','2021-09-01 15:53:48','0430258685');
insert into `archer` values ('A059','mu101','Johannes','Sergison','M','56','jsergison1m@angelfire.com','2015-02-09 11:58:58','0422067308');
insert into `archer` values ('A060','cmu101','Sharona','Jukes','F','33','sjukes1n@sina.com.cn','2000-06-01 18:54:29','0473853894');
insert into `archer` values ('A061','cdu101','Gerta','Best','F','18','gbest1o@telegraph.co.uk','2007-08-24 23:35:01','0446975243');
insert into `archer` values ('A062','ecu101','Pernell','Byre','M','21','pbyre1p@mit.edu','2017-09-11 04:08:36','0424514810');
insert into `archer` values ('A063','acu101','Gram','Sebrens','M','64','gsebrens1q@histats.com','2003-08-15 07:06:09','0430648336');
insert into `archer` values ('A064','swin101','Lucho','Anscombe','O','79','lanscombe1r@gov.uk','2020-02-07 21:44:58','0413565391');
insert into `archer` values ('A065','fu101','Valeria','Ayliff','O','49','vayliff1s@goodreads.com','2012-05-25 12:09:58','0423299006');
insert into `archer` values ('A066','usq101','Sherm','Jelphs','M','58','sjelphs1t@msn.com','2018-12-18 08:37:30','0481594045');
insert into `archer` values ('A067','unsw101','Ive','Dillway','M','22','idillway1u@arizona.edu','2007-05-06 04:53:52','0448965539');
insert into `archer` values ('A068','jcu101','Isidor','Spriggen','M','31','ispriggen1v@army.mil','2005-09-01 20:44:24','0425278974');
insert into `archer` values ('A069','du101','Shirleen','Fredson','F','20','sfredson1w@paypal.com','2014-05-18 13:48:25','0485733480');
insert into `archer` values ('A070','rmitu101','Sonia','Hebblewaite','F','31','shebblewaite1x@zdnet.com','2017-06-23 10:44:36','0479875152');
insert into `archer` values ('A071','anu101','Marlon','Botterman','M','11','mbotterman1y@infoseek.co.jp','2018-11-30 10:29:00','0472399322');
insert into `archer` values ('A072','usc101','Inesita','Luca','F','78','iluca1z@home.pl','2014-10-09 13:29:58','0432463044');
insert into `archer` values ('A073','uq101','Carolyne','Attwell','F','75','cattwell20@loc.gov','2014-11-07 13:15:11','0450506937');
insert into `archer` values ('A074','mu101','Juditha','Cahan','O','42','jcahan21@vkontakte.ru','2022-06-09 19:23:28','0434848218');
insert into `archer` values ('A075','swin101','Tore','Gales','M','77','tgales22@berkeley.edu','2010-02-14 22:42:24','0431129820');
insert into `archer` values ('A076','bu101','Loydie','Huetson','M','80','lhuetson23@wiley.com','2008-05-11 23:53:43','0470370360');
insert into `archer` values ('A077','du101','Stacee','Scammonden','F','23','sscammonden24@gizmodo.com','2021-10-05 15:39:58','0480733153');
insert into `archer` values ('A078','fua101','Freddy','Aikin','F','60','faikin25@rakuten.co.jp','2002-11-01 18:11:07','0447420660');
insert into `archer` values ('A079','wsu101','Xerxes','Robbel','M','71','xrobbel26@princeton.edu','2013-06-02 21:50:33','0437816570');
insert into `archer` values ('A080','tua101','Goldia','Leggat','F','20','gleggat27@smugmug.com','2020-04-11 04:35:51','0487072519');
insert into `archer` values ('A081','swin101','Bernetta','Speaks','F','66','bspeaks28@alexa.com','2012-12-03 12:15:17','0424072079');
insert into `archer` values ('A082','vu101','Elise','Odlin','F','76','eodlin29@gravatar.com','2021-01-08 09:14:33','0422051385');
insert into `archer` values ('A083','ua101','Sawyere','Downer','M','23','sdowner2a@bandcamp.com','2004-07-17 15:46:40','0496354810');
insert into `archer` values ('A084','csu101','Clea','Kayzer','F','20','ckayzer2b@amazonaws.com','2022-11-12 00:55:14','0489420819');
insert into `archer` values ('A085','cmu101','Dermot','Hamshar','M','28','dhamshar2c@networkadvertising.org','2018-07-26 16:39:35','0430087544');
insert into `archer` values ('A086','acu101','Lorain','Bunten','F','29','lbunten2d@oaic.gov.au','2021-06-05 21:19:05','0490164892');
insert into `archer` values ('A087','unsw101','Creight','Fendlow','M','18','cfendlow2e@engadget.com','2005-08-07 20:50:14','0422911990');
insert into `archer` values ('A088','mu101','Lin','Wellen','M','63','lwellen2f@census.gov','2000-09-19 14:13:12','0441505927');
insert into `archer` values ('A089','us101','Olia','Shelliday','F','15','oshelliday2g@google.ru','2020-11-21 09:31:43','0424444659');
insert into `archer` values ('A090','qut101','Aldwin','Girardengo','M','38','agirardengo2h@hao123.com','2020-06-21 09:22:40','0438232774');
insert into `archer` values ('A091','fu101','Blondelle','Grinnov','F','47','bgrinnov2i@pen.io','2017-11-17 10:12:45','0463722537');
insert into `archer` values ('A092','usq101','Penny','Tomley','F','24','ptomley2j@umich.edu','2017-02-08 15:46:54','0488293142');
insert into `archer` values ('A093','unda101','Oby','Margrett','M','68','omargrett2k@nytimes.com','2021-08-13 04:41:53','0458046476');
insert into `archer` values ('A094','mu101','Valaree','Bartot','F','67','vbartot2l@ucla.edu','2021-09-14 02:16:11','0475550011');
insert into `archer` values ('A095','gu101','Joly','Middle','F','26','jmiddle2m@netvibes.com','2021-01-25 11:46:01','0437457599');
insert into `archer` values ('A096','ud101','Denice','Yashaev','F','53','dyashaev2n@imdb.com','2014-08-30 14:55:26','0472986446');
insert into `archer` values ('A097','ltu101','Madella','Garman','F','39','mgarman2o@nasa.gov','2006-08-31 03:09:11','0430039999');
insert into `archer` values ('A098','usc101','Avery','Borrill','M','70','aborrill2p@umn.edu','2005-10-01 08:20:07','0491561619');
insert into `archer` values ('A099','fua101','Marius','Piccop','M','74','mpiccop2q@hp.com','2014-11-07 16:06:57','0436143210');
insert into `archer` values ('A100','cqu101','Sherm','Djorevic','M','80','sdjorevic2r@europa.eu','2019-12-13 06:31:49','0492899524');
insert into `archer` values ('A101','un101','Dedra','Pouck','F','28','dpouck2s@phoca.cz','2005-05-26 04:40:39','0419829102');
insert into `archer` values ('A102','uc101','Gray','Gouldbourn','M','52','ggouldbourn2t@sogou.com','2006-05-05 04:01:59','0413051931');
insert into `archer` values ('A103','wsu101','Rozina','Casford','F','73','rcasford2u@economist.com','2008-05-05 13:02:16','0486850221');
insert into `archer` values ('A104','unda101','Jessalin','Echelle','F','69','jechelle2v@army.mil','2019-04-03 14:59:27','0417708382');
insert into `archer` values ('A105','cu101','Zacharias','Digger','M','11','zdigger2w@shutterfly.com','2003-03-03 06:44:09','0443233568');
insert into `archer` values ('A106','vu101','Jedediah','Pedden','M','61','jpedden2x@networksolutions.com','2002-06-23 22:10:43','0456199315');
insert into `archer` values ('A107','une101','Herbert','Dumphrey','M','24','hdumphrey2y@yahoo.com','2001-07-12 08:30:55','0441749659');
insert into `archer` values ('A108','uw101','Cassaundra','Cayser','F','54','ccayser2z@dmoz.org','2018-02-10 12:41:34','0439720372');
insert into `archer` values ('A109','mu101','Bab','Chalk','F','27','bchalk30@rakuten.co.jp','2001-06-19 17:04:52','0445228234');
insert into `archer` values ('A110','csu101','Licha','Heyworth','F','55','lheyworth31@nba.com','2012-05-18 09:23:59','0453137397');
insert into `archer` values ('A111','cmu101','Zahara','Syder','F','73','zsyder32@redcross.org','2014-07-28 20:02:22','0463261390');
insert into `archer` values ('A112','um101','Rodrique','Ivashnikov','M','60','rivashnikov33@nifty.com','2002-04-24 12:01:52','0429242498');
insert into `archer` values ('A113','gu101','Eberto','Patillo','M','42','epatillo34@discovery.com','2000-12-03 02:13:04','0491613519');
insert into `archer` values ('A114','usc101','Hadlee','Heisham','M','31','hheisham35@unc.edu','2021-07-27 06:33:39','0454717195');
insert into `archer` values ('A115','rmitu101','Jo','Pawfoot','M','21','jpawfoot36@tamu.edu','2000-09-24 06:33:16','0451742349');
insert into `archer` values ('A116','fua101','Gerianne','Poulden','O','54','gpoulden37@usda.gov','2000-05-05 05:39:24','0492144434');
insert into `archer` values ('A117','uq101','Kellina','Duffield','F','19','kduffield38@utexas.edu','2017-06-22 14:08:42','0484844885');
insert into `archer` values ('A118','ut101','Rosalinde','Jamson','O','72','rjamson39@i2i.jp','2016-11-07 23:45:29','0466704364');
insert into `archer` values ('A119','fu101','Amelita','Raddan','O','29','araddan3a@hexun.com','2007-01-25 06:00:29','0480142450');
insert into `archer` values ('A120','uwa101','Kris','Ikin','M','27','kikin3b@nps.gov','2017-07-11 07:19:43','0415705267');
insert into `archer` values ('A121','usa101','Pascale','Burress','M','59','pburress3c@fastcompany.com','2000-08-04 13:30:17','0458452504');
insert into `archer` values ('A122','cdu101','Tess','Robiot','F','72','trobiot3d@fastcompany.com','2012-06-05 14:55:34','0463735277');
insert into `archer` values ('A123','tua101','Winnah','Tawn','F','68','wtawn3e@google.com.br','2018-02-24 16:26:48','0455121850');
insert into `archer` values ('A124','acu101','Bethena','Brazil','F','41','bbrazil3f@house.gov','2010-08-10 04:46:03','0486497152');
insert into `archer` values ('A125','du101','Alejandra','Cant','F','76','acant3g@opera.com','2005-05-29 02:30:18','0431977658');
insert into `archer` values ('A126','fu101','Charlotte','McTrustrie','F','15','cmctrustrie3h@facebook.com','2018-12-28 16:49:33','0460444842');
insert into `archer` values ('A127','cdu101','Daffie','Blyth','F','47','dblyth3i@a8.net','2009-05-19 23:33:20','0420396241');
insert into `archer` values ('A128','mu101','Kendell','Bottlestone','M','33','kbottlestone3j@tamu.edu','2000-04-19 19:56:52','0439087873');
insert into `archer` values ('A129','ecu101','Stephanus','Simondson','M','10','ssimondson3k@ifeng.com','2008-09-02 09:09:48','0452403592');
insert into `archer` values ('A130','unsw101','Alfreda','Manis','F','21','amanis3l@jiathis.com','2003-01-30 03:59:20','0436811718');
insert into `archer` values ('A131','usc101','Cathryn','Channon','O','45','cchannon3m@guardian.co.uk','2010-04-04 03:53:21','0474348143');
insert into `archer` values ('A132','fua101','Aimil','Pilbury','F','74','apilbury3n@spotify.com','2021-08-12 06:43:01','0418696584');
insert into `archer` values ('A133','gu101','Joye','Tschiersch','F','45','jtschiersch3o@pen.io','2003-08-16 02:13:20','0454387113');
insert into `archer` values ('A134','ltu101','Palmer','Try','M','15','ptry3p@homestead.com','2011-10-12 10:28:11','0450452574');
insert into `archer` values ('A135','cqu101','Hans','McNelis','M','17','hmcnelis3q@jugem.jp','2000-12-30 11:56:47','0463370742');
insert into `archer` values ('A136','usq101','Skipton','Killough','M','32','skillough3r@senate.gov','2001-01-29 23:08:01','0485091172');
insert into `archer` values ('A137','usa101','Sacha','Deverson','F','23','sdeverson3s@photobucket.com','2017-06-29 02:07:19','0472285601');
insert into `archer` values ('A138','uwa101','Doralia','Sumsion','F','25','dsumsion3t@wufoo.com','2017-12-26 04:08:20','0417854902');
insert into `archer` values ('A139','ua101','Clementine','Govey','F','28','cgovey3u@trellian.com','2006-11-19 23:37:12','0478168885');
insert into `archer` values ('A140','swin101','Yulma','Laycock','M','37','ylaycock3v@cbslocal.com','2022-02-18 01:52:57','0425728086');
insert into `archer` values ('A141','cu101','Deanna','De Meis','F','34','ddemeis3w@cloudflare.com','2009-05-09 02:00:45','0478520625');
insert into `archer` values ('A142','vu101','Constantine','Morillas','F','77','cmorillas3x@facebook.com','2016-12-21 18:47:43','0426053896');
insert into `archer` values ('A143','fua101','Shandy','Playhill','F','12','splayhill3y@statcounter.com','2010-10-09 08:38:58','0449067263');
insert into `archer` values ('A144','swin101','Karolina','Southcombe','F','38','ksouthcombe3z@google.it','2011-09-20 09:24:52','0450077837');
insert into `archer` values ('A145','tua101','Ann','Ramsbottom','O','37','aramsbottom40@miitbeian.gov.cn','2005-12-24 06:17:52','0457588048');
insert into `archer` values ('A146','jcu101','Spencer','Delong','M','16','sdelong41@sourceforge.net','2020-01-22 02:39:25','0416340630');
insert into `archer` values ('A147','uw101','Maryl','Cawsy','O','64','mcawsy42@nytimes.com','2006-06-10 05:48:54','0444445990');
insert into `archer` values ('A148','mu101','Geneva','Channer','O','32','gchanner43@simplemachines.org','2016-08-26 01:20:41','0480157200');
insert into `archer` values ('A149','un101','Bernard','Fletcher','M','64','bfletcher44@bravesites.com','2021-10-02 00:36:00','0462311557');
insert into `archer` values ('A150','scu101','Damon','Nestle','M','53','dnestle45@blinklist.com','2000-02-05 01:43:52','0410089443');
insert into `archer` values ('A151','jcu101','Reagan','Karolczyk','M','14','rkarolczyk46@pen.io','2005-06-17 10:43:16','0447129210');
insert into `archer` values ('A152','csu101','Isak','Ludovici','M','48','iludovici47@ox.ac.uk','2017-09-14 17:23:35','0426769534');
insert into `archer` values ('A153','mu101','Shanta','Fraser','F','19','sfraser48@hp.com','2005-03-20 21:05:22','0458656346');
insert into `archer` values ('A154','rmitu101','Nolie','Aleswell','O','50','naleswell49@soundcloud.com','2015-06-15 10:14:39','0482236081');
insert into `archer` values ('A155','swin101','Ailis','Buckell','F','41','abuckell4a@dell.com','2014-11-12 07:44:04','0453468366');
insert into `archer` values ('A156','uwa101','Loretta','Cumber','F','45','lcumber4b@mediafire.com','2000-07-31 18:16:32','0472244300');
insert into `archer` values ('A157','bu101','Laryssa','Da Costa','F','53','ldacosta4c@tuttocitta.it','2009-04-02 23:15:14','0494433123');
insert into `archer` values ('A158','uc101','Morgan','Pyne','F','24','mpyne4d@lulu.com','2020-09-21 07:29:17','0474675710');
insert into `archer` values ('A159','uw101','Maximo','Boas','M','75','mboas4e@cdbaby.com','2004-09-10 22:15:48','0436102030');
insert into `archer` values ('A160','ud101','Hunfredo','Bridgett','M','80','hbridgett4f@vistaprint.com','2005-10-10 19:36:34','0499187755');
insert into `archer` values ('A161','cu101','Geralda','Willicott','F','52','gwillicott4g@github.io','2008-09-05 07:27:07','0448407533');
insert into `archer` values ('A162','us101','Anetta','Pottell','F','73','apottell4h@soundcloud.com','2018-06-13 15:08:34','0413587281');
insert into `archer` values ('A163','swin101','Cullin','Ryland','M','65','cryland4i@house.gov','2016-04-08 13:25:20','0438644752');
insert into `archer` values ('A164','vu101','Petrina','Colomb','F','68','pcolomb4j@opensource.org','2002-04-15 07:03:10','0446657789');
insert into `archer` values ('A165','usa101','Sydney','Simononsky','F','28','ssimononsky4k@t.co','2006-04-01 14:14:56','0427297775');
insert into `archer` values ('A166','acu101','Sunny','Loines','F','30','sloines4l@weibo.com','2009-04-11 21:44:08','0452456473');
insert into `archer` values ('A167','ecu101','Trip','Hambleton','M','78','thambleton4m@domainmarket.com','2000-09-17 21:19:48','0496615782');
insert into `archer` values ('A168','unda101','Magdaia','Dabnot','F','13','mdabnot4n@blogger.com','2018-01-27 14:20:17','0437090115');
insert into `archer` values ('A169','du101','Anthony','Hinckley','M','35','ahinckley4o@surveymonkey.com','2012-04-11 20:03:08','0437894027');
insert into `archer` values ('A170','un101','Heddie','Carlens','F','48','hcarlens4p@statcounter.com','2013-06-19 21:06:47','0412468883');
insert into `archer` values ('A171','qut101','Hanna','Reeme','F','35','hreeme4q@washington.edu','2003-08-20 02:35:35','0454709907');
insert into `archer` values ('A172','fu101','Manon','Cussen','F','43','mcussen4r@google.com.au','2015-06-07 03:12:07','0429576410');
insert into `archer` values ('A173','cdu101','Armstrong','Haversum','M','61','ahaversum4s@nhs.uk','2005-04-20 15:04:56','0437390291');
insert into `archer` values ('A174','scu101','Christoffer','Rapkins','M','74','crapkins4t@yellowpages.com','2012-02-21 04:34:14','0440520006');
insert into `archer` values ('A175','ltu101','Liana','Rentoll','F','67','lrentoll4u@amazon.co.uk','2001-10-19 17:56:47','0445030273');
insert into `archer` values ('A176','bu101','Greggory','Clouston','O','47','gclouston4v@nature.com','2005-05-19 21:18:46','0449044494');
insert into `archer` values ('A177','usa101','Neddie','Stockford','M','71','nstockford4w@ezinearticles.com','2009-09-10 22:03:05','0466697596');
insert into `archer` values ('A178','scu101','Edsel','Durand','M','19','edurand4x@meetup.com','2004-08-02 18:36:20','0495946439');
insert into `archer` values ('A179','vu101','Chadd','Castiglioni','O','79','ccastiglioni4y@shop-pro.jp','2000-04-27 14:23:43','0411874910');
insert into `archer` values ('A180','cdu101','Albina','Thandi','F','11','athandi4z@mlb.com','2010-10-02 08:26:40','0475458044');
insert into `archer` values ('A181','mu101','Christel','Gillbard','F','79','cgillbard50@go.com','2019-11-28 05:46:20','0438312143');
insert into `archer` values ('A182','rmitu101','Sergeant','Bohlje','M','18','sbohlje51@youtube.com','2012-10-15 19:50:58','0468573752');
insert into `archer` values ('A183','jcu101','Ulrike','Levington','F','39','ulevington52@nydailynews.com','2009-08-03 12:49:01','0446332266');
insert into `archer` values ('A184','us101','Tobie','Tonkes','M','18','ttonkes53@squidoo.com','2022-08-19 14:04:36','0443998559');
insert into `archer` values ('A185','gu101','Wallas','Zupo','M','38','wzupo54@cbsnews.com','2006-11-22 05:23:58','0468510927');
insert into `archer` values ('A186','uwa101','Greg','Gilbard','M','61','ggilbard55@indiatimes.com','2008-11-11 12:02:26','0413505886');
insert into `archer` values ('A187','un101','Emmett','Pinkett','M','29','epinkett56@microsoft.com','2013-02-15 06:18:08','0485523093');
insert into `archer` values ('A188','mu101','Bennett','Kerbey','M','69','bkerbey57@house.gov','2000-03-04 06:20:39','0481756286');
insert into `archer` values ('A189','swin101','Jaimie','Camfield','M','36','jcamfield58@patch.com','2001-06-16 00:52:50','0415797057');
insert into `archer` values ('A190','cqu101','Kaylil','Prestie','F','41','kprestie59@comcast.net','2021-10-01 11:01:39','0437533586');
insert into `archer` values ('A191','usq101','Foss','Hellyar','M','78','fhellyar5a@1und1.de','2001-11-24 17:59:30','0459334445');
insert into `archer` values ('A192','cu101','Kakalina','Peachey','F','62','kpeachey5b@dyndns.org','2015-05-09 11:56:08','0480364406');
insert into `archer` values ('A193','ltu101','Sauveur','Harget','M','28','sharget5c@instagram.com','2022-07-10 04:50:31','0483459648');
insert into `archer` values ('A194','ut101','Siobhan','Sheron','F','50','ssheron5d@sogou.com','2003-11-06 00:04:28','0423503693');
insert into `archer` values ('A195','fu101','Bobbi','Earnshaw','F','75','bearnshaw5e@sphinn.com','2005-09-07 14:15:46','0443102435');
insert into `archer` values ('A196','ecu101','Eddie','Attlee','O','22','eattlee5f@noaa.gov','2001-07-28 19:25:24','0440429579');
insert into `archer` values ('A197','uw101','Sher','Corbet','F','19','scorbet5g@delicious.com','2004-02-25 15:23:45','0411416499');
insert into `archer` values ('A198','qut101','Kaylyn','Greensmith','F','21','kgreensmith5h@tinyurl.com','2014-07-24 15:31:30','0497230546');
insert into `archer` values ('A199','mu101','Jerrilyn','Cranston','O','51','jcranston5i@apple.com','2021-12-21 15:25:01','0468357810');
insert into `archer` values ('A200','usc101','Shantee','Janusik','F','14','sjanusik5j@ocn.ne.jp','2003-08-08 02:13:22','0436300005');
insert into `archer` values ('A201','fua101','Vinni','McNamee','F','56','vmcnamee5k@cbc.ca','2009-03-28 07:15:08','0447198982');
insert into `archer` values ('A202','scu101','Kip','Ingman','M','61','kingman5l@ovh.net','2004-12-19 01:23:51','0450756534');
insert into `archer` values ('A203','unda101','Charmain','Childerhouse','F','74','cchilderhouse5m@zdnet.com','2003-10-30 18:54:51','0477031539');
insert into `archer` values ('A204','mu101','Tonya','Scandred','F','11','tscandred5n@nba.com','2014-12-03 08:07:20','0416393863');
insert into `archer` values ('A205','gu101','Godart','Bogey','O','30','gbogey5o@cyberchimps.com','2022-02-02 12:58:57','0432478184');
insert into `archer` values ('A206','tua101','Carin','Dietzler','F','10','cdietzler5p@irs.gov','2000-06-30 17:40:37','0474606218');
insert into `archer` values ('A207','ecu101','Joletta','Weeden','F','79','jweeden5q@cbsnews.com','2021-12-17 19:29:24','0423451136');
insert into `archer` values ('A208','fua101','Terry','Noah','M','56','tnoah5r@examiner.com','2018-10-17 04:09:10','0448784476');
insert into `archer` values ('A209','usq101','Hubie','Halgarth','O','53','hhalgarth5s@opera.com','2021-08-06 20:39:50','0460891628');
insert into `archer` values ('A210','swin101','Marty','Kolczynski','M','59','mkolczynski5t@1und1.de','2015-07-29 03:33:02','0421663571');
insert into `archer` values ('A211','qut101','Skyler','Leng','M','74','sleng5u@google.com.hk','2015-10-27 19:36:43','0426861469');
insert into `archer` values ('A212','unsw101','Vaughn','Whatmough','M','17','vwhatmough5v@ask.com','2008-01-07 21:30:44','0419065621');
insert into `archer` values ('A213','ltu101','Gale','Gonneau','M','44','ggonneau5w@aol.com','2007-04-21 19:09:20','0433603728');
insert into `archer` values ('A214','ua101','Andre','Aberkirder','M','14','aaberkirder5x@theatlantic.com','2022-07-25 03:46:13','0440753678');
insert into `archer` values ('A215','usc101','Eward','Rushbrook','M','65','erushbrook5y@privacy.gov.au','2006-01-20 05:59:28','0441846303');
insert into `archer` values ('A216','cdu101','Constantino','Rumney','M','13','crumney5z@aol.com','2014-09-19 14:47:24','0436950847');
insert into `archer` values ('A217','rmitu101','Edna','Scamadin','F','55','escamadin60@fastcompany.com','2018-12-29 19:56:54','0470731706');
insert into `archer` values ('A218','uw101','Bing','Witchalls','M','24','bwitchalls61@kickstarter.com','2018-07-07 04:08:11','0442230047');
insert into `archer` values ('A219','uq101','Nannette','Whymark','F','42','nwhymark62@washington.edu','2021-01-17 15:41:49','0422193200');
insert into `archer` values ('A220','acu101','Prissie','Glazzard','F','51','pglazzard63@prnewswire.com','2018-03-11 10:26:04','0448727579');
insert into `archer` values ('A221','uc101','Carlin','Glennard','M','10','cglennard64@reuters.com','2022-10-31 23:50:21','0488750370');
insert into `archer` values ('A222','cqu101','Tracey','Avramovitz','F','25','tavramovitz65@psu.edu','2020-02-09 09:07:58','0486846063');
insert into `archer` values ('A223','anu101','Cariotta','McGinnis','F','46','cmcginnis66@army.mil','2001-11-23 23:04:23','0425351738');
insert into `archer` values ('A224','usa101','Fern','De-Ville','F','55','fdeville67@cmu.edu','2008-09-15 11:41:23','0410129409');
insert into `archer` values ('A225','bu101','Quincey','Moodycliffe','O','40','qmoodycliffe68@woothemes.com','2008-02-22 14:36:25','0464773238');
insert into `archer` values ('A226','unda101','Hilarius','Jelliman','M','32','hjelliman69@chron.com','2016-02-15 01:04:38','0414142243');
insert into `archer` values ('A227','cdu101','Mala','Dudliston','O','29','mdudliston6a@diigo.com','2003-12-12 03:28:19','0487087868');
insert into `archer` values ('A228','bu101','Melony','Scanlan','F','22','mscanlan6b@rambler.ru','2020-05-17 18:36:34','0499102449');
insert into `archer` values ('A229','mu101','Niccolo','Orta','M','69','norta6c@google.com.hk','2009-12-13 11:36:13','0431203017');
insert into `archer` values ('A230','un101','Etta','Le Guin','F','61','eleguin6d@theguardian.com','2018-07-23 00:22:26','0491341474');
insert into `archer` values ('A231','scu101','Washington','Pawlowicz','M','26','wpawlowicz6e@lulu.com','2012-08-23 07:42:55','0463532132');
insert into `archer` values ('A232','swin101','Cybil','Carver','F','47','ccarver6f@theatlantic.com','2008-11-19 05:46:19','0455055303');
insert into `archer` values ('A233','fua101','Lenka','Fitzroy','F','39','lfitzroy6g@blog.com','2004-02-07 13:22:40','0481908570');
insert into `archer` values ('A234','swin101','Woody','Halfhide','M','53','whalfhide6h@delicious.com','2015-04-01 07:27:13','0488974713');
insert into `archer` values ('A235','fu101','Dame','McKendry','M','25','dmckendry6i@jigsy.com','2019-05-16 18:20:25','0481545885');
insert into `archer` values ('A236','jcu101','Lauren','Ghiron','M','60','lghiron6j@ted.com','2003-03-02 02:46:04','0417902116');
insert into `archer` values ('A237','ua101','Shep','Cartwright','M','70','scartwright6k@wikimedia.org','2018-08-04 19:07:29','0476907787');
insert into `archer` values ('A238','ecu101','Aldridge','Bambridge','M','56','abambridge6l@hibu.com','2003-05-27 01:18:42','0430146762');
insert into `archer` values ('A239','ltu101','Hilly','Messenbird','M','77','hmessenbird6m@free.fr','2014-10-09 12:02:05','0499071722');
insert into `archer` values ('A240','tua101','Kameko','Luca','F','26','kluca6n@miitbeian.gov.cn','2016-05-26 08:05:17','0457864594');
insert into `archer` values ('A241','unsw101','Lorita','Rider','F','40','lrider6o@delicious.com','2000-06-22 12:44:03','0449701712');
insert into `archer` values ('A242','uwa101','Grannie','de Voiels','M','59','gdevoiels6p@twitpic.com','2004-01-19 10:28:38','0414456546');
insert into `archer` values ('A243','uq101','Alena','Teall','F','9','ateall6q@adobe.com','2009-02-03 20:20:35','0425259994');
insert into `archer` values ('A244','cqu101','Selestina','Landre','O','49','slandre6r@squidoo.com','2021-01-07 23:59:17','0424554486');
insert into `archer` values ('A245','mu101','Moss','Mager','M','30','mmager6s@who.int','2021-08-08 14:12:26','0436317193');
insert into `archer` values ('A246','acu101','Emmanuel','Ost','M','78','eost6t@prlog.org','2016-03-19 11:07:15','0493036427');
insert into `archer` values ('A247','csu101','Gunilla','Joye','F','12','gjoye6u@amazon.co.jp','2013-11-02 08:09:45','0456378658');
insert into `archer` values ('A248','une101','Binnie','Farrar','F','20','bfarrar6v@ameblo.jp','2018-11-15 05:46:27','0412818094');
insert into `archer` values ('A249','vu101','Kimmi','Downing','F','47','kdowning6w@ibm.com','2016-07-19 14:11:11','0499393614');
insert into `archer` values ('A250','anu101','Lefty','Matias','M','50','lmatias6x@yellowbook.com','2017-05-26 00:24:45','0465579935');
insert into `archer` values ('A251','vu101','Marylynne','O''Hoolahan','F','62','mohoolahan6y@reverbnation.com','2015-11-20 01:22:18','0464465951');
insert into `archer` values ('A252','tua101','Bill','Baldelli','M','20','bbaldelli6z@ning.com','2009-08-25 23:14:55','0472017197');
insert into `archer` values ('A253','ltu101','Silvio','Belsham','M','65','sbelsham70@php.net','2007-09-15 04:50:08','0496462049');
insert into `archer` values ('A254','us101','Rosina','Gresty','F','15','rgresty71@oracle.com','2007-08-23 16:35:53','0488437546');
insert into `archer` values ('A255','cmu101','Flss','Blaylock','F','27','fblaylock72@sbwire.com','2016-01-17 19:45:06','0433948470');
insert into `archer` values ('A256','uc101','Ronalda','Grumley','F','52','rgrumley73@nature.com','2001-03-02 16:22:14','0420807978');
insert into `archer` values ('A257','une101','Vin','Doidge','F','54','vdoidge74@moonfruit.com','2008-12-08 10:24:39','0478705668');
insert into `archer` values ('A258','jcu101','Marco','Pridgeon','M','32','mpridgeon75@cyberchimps.com','2011-04-10 07:35:24','0454449762');
insert into `archer` values ('A259','ut101','Malena','Jirka','F','31','mjirka76@rakuten.co.jp','2010-08-03 21:39:58','0498021267');
insert into `archer` values ('A260','scu101','Ilysa','Tutsell','F','37','itutsell77@cargocollective.com','2008-10-15 23:42:14','0469216158');
insert into `archer` values ('A261','ecu101','Tildie','Lunge','F','75','tlunge78@umn.edu','2021-10-20 06:26:47','0435287898');
insert into `archer` values ('A262','cdu101','Terrel','Fleury','M','53','tfleury79@un.org','2009-06-09 01:40:18','0469850590');
insert into `archer` values ('A263','uw101','Humfrey','Larkby','M','64','hlarkby7a@mediafire.com','2020-10-13 14:55:57','0476835906');
insert into `archer` values ('A264','csu101','Damon','Kinnock','M','73','dkinnock7b@cbslocal.com','2005-08-04 21:21:24','0497602341');
insert into `archer` values ('A265','um101','Lance','Geindre','M','18','lgeindre7c@sourceforge.net','2007-01-31 04:35:49','0440671791');
insert into `archer` values ('A266','swin101','Roxi','Aspinwall','F','68','raspinwall7d@ebay.co.uk','2013-07-01 13:48:28','0465754259');
insert into `archer` values ('A267','uq101','Graeme','Wichard','M','78','gwichard7e@bizjournals.com','2009-10-28 23:51:25','0416630179');
insert into `archer` values ('A268','gu101','Terry','Sheivels','M','55','tsheivels7f@latimes.com','2015-02-10 09:58:03','0440394034');
insert into `archer` values ('A269','uwa101','Daven','Bollans','M','57','dbollans7g@mozilla.org','2018-06-30 15:16:57','0418274710');
insert into `archer` values ('A270','usa101','Yale','Blomfield','M','44','yblomfield7h@ucsd.edu','2021-08-28 17:03:56','0497221002');
insert into `archer` values ('A271','cqu101','Teodorico','Garley','M','78','tgarley7i@nsw.gov.au','2020-06-13 19:02:57','0474023782');
insert into `archer` values ('A272','acu101','Padraic','Jordi','M','80','pjordi7j@hc360.com','2009-08-28 01:56:47','0470304458');
insert into `archer` values ('A273','anu101','Carolyne','Lecordier','F','38','clecordier7k@sina.com.cn','2013-08-30 18:09:31','0460107493');
insert into `archer` values ('A274','du101','Madella','Cockling','F','67','mcockling7l@ocn.ne.jp','2018-11-02 10:56:48','0497701990');
insert into `archer` values ('A275','unda101','Alameda','Cunniam','F','23','acunniam7m@diigo.com','2021-03-02 03:24:21','0421406932');
insert into `archer` values ('A276','swin101','Kellie','Loughead','F','20','kloughead7n@samsung.com','2003-04-05 11:19:42','0480241767');
insert into `archer` values ('A277','tua101','Alikee','Santacrole','F','41','asantacrole7o@photobucket.com','2010-11-28 13:03:17','0434736256');
insert into `archer` values ('A278','us101','Frannie','Perview','M','70','fperview7p@nifty.com','2019-11-10 04:28:58','0457626274');
insert into `archer` values ('A279','fua101','Tabbitha','Hanford','F','47','thanford7q@constantcontact.com','2021-09-30 15:04:50','0415577615');
insert into `archer` values ('A280','um101','Barbette','Kleisle','O','58','bkleisle7r@1688.com','2018-03-01 18:12:58','0431707614');
insert into `archer` values ('A281','uq101','Carole','Girodin','F','30','cgirodin7s@dell.com','2005-07-16 16:44:53','0429120157');
insert into `archer` values ('A282','usq101','Kristin','Burch','F','33','kburch7t@youtube.com','2016-09-26 10:33:32','0482406173');
insert into `archer` values ('A283','uw101','Vern','Leadstone','M','65','vleadstone7u@cbsnews.com','2002-06-01 22:59:12','0476486392');
insert into `archer` values ('A284','mu101','Tessy','Kinnon','F','24','tkinnon7v@ucsd.edu','2011-02-04 20:13:57','0464094736');
insert into `archer` values ('A285','mu101','Ryan','Hanwell','M','38','rhanwell7w@blogtalkradio.com','2005-04-04 13:00:51','0433921849');
insert into `archer` values ('A286','cu101','Jeanette','Eggerton','F','14','jeggerton7x@quantcast.com','2009-12-28 02:22:22','0462976326');
insert into `archer` values ('A287','unda101','Liam','Shorthill','M','16','lshorthill7y@macromedia.com','2021-12-13 03:14:17','0431783032');
insert into `archer` values ('A288','ud101','Shir','Greengrass','F','77','sgreengrass7z@eventbrite.com','2010-07-16 15:02:52','0483436146');
insert into `archer` values ('A289','usc101','Caro','Frame','F','22','cframe80@ox.ac.uk','2004-08-19 14:11:40','0422385283');
insert into `archer` values ('A290','gu101','Ardene','Gaynor','F','34','agaynor81@moonfruit.com','2015-01-05 10:28:54','0467798129');
insert into `archer` values ('A291','usa101','Barton','Fernie','M','78','bfernie82@apache.org','2011-11-01 21:23:42','0423589465');
insert into `archer` values ('A292','cmu101','Emmi','Shuttleworth','F','11','eshuttleworth83@archive.org','2007-07-05 11:42:05','0418851623');
insert into `archer` values ('A293','csu101','Rosella','Lewson','F','11','rlewson84@ucoz.ru','2017-10-13 09:21:18','0496193637');
insert into `archer` values ('A294','qut101','Diarmid','Gwilym','M','21','dgwilym85@usnews.com','2005-04-08 10:31:28','0422720200');
insert into `archer` values ('A295','jcu101','Rutledge','Cubberley','M','34','rcubberley86@businesswire.com','2011-04-15 21:23:06','0438409114');
insert into `archer` values ('A296','ut101','Darlene','Chrismas','F','49','dchrismas87@latimes.com','2007-12-09 10:16:19','0457567690');
insert into `archer` values ('A297','acu101','Nikolia','Sharple','F','15','nsharple88@dailymotion.com','2006-03-02 20:52:17','0461984887');
insert into `archer` values ('A298','swin101','Kurtis','Bennetto','M','36','kbennetto89@google.cn','2015-09-05 09:48:50','0474209921');
insert into `archer` values ('A299','bu101','Isa','Foxall','M','49','ifoxall8a@live.com','2016-12-24 17:33:58','0451880077');
insert into `archer` values ('A300','cdu101','Allx','Dreng','F','14','adreng8b@i2i.jp','2000-06-18 19:04:59','0489482194');
insert into `archer` values ('A301','un101','Danice','Schettini','F','42','dschettini8c@nih.gov','2010-11-16 12:20:43','0465625556');
insert into `archer` values ('A302','tua101','Guido','Whitlock','M','64','gwhitlock8d@imdb.com','2018-02-08 07:44:13','0454428745');
insert into `archer` values ('A303','ltu101','Terra','Alenshev','F','40','talenshev8e@ft.com','2000-07-13 20:54:00','0431217760');
insert into `archer` values ('A304','cmu101','Vladimir','Bulcock','M','36','vbulcock8f@ucoz.com','2004-10-02 18:33:18','0416241168');
insert into `archer` values ('A305','mu101','Conny','Dunne','M','44','cdunne8g@pagesperso-orange.fr','2003-07-30 04:16:26','0415945225');
insert into `archer` values ('A306','mu101','Cirilo','Doherty','M','36','cdoherty8h@illinois.edu','2004-02-26 00:14:46','0471274516');
insert into `archer` values ('A307','mu101','Cristian','Rexworthy','M','56','crexworthy8i@123-reg.co.uk','2002-12-23 16:56:38','0479137013');
insert into `archer` values ('A308','um101','Tawsha','Grimsdell','F','35','tgrimsdell8j@last.fm','2010-03-11 19:42:42','0453045845');
insert into `archer` values ('A309','usq101','Brande','Facey','F','30','bfacey8k@msu.edu','2006-04-27 00:08:39','0418725499');
insert into `archer` values ('A310','csu101','Eleanor','Tomaszczyk','F','29','etomaszczyk8l@foxnews.com','2006-09-23 10:01:23','0420760338');
insert into `archer` values ('A311','anu101','Riva','Wohlers','F','54','rwohlers8m@china.com.cn','2004-01-03 14:50:20','0454113346');
insert into `archer` values ('A312','bu101','Dulcy','Sackur','F','70','dsackur8n@cafepress.com','2000-05-26 08:04:29','0428399125');
insert into `archer` values ('A313','vu101','Barron','Francais','M','54','bfrancais8o@1und1.de','2022-06-21 18:27:01','0464788155');
insert into `archer` values ('A314','une101','Gill','Bazylets','M','63','gbazylets8p@sbwire.com','2021-05-11 11:19:19','0410082469');
insert into `archer` values ('A315','ut101','Connie','Bidewell','M','39','cbidewell8q@g.co','2004-05-25 03:08:00','0433120994');
insert into `archer` values ('A316','unsw101','Wilfrid','Perelli','M','18','wperelli8r@xrea.com','2007-12-30 06:29:36','0496256200');
insert into `archer` values ('A317','du101','Katine','Aleksic','F','78','kaleksic8s@npr.org','2011-05-12 02:02:18','0498725491');
insert into `archer` values ('A318','ua101','Raddy','Daglish','M','65','rdaglish8t@newsvine.com','2004-05-12 08:27:06','0429779225');
insert into `archer` values ('A319','wsu101','Cassaundra','Skrines','F','68','cskrines8u@blogspot.com','2005-12-13 08:01:50','0480992351');
insert into `archer` values ('A320','fu101','Petunia','Sowter','F','73','psowter8v@cafepress.com','2017-10-07 19:47:12','0499058197');
insert into `archer` values ('A321','cqu101','Allister','Lehmann','M','20','alehmann8w@goo.ne.jp','2019-04-26 09:20:03','0499536667');
insert into `archer` values ('A322','scu101','Kacy','Incogna','F','50','kincogna8x@icq.com','2009-06-03 11:12:46','0499908298');
insert into `archer` values ('A323','ud101','Alvinia','Palley','F','53','apalley8y@dmoz.org','2022-12-12 16:27:46','0491678600');
insert into `archer` values ('A324','swin101','Tiena','Clendening','F','32','tclendening8z@liveinternet.ru','2000-07-28 17:58:36','0494846288');
insert into `archer` values ('A325','acu101','Celestina','Woodhouse','F','53','cwoodhouse90@answers.com','2007-09-20 10:32:10','0441152368');
insert into `archer` values ('A326','mu101','Branden','Salvidge','O','57','bsalvidge91@typepad.com','2008-04-12 10:22:47','0411758626');
insert into `archer` values ('A327','bu101','Rakel','Faires','F','14','rfaires92@amazon.com','2018-01-09 11:04:59','0494607990');
insert into `archer` values ('A328','us101','Cecily','Sowten','F','18','csowten93@ycombinator.com','2008-02-21 06:06:27','0491373974');
insert into `archer` values ('A329','uwa101','Hillery','Appleby','M','31','happleby94@marriott.com','2015-05-09 02:29:53','0484124381');
insert into `archer` values ('A330','ud101','Erasmus','Kleszinski','M','72','ekleszinski95@myspace.com','2012-07-05 06:26:51','0411939603');
insert into `archer` values ('A331','um101','Elias','Gerrelt','M','60','egerrelt96@abc.net.au','2018-05-24 22:34:34','0431152588');
insert into `archer` values ('A332','usq101','Pate','Cotterell','M','69','pcotterell97@sbwire.com','2006-12-20 12:47:21','0418785208');
insert into `archer` values ('A333','ltu101','Alexis','MacDearmont','M','11','amacdearmont98@answers.com','2011-09-18 23:33:44','0471461553');
insert into `archer` values ('A334','gu101','Herbie','Edmonson','M','30','hedmonson99@addthis.com','2000-10-31 22:17:27','0452685766');
insert into `archer` values ('A335','ua101','Shoshanna','Leeman','F','21','sleeman9a@free.fr','2011-03-10 14:23:25','0499862204');
insert into `archer` values ('A336','uq101','Cherida','Gibbings','F','76','cgibbings9b@illinois.edu','2019-02-09 05:18:39','0468413609');
insert into `archer` values ('A337','fua101','Elbertine','Wyllcock','F','46','ewyllcock9c@apache.org','2006-08-10 11:14:25','0473103652');
insert into `archer` values ('A338','du101','Lisbeth','Harper','F','79','lharper9d@hubpages.com','2002-10-04 22:21:20','0489714100');
insert into `archer` values ('A339','anu101','Allx','Danaher','O','39','adanaher9e@arstechnica.com','2019-06-24 17:42:23','0471304046');
insert into `archer` values ('A340','jcu101','Arni','Lubomirski','M','29','alubomirski9f@ebay.co.uk','2013-07-04 20:50:03','0478543626');
insert into `archer` values ('A341','cqu101','Zita','Clemmey','F','40','zclemmey9g@sun.com','2000-08-27 06:18:18','0444931200');
insert into `archer` values ('A342','mu101','Sherye','Kemmis','F','45','skemmis9h@geocities.com','2006-08-16 20:10:51','0474002365');
insert into `archer` values ('A343','acu101','Zared','Arkell','M','10','zarkell9i@bing.com','2013-12-20 14:47:34','0415738786');
insert into `archer` values ('A344','fua101','Edithe','Le Maitre','F','76','elemaitre9j@opensource.org','2021-03-16 00:55:10','0499743866');
insert into `archer` values ('A345','mu101','Flemming','Langrish','M','38','flangrish9k@unc.edu','2020-09-02 00:18:56','0472863665');
insert into `archer` values ('A346','cdu101','Muire','Lening','O','46','mlening9l@blogger.com','2011-08-28 07:40:24','0421139029');
insert into `archer` values ('A347','uw101','Zorina','Vigrass','F','66','zvigrass9m@constantcontact.com','2018-03-04 16:44:18','0445868513');
insert into `archer` values ('A348','unsw101','Ethan','Manby','M','11','emanby9n@springer.com','2011-07-29 23:47:45','0414169791');
insert into `archer` values ('A349','un101','Raddy','Granville','M','72','rgranville9o@vkontakte.ru','2012-10-24 06:09:21','0444026311');
insert into `archer` values ('A350','fu101','Tobi','Legier','F','13','tlegier9p@etsy.com','2019-03-29 23:40:42','0413474648');
insert into `archer` values ('A351','gu101','Aundrea','MacElroy','F','51','amacelroy9q@wisc.edu','2022-08-12 00:06:11','0460113498');
insert into `archer` values ('A352','fua101','Barry','Ramalho','F','45','bramalho9r@hostgator.com','2011-01-26 11:55:45','0438680295');
insert into `archer` values ('A353','bu101','Shea','Woolacott','M','24','swoolacott9s@independent.co.uk','2002-12-04 21:45:40','0419952346');
insert into `archer` values ('A354','cdu101','Jolie','Conybear','F','68','jconybear9t@t-online.de','2007-04-09 15:12:09','0412022983');
insert into `archer` values ('A355','us101','Vilhelmina','Lambourne','F','9','vlambourne9u@nydailynews.com','2015-09-16 12:43:45','0443725047');
insert into `archer` values ('A356','anu101','Tadd','Pearce','M','33','tpearce9v@kickstarter.com','2016-03-05 11:58:46','0459139568');
insert into `archer` values ('A357','uc101','Drugi','Lavers','M','37','dlavers9w@blogs.com','2011-09-15 08:09:57','0477490053');
insert into `archer` values ('A358','mu101','Kelby','Raywood','M','35','kraywood9x@usgs.gov','2010-10-03 23:52:49','0446876265');
insert into `archer` values ('A359','usa101','Rosabella','Stewart','F','50','rstewart9y@wordpress.org','2010-09-05 15:23:00','0459776453');
insert into `archer` values ('A360','uq101','Paton','Kittiman','M','52','pkittiman9z@utexas.edu','2013-01-06 06:25:56','0452599721');
insert into `archer` values ('A361','ua101','Gusta','Dalligan','O','19','gdalligana0@mysql.com','2016-03-20 23:34:56','0417516881');
insert into `archer` values ('A362','cqu101','Meir','Topley','O','70','mtopleya1@forbes.com','2022-05-21 21:35:25','0469074817');
insert into `archer` values ('A363','jcu101','Ashlin','Dorot','M','21','adorota2@1und1.de','2016-03-06 04:39:05','0477601126');
insert into `archer` values ('A364','mu101','Aloysia','Paddison','O','11','apaddisona3@de.vu','2007-06-21 19:35:38','0493618230');
insert into `archer` values ('A365','un101','Jenn','Applegarth','F','24','japplegartha4@ocn.ne.jp','2004-10-04 19:15:07','0491493304');
insert into `archer` values ('A366','une101','Cristy','Cambden','F','50','ccambdena5@elegantthemes.com','2018-01-12 08:31:00','0450783503');
insert into `archer` values ('A367','uwa101','Elena','Fidell','F','67','efidella6@pen.io','2002-08-21 09:21:21','0418245468');
insert into `archer` values ('A368','usc101','Belvia','Halsworth','F','78','bhalswortha7@gravatar.com','2008-07-13 21:18:36','0445966686');
insert into `archer` values ('A369','du101','Jase','Braunton','M','64','jbrauntona8@sphinn.com','2000-04-17 21:44:56','0447688394');
insert into `archer` values ('A370','fu101','Selie','Hovenden','F','33','shovendena9@cnet.com','2022-09-03 17:01:47','0431469082');
insert into `archer` values ('A371','uw101','Tirrell','Devennie','M','45','tdevennieaa@irs.gov','2014-06-16 07:01:20','0496192189');
insert into `archer` values ('A372','unda101','Benedict','Phalp','M','43','bphalpab@people.com.cn','2004-12-11 06:26:27','0448901340');
insert into `archer` values ('A373','wsu101','Melisenda','Sarjent','F','34','msarjentac@omniture.com','2008-03-04 20:19:50','0457350617');
insert into `archer` values ('A374','ut101','Malcolm','Nottle','M','47','mnottlead@blogtalkradio.com','2014-04-23 20:39:15','0440080697');
insert into `archer` values ('A375','csu101','Maia','Tilliards','O','26','mtilliardsae@soundcloud.com','2003-08-18 07:04:05','0478354263');
insert into `archer` values ('A376','cmu101','Warner','Boulstridge','M','54','wboulstridgeaf@com.com','2011-03-05 15:49:05','0485309148');
insert into `archer` values ('A377','bu101','Murial','Sloane','F','79','msloaneag@blogspot.com','2021-09-30 19:32:59','0498963841');
insert into `archer` values ('A378','fu101','Phoebe','Abbe','O','30','pabbeah@tripadvisor.com','2018-03-31 02:35:27','0455022606');
insert into `archer` values ('A379','uwa101','Cati','Asple','F','63','caspleai@ezinearticles.com','2018-10-29 20:39:14','0419974063');
insert into `archer` values ('A380','unda101','Ailene','Higgonet','F','62','ahiggonetaj@google.nl','2015-02-21 16:39:42','0421566473');
insert into `archer` values ('A381','uq101','Meyer','Schneidau','M','56','mschneidauak@tuttocitta.it','2021-11-20 14:17:09','0459743743');
insert into `archer` values ('A382','du101','Filippo','Britee','M','62','fbriteeal@bing.com','2014-07-01 15:55:04','0469109774');
insert into `archer` values ('A383','usa101','Sella','Hacon','F','43','shaconam@google.cn','2014-12-07 05:00:17','0454252490');
insert into `archer` values ('A384','unsw101','Joelle','Dashwood','F','34','jdashwoodan@psu.edu','2020-05-12 13:47:30','0430968879');
insert into `archer` values ('A385','acu101','Etta','Gontier','F','17','egontierao@bloomberg.com','2003-05-07 07:24:53','0473273731');
insert into `archer` values ('A386','ud101','Ardath','O''Moylane','F','41','aomoylaneap@google.es','2015-03-19 09:59:29','0469218887');
insert into `archer` values ('A387','ltu101','Sonny','Sorey','F','53','ssoreyaq@patch.com','2006-09-23 18:09:56','0490585099');
insert into `archer` values ('A388','uw101','Liliane','Ditty','F','73','ldittyar@macromedia.com','2009-12-24 16:10:49','0457920122');
insert into `archer` values ('A389','fua101','Eloisa','Thurner','F','78','ethurneras@cnbc.com','2015-03-23 03:35:21','0414026178');
insert into `archer` values ('A390','une101','Netty','Bultitude','F','59','nbultitudeat@guardian.co.uk','2019-09-30 21:09:48','0481549401');
insert into `archer` values ('A391','mu101','Jolene','Silcock','F','56','jsilcockau@craigslist.org','2017-08-29 00:15:37','0423633783');
insert into `archer` values ('A392','cqu101','Eden','Thornton-Dewhirst','F','75','ethorntondewhirstav@nytimes.com','2007-06-08 10:59:59','0412720237');
insert into `archer` values ('A393','wsu101','Thebault','Spinozzi','M','61','tspinozziaw@ox.ac.uk','2007-01-04 22:45:37','0435474118');
insert into `archer` values ('A394','swin101','Kristin','Gillham','F','29','kgillhamax@cnet.com','2014-07-09 00:22:50','0465861034');
insert into `archer` values ('A395','tua101','Magnum','Raigatt','M','48','mraigattay@canalblog.com','2010-03-03 22:15:02','0412991779');
insert into `archer` values ('A396','un101','Marga','Longdon','F','48','mlongdonaz@moonfruit.com','2001-05-07 14:11:30','0493546785');
insert into `archer` values ('A397','ua101','Verine','Tolomio','F','20','vtolomiob0@baidu.com','2005-12-11 01:28:54','0468447894');
insert into `archer` values ('A398','usc101','Sylvia','Boniface','F','12','sbonifaceb1@booking.com','2015-11-24 19:21:05','0494847051');
insert into `archer` values ('A399','scu101','Devi','Moores','F','21','dmooresb2@intel.com','2020-12-13 20:41:57','0464927515');
insert into `archer` values ('A400','uc101','Alleyn','Whapples','O','75','awhapplesb3@yelp.com','2017-08-23 05:47:54','0495161545');
insert into `archer` values ('A401','ud101','Erek','Schruyer','M','76','eschruyerb4@parallels.com','2011-04-19 16:41:34','0486783133');
insert into `archer` values ('A402','mu101','Cori','Pentland','F','41','cpentlandb5@chronoengine.com','2004-09-15 11:11:47','0450829918');
insert into `archer` values ('A403','cmu101','Merissa','Ryles','F','52','mrylesb6@t.co','2009-04-14 13:04:06','0429025161');
insert into `archer` values ('A404','usc101','Sileas','Hyman','F','40','shymanb7@pagesperso-orange.fr','2016-02-29 15:12:02','0474751720');
insert into `archer` values ('A405','gu101','Gael','Martonfi','F','32','gmartonfib8@narod.ru','2009-08-28 16:23:25','0488726363');
insert into `archer` values ('A406','fua101','Heinrick','Filippo','O','41','hfilippob9@etsy.com','2013-06-01 08:09:52','0418298203');
insert into `archer` values ('A407','fua101','Wilden','Ionesco','M','22','wionescoba@netvibes.com','2016-04-15 12:18:35','0470237310');
insert into `archer` values ('A408','usq101','Ulberto','Siveyer','M','35','usiveyerbb@netlog.com','2000-03-10 13:34:36','0488516015');
insert into `archer` values ('A409','jcu101','Gardie','Egleton','M','51','gegletonbc@phpbb.com','2005-01-15 03:53:49','0418393763');
insert into `archer` values ('A410','une101','Sherlocke','Cheetam','M','42','scheetambd@furl.net','2000-11-29 21:42:15','0450435578');
insert into `archer` values ('A411','csu101','Perkin','Mesias','M','37','pmesiasbe@storify.com','2007-03-15 04:46:26','0481117670');
insert into `archer` values ('A412','bu101','Shanie','Lysaght','F','38','slysaghtbf@fastcompany.com','2018-01-02 21:57:36','0471259157');
insert into `archer` values ('A413','scu101','Liza','Furlonge','O','36','lfurlongebg@angelfire.com','2012-09-27 18:12:09','0468995193');
insert into `archer` values ('A414','fu101','Wileen','Rablen','F','44','wrablenbh@alexa.com','2014-02-06 01:54:36','0483200539');
insert into `archer` values ('A415','ecu101','Ardelle','Biaggioni','F','12','abiaggionibi@ow.ly','2012-10-28 12:29:44','0472083181');
insert into `archer` values ('A416','uq101','Meade','Coytes','F','50','mcoytesbj@answers.com','2015-05-01 08:38:46','0495783320');
insert into `archer` values ('A417','anu101','Randi','Yeowell','M','58','ryeowellbk@ning.com','2002-05-30 01:12:02','0421456409');
insert into `archer` values ('A418','du101','Richmound','Pury','M','67','rpurybl@facebook.com','2019-06-28 19:02:07','0431879925');
insert into `archer` values ('A419','wsu101','Lydia','Pilger','F','43','lpilgerbm@bloglines.com','2022-12-17 20:11:34','0445530188');
insert into `archer` values ('A420','vu101','Granthem','Wulfinger','M','33','gwulfingerbn@prnewswire.com','2008-10-15 05:08:58','0453359190');
insert into `archer` values ('A421','rmitu101','Kenton','Capaldi','M','66','kcapaldibo@mayoclinic.com','2011-08-30 15:12:54','0477250394');
insert into `archer` values ('A422','ut101','Demott','Gratton','M','59','dgrattonbp@flavors.me','2013-07-10 21:46:22','0450029980');
insert into `archer` values ('A423','un101','Humfrey','Whitwood','M','25','hwhitwoodbq@flavors.me','2018-03-30 02:01:38','0415055479');
insert into `archer` values ('A424','mu101','Gusella','Kolak','F','62','gkolakbr@boston.com','2009-12-31 07:39:34','0420097946');
insert into `archer` values ('A425','cqu101','Enrika','Mosedall','F','37','emosedallbs@networkadvertising.org','2020-09-06 05:18:55','0486136295');
insert into `archer` values ('A426','wsu101','Jillian','Millwater','O','64','jmillwaterbt@europa.eu','2017-04-09 19:28:33','0476745469');
insert into `archer` values ('A427','qut101','Euell','felip','O','26','efelipbu@ifeng.com','2005-04-27 18:45:58','0430272328');
insert into `archer` values ('A428','vu101','Ariel','Dyas','M','75','adyasbv@google.com.hk','2007-09-12 01:01:50','0472933008');
insert into `archer` values ('A429','ecu101','Laney','Mulliss','O','13','lmullissbw@skyrock.com','2014-10-02 21:08:45','0414776170');
insert into `archer` values ('A430','uc101','Barbra','Glazzard','F','21','bglazzardbx@hubpages.com','2003-05-16 01:34:50','0450943722');
insert into `archer` values ('A431','scu101','Codi','Blesing','O','9','cblesingby@jugem.jp','2016-04-07 13:55:03','0414989202');
insert into `archer` values ('A432','cu101','Ursulina','Braferton','F','36','ubrafertonbz@si.edu','2020-09-14 08:06:54','0498001016');
insert into `archer` values ('A433','uw101','Brinn','Kiebes','O','46','bkiebesc0@mysql.com','2017-08-21 15:03:19','0483637993');
insert into `archer` values ('A434','une101','Blondell','Eyeington','O','30','beyeingtonc1@statcounter.com','2007-09-17 03:45:49','0431773092');
insert into `archer` values ('A435','jcu101','Clark','Mayou','M','58','cmayouc2@earthlink.net','2002-03-27 13:44:31','0423580343');
insert into `archer` values ('A436','uwa101','Richart','Brockman','M','39','rbrockmanc3@unblog.fr','2021-09-15 21:53:54','0443111973');
insert into `archer` values ('A437','ut101','Ogden','McGeechan','M','14','omcgeechanc4@google.de','2007-03-22 23:12:51','0420156191');
insert into `archer` values ('A438','acu101','Claudianus','Peasnone','M','51','cpeasnonec5@arstechnica.com','2011-07-29 20:44:48','0451073633');
insert into `archer` values ('A439','fu101','Adi','Hilley','F','67','ahilleyc6@php.net','2015-03-09 11:32:29','0422917605');
insert into `archer` values ('A440','un101','Margeaux','Ellesworth','F','67','mellesworthc7@nyu.edu','2008-01-19 11:26:16','0468904597');
insert into `archer` values ('A441','us101','Della','Pigne','F','18','dpignec8@illinois.edu','2005-02-21 13:24:48','0421643873');
insert into `archer` values ('A442','ltu101','Jacinta','Wrennall','F','43','jwrennallc9@freewebs.com','2018-08-28 06:53:54','0433982575');
insert into `archer` values ('A443','mu101','Olly','Stiller','M','18','ostillerca@arstechnica.com','2000-11-29 15:00:36','0467867895');
insert into `archer` values ('A444','swin101','Micky','Armor','O','35','marmorcb@google.nl','2008-09-06 00:36:07','0422153549');
insert into `archer` values ('A445','usa101','Talya','Eddies','F','73','teddiescc@ucla.edu','2005-04-26 06:27:34','0430808467');
insert into `archer` values ('A446','cdu101','Sigfrid','Moakes','M','23','smoakescd@vk.com','2019-10-08 00:02:33','0482982089');
insert into `archer` values ('A447','mu101','Denny','Fiddy','M','77','dfiddyce@miitbeian.gov.cn','2011-10-26 04:44:16','0467698720');
insert into `archer` values ('A448','ua101','Ethelind','Rickaby','F','48','erickabycf@youku.com','2007-09-19 10:39:45','0490440618');
insert into `archer` values ('A449','gu101','Mendel','Skures','M','48','mskurescg@yellowbook.com','2007-09-17 14:23:39','0490448184');
insert into `archer` values ('A450','usc101','Felita','Kendrick','F','64','fkendrickch@biglobe.ne.jp','2012-11-20 14:12:39','0432708425');
insert into `archer` values ('A451','unsw101','Ashby','Stert','M','35','astertci@photobucket.com','2001-04-10 19:56:53','0413688874');
insert into `archer` values ('A452','ut101','Farly','Dorn','M','20','fdorncj@163.com','2008-02-25 07:24:42','0450034085');
insert into `archer` values ('A453','gu101','Omar','Petken','M','14','opetkenck@yellowpages.com','2015-01-04 19:05:46','0453708204');
insert into `archer` values ('A454','bu101','Dennet','Claughton','M','37','dclaughtoncl@bandcamp.com','2006-09-04 01:31:35','0496305588');
insert into `archer` values ('A455','mu101','Emanuel','Drewry','M','47','edrewrycm@bravesites.com','2010-01-07 08:53:21','0462033388');
insert into `archer` values ('A456','jcu101','Lorelei','Seabrocke','F','36','lseabrockecn@nhs.uk','2019-08-28 01:05:30','0417211985');
insert into `archer` values ('A457','un101','Yetty','Mold','F','38','ymoldco@sina.com.cn','2013-07-10 13:42:54','0458150705');
insert into `archer` values ('A458','uwa101','Antonietta','Azam','F','50','aazamcp@sina.com.cn','2010-04-14 14:38:49','0441474158');
insert into `archer` values ('A459','scu101','Terencio','California','M','49','tcaliforniacq@usa.gov','2012-11-27 19:05:02','0432869842');
insert into `archer` values ('A460','vu101','Kala','Wrate','F','44','kwratecr@sina.com.cn','2016-11-23 20:37:01','0412303270');
insert into `archer` values ('A461','unda101','Roxanne','Hornbuckle','O','78','rhornbucklecs@home.pl','2008-08-24 06:46:41','0468691666');
insert into `archer` values ('A462','mu101','Hewitt','Augustus','M','41','haugustusct@chronoengine.com','2011-10-08 02:46:42','0429788536');
insert into `archer` values ('A463','us101','Corby','Maving','M','78','cmavingcu@tuttocitta.it','2003-06-22 01:25:10','0477919274');
insert into `archer` values ('A464','mu101','Dacie','MacKowle','F','73','dmackowlecv@multiply.com','2001-06-13 07:14:48','0497972943');
insert into `archer` values ('A465','qut101','Nert','McNysche','F','44','nmcnyschecw@mysql.com','2000-01-03 04:28:18','0494277763');
insert into `archer` values ('A466','usc101','Guido','Elstob','O','80','gelstobcx@exblog.jp','2016-12-27 03:05:03','0445186297');
insert into `archer` values ('A467','cqu101','Kelsy','Lowes','F','9','klowescy@elpais.com','2020-06-26 20:20:31','0416513293');
insert into `archer` values ('A468','ua101','Petronella','Skamal','F','53','pskamalcz@rambler.ru','2018-08-08 02:49:08','0476850895');
insert into `archer` values ('A469','acu101','Esmeralda','Bromwich','F','44','ebromwichd0@bravesites.com','2013-03-05 21:35:20','0438282839');
insert into `archer` values ('A470','swin101','Muffin','Kinchin','O','41','mkinchind1@wordpress.com','2007-09-17 16:38:33','0457397476');
insert into `archer` values ('A471','uq101','Moria','Caghy','F','43','mcaghyd2@wikimedia.org','2019-05-30 04:56:31','0448730377');
insert into `archer` values ('A472','fua101','Felicdad','Hooke','F','29','fhooked3@technorati.com','2000-07-26 04:30:28','0454162386');
insert into `archer` values ('A473','cu101','Wanids','Anthoney','F','17','wanthoneyd4@abc.net.au','2003-04-18 05:05:25','0480936117');
insert into `archer` values ('A474','wsu101','Karim','Cominello','O','51','kcominellod5@networkadvertising.org','2000-07-23 14:21:23','0457638853');
insert into `archer` values ('A475','cdu101','Cassey','Choldcroft','F','21','ccholdcroftd6@imgur.com','2019-02-01 07:05:43','0488408956');
insert into `archer` values ('A476','ud101','Xavier','Noto','M','24','xnotod7@amazon.co.jp','2014-02-10 14:28:35','0422969477');
insert into `archer` values ('A477','unsw101','Johnathon','Lodeke','M','54','jlodeked8@sakura.ne.jp','2007-04-11 03:13:30','0411304134');
insert into `archer` values ('A478','bu101','Gav','Steddall','M','34','gsteddalld9@earthlink.net','2009-08-24 13:16:43','0445360852');
insert into `archer` values ('A479','usc101','Garv','Whiteland','M','49','gwhitelandda@google.com.hk','2018-05-18 08:23:47','0492872349');
insert into `archer` values ('A480','tua101','Malena','Durnan','F','59','mdurnandb@moonfruit.com','2014-06-28 19:32:48','0434238714');
insert into `archer` values ('A481','usa101','Sol','Satyford','M','49','ssatyforddc@java.com','2004-10-06 10:45:36','0463886521');
insert into `archer` values ('A482','mu101','Vonni','Edelman','F','52','vedelmandd@smugmug.com','2000-02-12 16:25:38','0478418993');
insert into `archer` values ('A483','qut101','Roch','Bagniuk','F','71','rbagniukde@howstuffworks.com','2015-10-22 14:37:46','0433702959');
insert into `archer` values ('A484','csu101','Mignonne','Esposi','O','72','mesposidf@dell.com','2009-06-20 05:25:53','0411329421');
insert into `archer` values ('A485','fua101','Tiler','Babber','M','60','tbabberdg@independent.co.uk','2008-09-08 22:08:17','0422788302');
insert into `archer` values ('A486','ltu101','Hilary','Alaway','F','47','halawaydh@scientificamerican.com','2017-06-27 13:12:28','0497708327');
insert into `archer` values ('A487','cqu101','Bennie','Bilney','M','38','bbilneydi@youku.com','2000-08-31 07:54:56','0412073550');
insert into `archer` values ('A488','fu101','Shalna','McNish','F','37','smcnishdj@japanpost.jp','2016-09-15 19:29:43','0468397891');
insert into `archer` values ('A489','swin101','Tucker','Angear','M','37','tangeardk@statcounter.com','2012-03-26 20:13:16','0467225581');
insert into `archer` values ('A490','anu101','Rosalinde','Giraldon','F','41','rgiraldondl@ezinearticles.com','2012-05-26 21:20:08','0470392092');
insert into `archer` values ('A491','wsu101','Parrnell','Dunkley','O','15','pdunkleydm@google.com.au','2011-12-11 23:43:22','0472616255');
insert into `archer` values ('A492','uw101','Orelle','Abbatt','F','44','oabbattdn@epa.gov','2001-11-28 07:13:34','0415197196');
insert into `archer` values ('A493','rmitu101','Rickert','Lubman','M','79','rlubmando@i2i.jp','2012-01-20 00:46:32','0475548170');
insert into `archer` values ('A494','ut101','Joyann','Kiely','F','13','jkielydp@addtoany.com','2017-03-04 16:05:27','0436597513');
insert into `archer` values ('A495','une101','Ossie','Morando','O','53','omorandodq@infoseek.co.jp','2004-01-07 11:19:42','0444586314');
insert into `archer` values ('A496','gu101','Rubetta','Rubrow','O','35','rrubrowdr@wikispaces.com','2020-07-23 21:19:17','0452674374');
insert into `archer` values ('A497','us101','Sibylle','Gonnel','F','55','sgonnelds@e-recht24.de','2013-11-04 03:31:27','0477077150');
insert into `archer` values ('A498','acu101','Rebekkah','Vardon','F','36','rvardondt@wisc.edu','2015-08-15 15:54:41','0410541391');
insert into `archer` values ('A499','uc101','Fiorenze','Blazy','F','65','fblazydu@kickstarter.com','2008-08-29 12:04:49','0471220372');
insert into `archer` values ('A500','uq101','Sandor','Radwell','M','68','sradwelldv@usatoday.com','2020-04-01 22:59:37','0471220375');


insert into `championship` values ('nsw101','scu101','New South Wales','2021-03-23 06:28:43','2022-08-08 15:39:52');
insert into `championship` values ('vic102','fua101','Victoria','2021-07-18 00:40:04','2022-11-24 10:37:54');
insert into `championship` values ('qld103','cqu101','Queensland','2021-01-13 16:00:59','2022-08-22 01:56:03');
insert into `championship` values ('wa104','qut101','Western Australia','2021-02-27 19:38:17','2022-01-29 13:29:08');
insert into `championship` values ('sa105','un101','South Australia','2021-09-13 14:45:14','2022-09-04 20:28:06');
insert into `championship` values ('tas106','ltu101','Tasmania','2021-05-28 23:46:06','2022-03-11 00:19:03');
insert into `championship` values ('act107','usq101','Australian Capital Territory','2021-04-24 20:19:05','2022-02-26 16:33:49');
insert into `championship` values ('nt108','cu101','Northern Territory','2021-10-10 05:53:42','2022-05-29 00:30:06');
insert into `championship` values ('nsw109','jcu101','New South Wales','2021-06-12 22:47:21','2022-04-16 13:48:00');
insert into `championship` values ('vic110','uq101','Victoria','2021-04-03 12:30:04','2022-07-22 00:15:12');
insert into `championship` values ('qld111','ud101','Queensland','2021-11-26 09:01:41','2022-02-12 09:05:38');
insert into `championship` values ('wa112','uq101','Western Australia','2021-03-13 04:32:40','2022-08-04 09:36:36');
insert into `championship` values ('sa113','cqu101','South Australia','2021-01-05 22:01:00','2022-06-09 03:05:31');
insert into `championship` values ('tas114','gu101','Tasmania','2021-08-08 19:02:27','2022-03-18 23:08:46');
insert into `championship` values ('act115','uwa101','Australian Capital Territory','2021-07-25 22:27:33','2022-10-02 10:17:48');
insert into `championship` values ('nt116','du101','Northern Territory','2021-03-29 12:34:33','2022-05-15 07:33:08');
insert into `championship` values ('nsw117','swin101','New South Wales','2021-06-20 08:53:24','2022-01-30 20:33:37');
insert into `championship` values ('vic118','du101','Victoria','2021-06-06 11:08:15','2022-11-24 01:34:48');
insert into `championship` values ('qld119','um101','Queensland','2021-12-06 01:44:29','2022-02-16 03:56:14');
insert into `championship` values ('wa120','uw101','Western Australia','2021-12-08 18:30:34','2022-02-25 03:23:15');
insert into `championship` values ('sa121','ud101','South Australia','2021-03-24 02:47:26','2022-11-27 06:22:32');
insert into `championship` values ('tas122','acu101','Tasmania','2021-06-26 12:43:19','2022-04-05 13:10:17');
insert into `championship` values ('act123','qut101','Australian Capital Territory','2021-09-20 03:06:58','2022-05-12 05:21:39');
insert into `championship` values ('nt124','scu101','Northern Territory','2021-10-06 03:47:57','2022-11-29 21:49:06');
insert into `championship` values ('nsw125','cmu101','New South Wales','2021-05-21 10:40:25','2022-08-03 08:46:16');
insert into `championship` values ('vic126','fua101','Victoria','2021-09-24 11:33:11','2022-01-29 10:32:09');
insert into `championship` values ('qld127','usc101','Queensland','2021-05-04 15:17:59','2022-07-03 23:26:57');
insert into `championship` values ('wa128','vu101','Western Australia','2021-12-18 21:54:25','2022-12-06 07:45:31');
insert into `championship` values ('sa129','unda101','South Australia','2021-05-25 03:12:37','2022-09-29 02:38:25');
insert into `championship` values ('tas130','ut101','Tasmania','2021-10-07 23:37:52','2022-06-29 07:56:01');
insert into `championship` values ('act131','ua101','Australian Capital Territory','2021-12-24 14:32:35','2022-09-27 00:36:03');
insert into `championship` values ('nt132','une101','Northern Territory','2021-07-14 02:51:26','2022-03-12 23:12:46');
insert into `championship` values ('nsw133','rmitu101','New South Wales','2021-08-25 09:10:22','2022-11-13 14:29:37');
insert into `championship` values ('vic134','ua101','Victoria','2021-08-16 02:40:42','2022-08-28 19:46:22');
insert into `championship` values ('qld135','uc101','Queensland','2021-10-25 05:57:01','2022-05-14 09:55:14');
insert into `championship` values ('wa136','fua101','Western Australia','2021-05-19 10:38:45','2022-05-20 12:44:43');
insert into `championship` values ('sa137','usc101','South Australia','2021-01-05 17:49:38','2022-08-16 07:34:37');
insert into `championship` values ('tas138','mu101','Tasmania','2021-03-17 17:13:18','2022-05-25 06:42:17');
insert into `championship` values ('act139','une101','Australian Capital Territory','2021-01-28 03:28:13','2022-03-10 07:27:50');
insert into `championship` values ('nt140','unsw101','Northern Territory','2021-12-21 10:43:59','2022-03-30 21:43:38');


insert into `competition` values ('AA50','2021-11-06 05:31:23','tas114','anu101','cat023','Bunbury Archery Park');
insert into `competition` values ('AA50','2022-01-01 03:19:13','nsw101','uc101','cat031','Geelong Archery Field');
insert into `competition` values ('WA60','2022-07-05 01:47:29','act107','uq101','cat033','Burnie-Devonport Archery Field');
insert into `competition` values ('WA90','2023-04-16 12:05:50','vic118','ecu101','cat010','Mackay Archery Field');
insert into `competition` values ('AA50','2021-06-09 02:23:35','nsw133','cmu101','cat054','Dubbo Archery Park');
insert into `competition` values ('WA90','2022-06-29 08:37:23','nt108','csu101','cat055','Kalgoorlie-Boulder Archery Field');
insert into `competition` values ('AA40','2023-05-21 11:27:46','act115','us101','cat034','Canberra Archery Field');
insert into `competition` values ('WA70','2021-03-24 00:05:45','vic126','bu101','cat017','Traralgon Archery Park');
insert into `competition` values ('WA60','2021-01-18 06:12:55','nt140','swin101','cat012','Shepparton-Mooroopna Archery Field');
insert into `competition` values ('AA40','2021-05-21 15:10:11','tas122','swin101','cat039','Bendigo Archery Centre');
insert into `competition` values ('WA90','2022-06-12 08:33:24','qld103','une101','cat014','Sunshine Coast Archery Field');
insert into `competition` values ('WA60','2021-11-02 00:40:30','tas122','scu101','cat013','Burnie-Devonport Archery Park');
insert into `competition` values ('AA50','2022-09-12 21:54:05','nt140','fua101','cat038','Mildura Archery Field');
insert into `competition` values ('WA60','2023-03-03 18:46:47','wa128','rmitu101','cat048','Perth Archery Field');
insert into `competition` values ('AA50','2021-07-20 17:41:25','tas114','uw101','cat003','Wagga Wagga Archery Park');
insert into `competition` values ('AA50','2021-02-08 14:31:00','qld135','mu101','cat054','Mackay Archery Field');
insert into `competition` values ('WA90','2023-04-01 00:20:00','wa136','wsu101','cat046','Launceston Archery Park');
insert into `competition` values ('WA70','2022-08-04 11:33:07','act123','acu101','cat006','Hervey Bay Archery Centre');
insert into `competition` values ('WA60','2021-12-30 05:49:50','nt124','unsw101','cat007','Burnie-Devonport Archery Field');
insert into `competition` values ('AA50','2021-02-19 16:27:51','sa121','us101','cat056','Albury-Wodonga Archery Centre');
insert into `competition` values ('WA70','2022-11-29 14:08:54','sa105','ltu101','cat035','Traralgon Archery Park');
insert into `competition` values ('WA90','2023-06-11 14:53:57','wa120','us101','cat015','Bathurst Archery Field');
insert into `competition` values ('WA60','2021-10-20 15:47:59','nsw133','tua101','cat028','Bathurst Archery Centre');
insert into `competition` values ('WA90','2021-05-20 01:16:19','nt124','usa101','cat027','Rockhampton Archery Centre');
insert into `competition` values ('AA40','2022-08-08 14:51:31','nsw117','du101','cat002','Rockhampton Archery Centre');
insert into `competition` values ('WA90','2022-06-27 04:03:20','wa112','mu101','cat022','Gladstone Archery Park');
insert into `competition` values ('WA90','2022-01-18 13:45:28','nt140','ua101','cat010','Newcastle Archery Centre');
insert into `competition` values ('AA50','2023-02-23 16:42:01','act123','cmu101','cat031','Bunbury Archery Field');
insert into `competition` values ('WA60','2023-06-19 16:41:01','wa128','uq101','cat037','Gold Coast Archery Park');
insert into `competition` values ('WA60','2022-03-06 11:49:45','act107','vu101','cat019','Cairns Archery Centre');
insert into `competition` values ('WA90','2023-02-28 12:25:30','nt124','uc101','cat042','Orange Archery Field');
insert into `competition` values ('AA40','2022-10-02 18:22:35','sa137','swin101','cat041','Brisbane Archery Field');
insert into `competition` values ('AA50','2022-10-06 03:04:39','vic134','usa101','cat036','Maryborough Archery Centre');
insert into `competition` values ('WA70','2021-04-12 19:31:05','wa112','fua101','cat027','Bundaberg Archery Centre');
insert into `competition` values ('WA70','2022-03-16 23:37:55','sa105','mu101','cat023','Bendigo Archery Field');
insert into `competition` values ('WA90','2022-09-28 06:57:41','wa136','cmu101','cat025','Rockhampton Archery Centre');
insert into `competition` values ('AA50','2022-04-20 15:49:01','tas114','swin101','cat013','Kwinana Archery Centre');
insert into `competition` values ('AA40','2022-03-31 11:20:28','nt140','us101','cat047','Kwinana Archery Centre');
insert into `competition` values ('WA90','2022-03-23 19:57:13','nt108','fua101','cat019','Mackay Archery Field');
insert into `competition` values ('AA50','2023-02-07 13:49:20','vic126','rmitu101','cat007','Bunbury Archery Centre');
insert into `competition` values ('AA40','2021-09-21 01:46:44','nsw125','rmitu101','cat030','Hobart Archery Field');
insert into `competition` values ('WA60','2022-12-22 03:41:18','vic126','gu101','cat043','Kalgoorlie-Boulder Archery Centre');
insert into `competition` values ('WA70','2021-02-03 23:50:03','qld111','mu101','cat051','Mackay Archery Park');
insert into `competition` values ('AA40','2021-03-03 14:03:33','wa120','usa101','cat052','Brisbane Archery Field');
insert into `competition` values ('AA40','2022-11-26 19:54:21','sa113','vu101','cat021','Whyalla Archery Park');
insert into `competition` values ('AA40','2022-09-13 23:25:09','qld127','mu101','cat011','Mildura Archery Park');
insert into `competition` values ('WA60','2022-05-22 08:33:42','act131','ud101','cat038','Wollongong Archery Field');
insert into `competition` values ('AA40','2022-06-30 17:46:36','tas114','um101','cat028','Dubbo Archery Park');
insert into `competition` values ('AA50','2023-01-22 10:34:30','sa121','swin101','cat049','Wollongong Archery Field');
insert into `competition` values ('WA90','2021-12-21 04:53:41','tas106','acu101','cat053','Mildura Archery Field');
insert into `competition` values ('WA70','2023-04-16 04:02:26','tas106','qut101','cat041','Mount Gambier Archery Park');
insert into `competition` values ('AA40','2022-06-07 16:31:13','qld119','uwa101','cat033','Tamworth Archery Field');
insert into `competition` values ('WA70','2021-01-02 05:42:59','act131','bu101','cat002','Gold Coast Archery Field');
insert into `competition` values ('AA40','2022-05-17 05:46:22','nsw101','um101','cat013','Launceston Archery Park');
insert into `competition` values ('WA60','2021-08-24 00:04:47','act139','uc101','cat023','Cairns Archery Park');
insert into `competition` values ('WA70','2022-05-13 05:56:12','vic118','cdu101','cat020','Orange Archery Park');
insert into `competition` values ('AA50','2023-01-25 00:59:28','nsw133','swin101','cat054','Whyalla Archery Park');
insert into `competition` values ('AA50','2021-04-27 23:24:31','nsw109','un101','cat008','Wollongong Archery Field');
insert into `competition` values ('AA50','2022-07-01 14:46:08','qld127','usc101','cat004','Wollongong Archery Park');
insert into `competition` values ('AA40','2022-05-02 14:02:22','tas114','ud101','cat010','Burnie-Devonport Archery Centre');
insert into `competition` values ('AA40','2022-09-25 01:38:19','sa105','usc101','cat019','Townsville Archery Centre');
insert into `competition` values ('WA70','2022-09-24 10:09:04','nt116','swin101','cat053','Sydney Archery Field');
insert into `competition` values ('AA40','2022-11-25 07:06:51','sa121','gu101','cat029','Geraldton Archery Field');
insert into `competition` values ('AA50','2022-04-27 16:31:04','sa113','jcu101','cat026','Darwin Archery Park');
insert into `competition` values ('AA50','2023-04-27 00:37:26','vic118','uq101','cat056','Darwin Archery Park');
insert into `competition` values ('WA70','2021-10-25 12:38:54','act115','scu101','cat020','Shepparton-Mooroopna Archery Field');
insert into `competition` values ('AA50','2023-06-15 14:48:03','vic134','ud101','cat016','Darwin Archery Park');
insert into `competition` values ('AA40','2023-02-01 23:32:09','vic102','qut101','cat015','Maryborough Archery Centre');
insert into `competition` values ('AA50','2022-10-17 15:33:58','tas130','csu101','cat027','Geraldton Archery Park');
insert into `competition` values ('AA50','2022-02-11 05:33:02','wa128','rmitu101','cat030','Melbourne Archery Park');
insert into `competition` values ('WA70','2022-11-05 12:06:51','nsw109','cu101','cat036','Melbourne Archery Centre');
insert into `competition` values ('WA60','2022-04-18 22:11:04','tas122','cqu101','cat015','Wagga Wagga Archery Park');
insert into `competition` values ('WA70','2021-01-04 23:38:31','tas114','une101','cat040','Wagga Wagga Archery Field');
insert into `competition` values ('AA40','2022-02-17 09:21:36','qld135','vu101','cat034','Adelaide Archery Centre');
insert into `competition` values ('WA60','2022-05-23 12:34:51','nt124','uq101','cat009','Wollongong Archery Centre');
insert into `competition` values ('AA40','2022-02-19 08:48:40','act115','usa101','cat033','Toowoomba Archery Centre');
insert into `competition` values ('WA90','2021-12-24 20:09:49','nt132','mu101','cat024','Mildura Archery Field');
insert into `competition` values ('AA40','2021-02-28 23:15:38','act139','fu101','cat044','Launceston Archery Park');
insert into `competition` values ('AA40','2021-04-26 14:09:28','vic102','unsw101','cat042','Mackay Archery Park');
insert into `competition` values ('WA60','2021-06-13 00:52:27','nsw117','swin101','cat005','Dubbo Archery Centre');
insert into `competition` values ('WA70','2021-05-20 00:18:07','qld135','tua101','cat026','Port Macquarie Archery Centre');
insert into `competition` values ('AA50','2021-12-11 03:41:15','act107','rmitu101','cat024','Sunshine Coast Archery Park');
insert into `competition` values ('WA90','2023-02-03 11:47:39','nt140','fua101','cat019','Kwinana Archery Park');
insert into `competition` values ('WA90','2023-05-20 04:59:36','nsw109','cu101','cat005','Rockhampton Archery Centre');
insert into `competition` values ('WA60','2022-08-08 07:50:04','vic126','du101','cat017','Cairns Archery Park');
insert into `competition` values ('WA70','2023-01-12 19:43:47','tas106','un101','cat012','Gladstone Archery Centre');
insert into `competition` values ('WA70','2022-11-18 12:24:39','act131','ua101','cat043','Orange Archery Centre');
insert into `competition` values ('AA50','2022-02-23 17:57:16','sa113','uw101','cat036','Port Macquarie Archery Park');
insert into `competition` values ('WA60','2022-05-28 13:16:30','qld127','usa101','cat002','Ballarat Archery Field');
insert into `competition` values ('WA60','2021-08-17 21:34:30','nt124','une101','cat006','Rockhampton Archery Park');
insert into `competition` values ('WA60','2021-05-30 16:49:25','sa129','vu101','cat022','Hobart Archery Centre');
insert into `competition` values ('AA40','2021-06-10 07:14:59','nsw117','cu101','cat021','Bunbury Archery Park');
insert into `competition` values ('WA70','2022-05-04 11:15:29','wa104','uq101','cat023','Mildura Archery Centre');
insert into `competition` values ('WA60','2021-10-26 13:58:23','vic134','fua101','cat037','Darwin Archery Centre');
insert into `competition` values ('WA60','2021-12-25 09:53:37','nt108','swin101','cat056','Sunshine Coast Archery Park');
insert into `competition` values ('AA40','2022-01-16 04:43:37','sa113','ecu101','cat052','Gold Coast Archery Centre');
insert into `competition` values ('WA60','2021-06-19 21:06:21','sa121','fu101','cat030','Albury-Wodonga Archery Centre');
insert into `competition` values ('WA60','2022-09-13 21:22:23','wa128','ltu101','cat025','Kwinana Archery Park');
insert into `competition` values ('AA50','2021-03-06 07:25:41','qld127','acu101','cat044','Wagga Wagga Archery Centre');
insert into `competition` values ('WA90','2021-09-25 11:34:14','vic126','us101','cat027','Bathurst Archery Centre');
insert into `competition` values ('WA70','2023-03-27 02:42:50','nsw133','fua101','cat055','Wagga Wagga Archery Field');
insert into `competition` values ('AA50','2023-06-13 09:54:09','nt124','us101','cat014','Mackay Archery Park');
insert into `competition` values ('WA60','2022-02-05 08:50:49','act123','cu101','cat015','Maryborough Archery Field');
insert into `competition` values ('AA40','2022-02-16 02:46:58','qld119','wsu101','cat011','Gold Coast Archery Centre');
insert into `competition` values ('WA90','2022-01-29 23:29:53','sa105','cmu101','cat039','Kalgoorlie-Boulder Archery Park');
insert into `competition` values ('AA40','2022-02-03 15:32:27','vic102','ltu101','cat008','Hobart Archery Centre');
insert into `competition` values ('WA90','2022-01-06 13:14:41','nt140','swin101','cat013','Bundaberg Archery Centre');
insert into `competition` values ('WA60','2022-03-19 00:03:49','nsw101','uw101','cat031','Melbourne Archery Centre');
insert into `competition` values ('WA90','2022-03-09 13:07:37','qld103','uq101','cat045','Newcastle Archery Field');
insert into `competition` values ('WA70','2022-12-05 21:06:23','sa129','rmitu101','cat056','Hobart Archery Park');
insert into `competition` values ('WA70','2022-03-29 17:52:46','nsw117','anu101','cat037','Gold Coast Archery Park');
insert into `competition` values ('WA70','2023-02-09 22:55:11','nt124','csu101','cat020','Bendigo Archery Park');
insert into `competition` values ('WA60','2022-11-21 01:44:14','vic126','un101','cat022','Toowoomba Archery Park');
insert into `competition` values ('AA50','2022-06-13 01:31:03','nt140','vu101','cat025','Tamworth Archery Field');
insert into `competition` values ('WA90','2022-02-10 15:36:52','tas130','swin101','cat023','Brisbane Archery Field');
insert into `competition` values ('WA90','2022-04-04 11:42:05','act115','wsu101','cat041','Perth Archery Field');
insert into `competition` values ('AA50','2021-07-19 08:16:55','qld119','cqu101','cat007','Traralgon Archery Park');
insert into `competition` values ('WA60','2021-08-16 06:19:51','nt116','uc101','cat043','Newcastle Archery Park');
insert into `competition` values ('WA90','2023-05-03 13:04:07','nsw101','mu101','cat042','Bathurst Archery Centre');
insert into `competition` values ('WA70','2022-05-15 05:06:09','tas106','cdu101','cat054','Perth Archery Field');
insert into `competition` values ('WA70','2022-07-30 14:09:03','nsw125','du101','cat007','Whyalla Archery Park');
insert into `competition` values ('AA40','2021-07-11 04:07:57','sa105','um101','cat044','Cairns Archery Park');
insert into `competition` values ('WA90','2021-08-17 06:43:53','act115','vu101','cat022','Canberra Archery Centre');
insert into `competition` values ('AA40','2021-07-15 01:35:42','wa120','ud101','cat038','Gladstone Archery Field');
insert into `competition` values ('WA70','2023-01-19 11:01:25','wa136','qut101','cat032','Sunshine Coast Archery Field');
insert into `competition` values ('WA70','2021-10-10 12:26:46','act123','cu101','cat024','Bunbury Archery Centre');
insert into `competition` values ('WA70','2022-04-06 07:32:33','tas122','uwa101','cat014','Wollongong Archery Field');
insert into `competition` values ('AA40','2021-06-05 06:38:15','nsw133','swin101','cat005','Townsville Archery Park');
insert into `competition` values ('AA50','2022-11-18 06:47:20','vic118','fua101','cat004','Warrnambool Archery Centre');
insert into `competition` values ('WA60','2022-06-26 19:09:34','nt140','tua101','cat021','Nowra-Bomaderry Archery Park');
insert into `competition` values ('AA50','2021-08-30 12:20:37','act123','ltu101','cat031','Albury-Wodonga Archery Field');
insert into `competition` values ('WA70','2022-12-19 00:09:07','vic102','ecu101','cat034','Canberra Archery Centre');
insert into `competition` values ('WA90','2022-02-11 01:59:37','tas138','cdu101','cat028','Cairns Archery Field');
insert into `competition` values ('WA90','2021-11-06 19:09:07','nsw133','usa101','cat026','Tamworth Archery Field');
insert into `competition` values ('WA60','2023-05-31 10:06:11','sa121','cmu101','cat051','Bundaberg Archery Centre');
insert into `competition` values ('WA70','2022-06-08 22:11:30','wa112','uc101','cat016','Launceston Archery Field');
insert into `competition` values ('WA90','2021-12-15 11:23:52','qld111','du101','cat004','Bathurst Archery Park');
insert into `competition` values ('AA50','2022-01-24 02:30:58','sa105','mu101','cat029','Goulburn Archery Field');
insert into `competition` values ('WA60','2022-06-21 12:27:46','nt108','unda101','cat024','Bunbury Archery Park');
insert into `competition` values ('WA60','2021-11-11 23:41:00','wa136','ua101','cat020','Sydney Archery Park');
insert into `competition` values ('WA70','2022-09-23 10:17:33','nsw109','um101','cat056','Warrnambool Archery Field');
insert into `competition` values ('AA50','2021-11-25 17:51:51','sa105','ecu101','cat041','Adelaide Archery Park');
insert into `competition` values ('WA90','2023-05-20 19:23:29','nsw133','unsw101','cat050','Geraldton Archery Park');
insert into `competition` values ('AA40','2021-10-15 08:49:22','act123','usq101','cat047','Tamworth Archery Field');
insert into `competition` values ('WA90','2021-11-10 08:08:44','tas122','swin101','cat052','Shepparton-Mooroopna Archery Centre');
insert into `competition` values ('WA90','2021-04-05 22:06:17','nsw117','fua101','cat014','Goulburn Archery Park');
insert into `competition` values ('WA60','2021-03-14 14:49:36','vic102','wsu101','cat016','Melbourne Archery Park');
insert into `competition` values ('WA70','2023-02-07 19:28:43','vic126','qut101','cat048','Port Macquarie Archery Centre');
insert into `competition` values ('AA50','2022-04-19 02:28:47','nt140','uw101','cat054','Gold Coast Archery Centre');
insert into `competition` values ('WA60','2021-07-01 01:22:36','tas106','vu101','cat044','Maryborough Archery Centre');
insert into `competition` values ('WA60','2021-03-14 03:15:49','act139','mu101','cat006','Kwinana Archery Centre');
insert into `competition` values ('WA70','2023-03-12 04:21:17','act107','du101','cat048','Perth Archery Centre');
insert into `competition` values ('AA40','2021-04-17 19:43:56','nsw133','usc101','cat012','Goulburn Archery Park');
insert into `competition` values ('AA40','2021-02-25 04:29:28','nt108','ltu101','cat007','Mildura Archery Park');
insert into `competition` values ('AA40','2021-10-03 16:55:25','nsw125','mu101','cat025','Canberra Archery Field');
insert into `competition` values ('WA90','2021-12-24 16:46:25','vic102','uw101','cat026','Canberra Archery Centre');
insert into `competition` values ('WA60','2021-05-06 10:00:07','qld111','bu101','cat037','Dubbo Archery Field');
insert into `competition` values ('WA70','2021-08-08 17:15:55','vic110','csu101','cat055','Darwin Archery Centre');
insert into `competition` values ('AA50','2022-01-15 10:29:14','act123','cqu101','cat010','Port Macquarie Archery Park');
insert into `competition` values ('WA70','2023-06-11 15:57:30','qld127','scu101','cat021','Mount Gambier Archery Park');
insert into `competition` values ('WA70','2023-02-07 00:15:44','act131','ltu101','cat032','Cairns Archery Centre');
insert into `competition` values ('AA50','2022-11-27 00:44:34','nt140','uq101','cat029','Toowoomba Archery Field');
insert into `competition` values ('WA60','2021-09-30 10:54:06','qld127','swin101','cat016','Armidale Archery Centre');
insert into `competition` values ('AA40','2021-10-21 00:06:39','wa104','scu101','cat015','Goulburn Archery Field');
insert into `competition` values ('WA60','2022-06-17 18:26:09','qld135','uw101','cat027','Toowoomba Archery Field');
insert into `competition` values ('WA70','2021-12-04 05:15:14','tas114','anu101','cat036','Traralgon Archery Park');
insert into `competition` values ('WA70','2023-05-29 12:20:08','wa120','unsw101','cat012','Mount Gambier Archery Field');
insert into `competition` values ('WA70','2022-02-12 00:21:43','nt132','du101','cat048','Bunbury Archery Field');
insert into `competition` values ('AA40','2023-05-15 17:11:00','qld111','fu101','cat053','Maryborough Archery Field');
insert into `competition` values ('WA60','2022-10-01 15:23:51','vic134','csu101','cat011','Geelong Archery Field');
insert into `competition` values ('AA40','2021-12-26 04:39:48','nsw101','usc101','cat040','Cairns Archery Field');
insert into `competition` values ('WA70','2023-03-23 12:03:58','wa120','uw101','cat001','Maryborough Archery Centre');
insert into `competition` values ('WA90','2021-07-22 00:01:14','nsw109','mu101','cat016','Cairns Archery Park');
insert into `competition` values ('AA40','2023-02-24 19:09:43','nsw117','un101','cat042','Sydney Archery Park');
insert into `competition` values ('WA60','2023-04-14 18:54:11','sa121','fua101','cat002','Ballarat Archery Field');
insert into `competition` values ('AA40','2021-04-02 22:41:07','nt132','wsu101','cat012','Armidale Archery Centre');
insert into `competition` values ('AA50','2021-12-06 18:35:25','vic118','uq101','cat052','Dubbo Archery Field');
insert into `competition` values ('WA60','2022-08-16 17:43:59','qld111','us101','cat003','Gold Coast Archery Field');
insert into `competition` values ('WA60','2023-05-10 21:02:13','sa129','csu101','cat029','Launceston Archery Park');
insert into `competition` values ('AA40','2022-01-28 09:11:33','act139','swin101','cat022','Maryborough Archery Field');
insert into `competition` values ('AA50','2021-10-25 07:55:58','act123','du101','cat008','Newcastle Archery Park');
insert into `competition` values ('WA60','2021-07-22 08:07:01','nt124','gu101','cat046','Bendigo Archery Park');
insert into `competition` values ('WA70','2022-02-04 01:57:00','nt116','us101','cat005','Wollongong Archery Park');
insert into `competition` values ('AA50','2023-06-18 04:45:59','sa113','un101','cat023','Hobart Archery Centre');
insert into `competition` values ('WA90','2022-03-06 09:05:03','nsw133','tua101','cat003','Bathurst Archery Park');
insert into `competition` values ('AA50','2022-09-08 01:01:56','nsw101','unda101','cat054','Hervey Bay Archery Centre');
insert into `competition` values ('AA40','2021-12-27 15:50:11','nt108','vu101','cat034','Newcastle Archery Park');
insert into `competition` values ('WA70','2021-11-21 17:39:33','tas114','unsw101','cat044','Kalgoorlie-Boulder Archery Centre');
insert into `competition` values ('WA90','2023-01-30 03:10:56','qld103','anu101','cat026','Goulburn Archery Centre');
insert into `competition` values ('WA60','2022-02-01 07:38:57','nsw125','csu101','cat017','Lismore Archery Field');
insert into `competition` values ('WA70','2023-06-04 14:55:05','nt132','mu101','cat038','Newcastle Archery Centre');
insert into `competition` values ('AA40','2022-12-12 08:42:48','qld103','swin101','cat011','Shepparton-Mooroopna Archery Park');
insert into `competition` values ('WA90','2021-11-26 11:27:18','tas114','une101','cat017','Wagga Wagga Archery Centre');
insert into `competition` values ('WA90','2022-07-19 10:58:53','qld111','us101','cat012','Shepparton-Mooroopna Archery Field');
insert into `competition` values ('WA60','2023-03-05 03:57:53','vic134','uw101','cat052','Rockhampton Archery Park');
insert into `competition` values ('AA50','2021-08-27 23:28:19','sa129','unsw101','cat037','Melbourne Archery Field');
insert into `competition` values ('WA90','2023-05-03 13:07:05','act131','qut101','cat006','Bunbury Archery Park');
insert into `competition` values ('AA40','2021-07-25 21:13:38','qld135','usa101','cat056','Toowoomba Archery Centre');
insert into `competition` values ('WA60','2021-03-15 00:45:41','sa105','cqu101','cat021','Gold Coast Archery Centre');
insert into `competition` values ('AA40','2023-06-14 21:30:25','nsw117','ud101','cat042','Whyalla Archery Centre');


insert into `archercompetition` values ('A255','WA60','2021-08-17 21:34:30');
insert into `archercompetition` values ('A150','WA90','2023-05-03 13:07:05');
insert into `archercompetition` values ('A094','WA90','2023-02-03 11:47:39');
insert into `archercompetition` values ('A088','WA70','2021-10-25 12:38:54');
insert into `archercompetition` values ('A277','AA40','2022-08-08 14:51:31');
insert into `archercompetition` values ('A478','AA50','2021-11-25 17:51:51');
insert into `archercompetition` values ('A194','AA50','2021-10-25 07:55:58');
insert into `archercompetition` values ('A112','AA50','2021-12-06 18:35:25');
insert into `archercompetition` values ('A310','WA90','2022-02-10 15:36:52');
insert into `archercompetition` values ('A051','WA70','2023-01-12 19:43:47');
insert into `archercompetition` values ('A238','WA60','2021-11-02 00:40:30');
insert into `archercompetition` values ('A107','AA40','2023-05-21 11:27:46');
insert into `archercompetition` values ('A434','WA60','2021-12-30 05:49:50');
insert into `archercompetition` values ('A430','WA70','2022-11-29 14:08:54');
insert into `archercompetition` values ('A350','AA50','2021-02-08 14:31:00');
insert into `archercompetition` values ('A330','AA50','2022-11-27 00:44:34');
insert into `archercompetition` values ('A059','AA50','2023-04-27 00:37:26');
insert into `archercompetition` values ('A219','WA90','2022-06-27 04:03:20');
insert into `archercompetition` values ('A442','WA90','2022-06-29 08:37:23');
insert into `archercompetition` values ('A373','WA60','2022-05-22 08:33:42');
insert into `archercompetition` values ('A202','WA90','2023-02-28 12:25:30');
insert into `archercompetition` values ('A452','WA60','2021-10-20 15:47:59');
insert into `archercompetition` values ('A102','AA50','2022-02-23 17:57:16');
insert into `archercompetition` values ('A032','WA70','2022-08-04 11:33:07');
insert into `archercompetition` values ('A427','AA40','2022-03-31 11:20:28');
insert into `archercompetition` values ('A372','WA70','2022-04-06 07:32:33');
insert into `archercompetition` values ('A113','WA70','2021-01-04 23:38:31');
insert into `archercompetition` values ('A298','AA40','2022-10-02 18:22:35');
insert into `archercompetition` values ('A012','WA90','2022-04-04 11:42:05');
insert into `archercompetition` values ('A240','AA40','2023-02-01 23:32:09');
insert into `archercompetition` values ('A404','AA40','2021-06-05 06:38:15');
insert into `archercompetition` values ('A278','AA50','2022-01-01 03:19:13');
insert into `archercompetition` values ('A387','WA90','2022-09-28 06:57:41');
insert into `archercompetition` values ('A406','WA70','2021-02-03 23:50:03');
insert into `archercompetition` values ('A331','WA70','2023-03-27 02:42:50');
insert into `archercompetition` values ('A440','WA60','2023-06-19 16:41:01');
insert into `archercompetition` values ('A143','WA60','2022-06-17 18:26:09');
insert into `archercompetition` values ('A364','AA50','2022-01-15 10:29:14');
insert into `archercompetition` values ('A056','WA60','2021-08-24 00:04:47');
insert into `archercompetition` values ('A477','WA60','2022-12-22 03:41:18');
insert into `archercompetition` values ('A283','AA40','2022-01-16 04:43:37');
insert into `archercompetition` values ('A030','WA60','2021-06-19 21:06:21');
insert into `archercompetition` values ('A043','WA90','2021-05-20 01:16:19');
insert into `archercompetition` values ('A147','WA90','2021-12-21 04:53:41');
insert into `archercompetition` values ('A250','WA90','2021-09-25 11:34:14');
insert into `archercompetition` values ('A469','WA70','2021-01-02 05:42:59');
insert into `archercompetition` values ('A267','AA40','2021-12-27 15:50:11');
insert into `archercompetition` values ('A041','WA70','2021-05-20 00:18:07');
insert into `archercompetition` values ('A459','WA60','2023-05-10 21:02:13');
insert into `archercompetition` values ('A257','WA90','2022-03-23 19:57:13');
insert into `archercompetition` values ('A217','WA60','2023-03-05 03:57:53');
insert into `archercompetition` values ('A297','WA60','2022-08-16 17:43:59');
insert into `archercompetition` values ('A032','WA60','2023-05-10 21:02:13');
insert into `archercompetition` values ('A345','WA70','2022-03-16 23:37:55');
insert into `archercompetition` values ('A328','WA70','2023-04-16 04:02:26');
insert into `archercompetition` values ('A139','WA60','2021-12-30 05:49:50');
insert into `archercompetition` values ('A339','AA40','2022-12-12 08:42:48');
insert into `archercompetition` values ('A072','AA40','2021-10-03 16:55:25');
insert into `archercompetition` values ('A176','AA40','2022-01-28 09:11:33');
insert into `archercompetition` values ('A456','WA70','2022-11-29 14:08:54');
insert into `archercompetition` values ('A016','WA90','2023-05-20 04:59:36');
insert into `archercompetition` values ('A048','AA40','2021-04-26 14:09:28');
insert into `archercompetition` values ('A175','AA50','2022-06-13 01:31:03');
insert into `archercompetition` values ('A458','WA90','2021-11-26 11:27:18');
insert into `archercompetition` values ('A370','WA60','2022-02-01 07:38:57');
insert into `archercompetition` values ('A354','WA70','2023-02-07 00:15:44');
insert into `archercompetition` values ('A205','WA70','2022-06-08 22:11:30');
insert into `archercompetition` values ('A284','WA70','2021-05-20 00:18:07');
insert into `archercompetition` values ('A319','WA60','2022-03-19 00:03:49');
insert into `archercompetition` values ('A326','AA50','2022-01-24 02:30:58');
insert into `archercompetition` values ('A409','WA90','2021-09-25 11:34:14');
insert into `archercompetition` values ('A209','AA40','2023-02-01 23:32:09');
insert into `archercompetition` values ('A453','WA60','2021-10-26 13:58:23');
insert into `archercompetition` values ('A133','WA60','2021-06-13 00:52:27');
insert into `archercompetition` values ('A143','AA50','2022-09-08 01:01:56');
insert into `archercompetition` values ('A062','AA50','2021-12-11 03:41:15');

insert into `archercompetition` values ('A219','WA60','2021-11-02 00:40:30');
insert into `archercompetition` values ('A394','WA90','2021-07-22 00:01:14');
insert into `archercompetition` values ('A307','AA40','2021-12-26 04:39:48');
insert into `archercompetition` values ('A371','WA90','2022-03-06 09:05:03');
insert into `archercompetition` values ('A232','AA40','2023-05-21 11:27:46');
insert into `archercompetition` values ('A400','AA50','2021-11-25 17:51:51');
insert into `archercompetition` values ('A005','WA60','2021-07-01 01:22:36');
insert into `archercompetition` values ('A065','WA60','2021-08-16 06:19:51');
insert into `archercompetition` values ('A022','WA60','2023-05-31 10:06:11');
insert into `archercompetition` values ('A093','WA90','2021-04-05 22:06:17');
insert into `archercompetition` values ('A430','AA50','2021-08-30 12:20:37');
insert into `archercompetition` values ('A038','WA90','2022-01-06 13:14:41');
insert into `archercompetition` values ('A180','AA40','2022-03-31 11:20:28');
insert into `archercompetition` values ('A144','WA60','2021-03-14 03:15:49');
insert into `archercompetition` values ('A461','WA70','2022-02-04 01:57:00');
insert into `archercompetition` values ('A085','WA60','2023-03-03 18:46:47');
insert into `archercompetition` values ('A463','WA60','2022-09-13 21:22:23');
insert into `archercompetition` values ('A025','AA40','2022-09-13 23:25:09');
insert into `archercompetition` values ('A080','WA70','2022-04-06 07:32:33');
insert into `archercompetition` values ('A396','AA40','2021-07-15 01:35:42');
insert into `archercompetition` values ('A116','WA70','2022-05-15 05:06:09');
insert into `archercompetition` values ('A081','WA90','2021-12-24 20:09:49');
insert into `archercompetition` values ('A134','AA40','2021-02-25 04:29:28');
insert into `archercompetition` values ('A127','WA90','2023-04-01 00:20:00');
insert into `archercompetition` values ('A373','WA90','2023-05-03 13:04:07');
insert into `archercompetition` values ('A437','WA70','2022-04-06 07:32:33');
insert into `archercompetition` values ('A124','WA90','2023-05-20 04:59:36');
insert into `archercompetition` values ('A190','WA60','2021-09-30 10:54:06');
insert into `archercompetition` values ('A114','AA50','2021-02-08 14:31:00');
insert into `archercompetition` values ('A333','AA40','2022-09-13 23:25:09');
insert into `archercompetition` values ('A027','WA70','2022-02-12 00:21:43');
insert into `archercompetition` values ('A287','WA70','2023-04-16 04:02:26');
insert into `archercompetition` values ('A152','AA50','2022-07-01 14:46:08');
insert into `archercompetition` values ('A101','AA40','2021-07-15 01:35:42');
insert into `archercompetition` values ('A403','WA90','2021-05-20 01:16:19');
insert into `archercompetition` values ('A391','WA70','2021-01-02 05:42:59');
insert into `archercompetition` values ('A482','WA90','2023-05-03 13:07:05');
insert into `archercompetition` values ('A225','WA90','2021-04-05 22:06:17');
insert into `archercompetition` values ('A231','WA90','2022-01-06 13:14:41');
insert into `archercompetition` values ('A258','AA40','2021-12-27 15:50:11');
insert into `archercompetition` values ('A080','WA90','2021-12-24 16:46:25');
insert into `archercompetition` values ('A048','AA50','2022-01-01 03:19:13');
insert into `archercompetition` values ('A330','WA60','2021-10-26 13:58:23');
insert into `archercompetition` values ('A272','WA60','2021-05-30 16:49:25');
insert into `archercompetition` values ('A029','AA40','2021-02-25 04:29:28');
insert into `archercompetition` values ('A182','WA60','2021-05-06 10:00:07');
insert into `archercompetition` values ('A132','AA50','2021-02-19 16:27:51');
insert into `archercompetition` values ('A300','WA90','2022-06-27 04:03:20');
insert into `archercompetition` values ('A415','AA40','2022-11-25 07:06:51');
insert into `archercompetition` values ('A076','AA40','2022-08-08 14:51:31');
insert into `archercompetition` values ('A263','WA60','2021-12-25 09:53:37');
insert into `archercompetition` values ('A084','WA60','2022-12-22 03:41:18');
insert into `archercompetition` values ('A334','WA70','2022-05-15 05:06:09');
insert into `archercompetition` values ('A412','AA50','2023-06-15 14:48:03');
insert into `archercompetition` values ('A291','WA60','2022-08-16 17:43:59');
insert into `archercompetition` values ('A077','AA40','2022-02-19 08:48:40');
insert into `archercompetition` values ('A278','WA70','2023-06-04 14:55:05');
insert into `archercompetition` values ('A105','WA90','2021-11-10 08:08:44');
insert into `archercompetition` values ('A233','WA90','2023-04-16 12:05:50');
insert into `archercompetition` values ('A344','WA60','2022-07-05 01:47:29');
insert into `archercompetition` values ('A116','AA40','2021-02-28 23:15:38');
insert into `archercompetition` values ('A143','WA90','2023-06-11 14:53:57');
insert into `archercompetition` values ('A238','WA60','2022-02-01 07:38:57');
insert into `archercompetition` values ('A068','AA40','2022-10-02 18:22:35');
insert into `archercompetition` values ('A435','AA50','2021-11-25 17:51:51');
insert into `archercompetition` values ('A062','AA40','2021-12-26 04:39:48');
insert into `archercompetition` values ('A013','WA90','2021-12-24 20:09:49');
insert into `archercompetition` values ('A439','AA50','2022-02-23 17:57:16');
insert into `archercompetition` values ('A184','WA90','2022-06-29 08:37:23');
insert into `archercompetition` values ('A283','WA90','2022-02-10 15:36:52');
insert into `archercompetition` values ('A312','AA50','2023-02-23 16:42:01');
insert into `archercompetition` values ('A331','WA60','2022-08-08 07:50:04');
insert into `archercompetition` values ('A253','WA60','2023-05-10 21:02:13');
insert into `archercompetition` values ('A135','WA90','2022-07-19 10:58:53');
insert into `archercompetition` values ('A500','AA40','2023-02-01 23:32:09');
insert into `archercompetition` values ('A021','AA50','2022-04-20 15:49:01');
insert into `archercompetition` values ('A025','WA60','2021-10-20 15:47:59');
insert into `archercompetition` values ('A277','AA40','2022-02-16 02:46:58');
insert into `archercompetition` values ('A157','WA60','2023-05-10 21:02:13');
insert into `archercompetition` values ('A488','WA60','2022-03-19 00:03:49');
insert into `archercompetition` values ('A237','WA70','2021-01-02 05:42:59');
insert into `archercompetition` values ('A481','AA40','2022-11-26 19:54:21');
insert into `archercompetition` values ('A337','AA50','2022-04-19 02:28:47');
insert into `archercompetition` values ('A110','WA90','2022-01-18 13:45:28');
insert into `archercompetition` values ('A287','WA60','2022-02-01 07:38:57');
insert into `archercompetition` values ('A162','AA40','2021-02-28 23:15:38');
insert into `archercompetition` values ('A250','WA90','2021-07-22 00:01:14');
insert into `archercompetition` values ('A005','AA50','2023-06-18 04:45:59');
insert into `archercompetition` values ('A256','WA60','2021-09-30 10:54:06');
insert into `archercompetition` values ('A449','WA90','2023-04-16 12:05:50');
insert into `archercompetition` values ('A494','WA60','2021-06-13 00:52:27');
insert into `archercompetition` values ('A496','AA50','2023-02-07 13:49:20');
insert into `archercompetition` values ('A097','AA40','2021-09-21 01:46:44');
insert into `archercompetition` values ('A006','AA40','2021-07-11 04:07:57');
insert into `archercompetition` values ('A173','AA50','2022-10-06 03:04:39');
insert into `archercompetition` values ('A010','WA70','2022-02-12 00:21:43');
insert into `archercompetition` values ('A027','WA90','2021-12-24 20:09:49');
insert into `archercompetition` values ('A130','WA90','2022-03-23 19:57:13');
insert into `archercompetition` values ('A241','WA70','2023-01-19 11:01:25');
insert into `archercompetition` values ('A148','WA60','2022-06-17 18:26:09');
insert into `archercompetition` values ('A305','AA40','2021-06-10 07:14:59');
insert into `archercompetition` values ('A239','AA50','2022-01-15 10:29:14');
insert into `archercompetition` values ('A112','WA60','2022-07-05 01:47:29');
insert into `archercompetition` values ('A485','AA50','2022-11-27 00:44:34');
insert into `archercompetition` values ('A413','WA90','2023-02-03 11:47:39');
insert into `archercompetition` values ('A083','AA50','2022-09-12 21:54:05');
insert into `archercompetition` values ('A360','AA40','2021-10-03 16:55:25');
insert into `archercompetition` values ('A328','WA60','2021-08-24 00:04:47');
insert into `archercompetition` values ('A122','AA40','2021-10-21 00:06:39');
insert into `archercompetition` values ('A076','AA40','2022-05-17 05:46:22');
insert into `archercompetition` values ('A487','WA90','2022-03-09 13:07:37');
insert into `archercompetition` values ('A193','AA50','2023-04-27 00:37:26');
insert into `archercompetition` values ('A088','WA70','2022-12-05 21:06:23');
insert into `archercompetition` values ('A436','WA90','2022-03-06 09:05:03');
insert into `archercompetition` values ('A410','WA90','2023-05-20 19:23:29');
insert into `archercompetition` values ('A282','WA90','2021-04-05 22:06:17');
insert into `archercompetition` values ('A399','AA40','2021-03-03 14:03:33');
insert into `archercompetition` values ('A421','WA90','2023-02-28 12:25:30');
insert into `archercompetition` values ('A490','WA70','2023-05-29 12:20:08');
insert into `archercompetition` values ('A405','AA50','2023-01-25 00:59:28');
insert into `archercompetition` values ('A495','WA90','2022-09-28 06:57:41');
insert into `archercompetition` values ('A290','WA60','2021-07-22 08:07:01');
insert into `archercompetition` values ('A182','WA60','2022-05-28 13:16:30');
insert into `archercompetition` values ('A184','WA60','2021-03-14 03:15:49');
insert into `archercompetition` values ('A467','WA60','2023-06-19 16:41:01');
insert into `archercompetition` values ('A388','WA90','2022-01-18 13:45:28');
insert into `archercompetition` values ('A279','AA50','2023-02-23 16:42:01');
insert into `archercompetition` values ('A439','AA50','2022-04-27 16:31:04');
insert into `archercompetition` values ('A306','WA70','2022-02-04 01:57:00');
insert into `archercompetition` values ('A312','AA40','2022-02-17 09:21:36');
insert into `archercompetition` values ('A497','AA50','2021-06-09 02:23:35');
insert into `archercompetition` values ('A470','WA60','2023-03-05 03:57:53');
insert into `archercompetition` values ('A016','AA40','2021-07-25 21:13:38');
insert into `archercompetition` values ('A218','AA40','2023-02-24 19:09:43');
insert into `archercompetition` values ('A161','WA70','2021-02-03 23:50:03');
insert into `archercompetition` values ('A352','AA40','2021-04-17 19:43:56');
insert into `archercompetition` values ('A349','WA70','2022-03-29 17:52:46');
insert into `archercompetition` values ('A206','WA90','2021-12-24 20:09:49');
insert into `archercompetition` values ('A043','WA60','2022-08-08 07:50:04');
insert into `archercompetition` values ('A173','WA90','2023-05-20 04:59:36');
insert into `archercompetition` values ('A060','WA70','2021-04-12 19:31:05');
insert into `archercompetition` values ('A103','WA90','2022-01-06 13:14:41');
insert into `archercompetition` values ('A119','WA90','2023-05-20 19:23:29');
insert into `archercompetition` values ('A190','AA50','2021-11-25 17:51:51');
insert into `archercompetition` values ('A499','AA40','2021-03-03 14:03:33');
insert into `archercompetition` values ('A322','WA90','2022-03-23 19:57:13');
insert into `archercompetition` values ('A089','WA60','2022-05-28 13:16:30');
insert into `archercompetition` values ('A185','WA90','2023-04-01 00:20:00');
insert into `archercompetition` values ('A486','WA90','2023-04-16 12:05:50');
insert into `archercompetition` values ('A084','AA50','2022-09-12 21:54:05');
insert into `archercompetition` values ('A232','WA90','2022-06-29 08:37:23');
insert into `archercompetition` values ('A009','AA50','2022-02-11 05:33:02');
insert into `archercompetition` values ('A350','WA60','2021-12-30 05:49:50');
insert into `archercompetition` values ('A074','AA50','2021-10-25 07:55:58');
insert into `archercompetition` values ('A151','AA50','2022-01-15 10:29:14');
insert into `archercompetition` values ('A479','AA50','2021-02-08 14:31:00');
insert into `archercompetition` values ('A343','AA40','2022-01-28 09:11:33');
insert into `archercompetition` values ('A410','WA70','2023-03-23 12:03:58');
insert into `archercompetition` values ('A099','AA40','2023-05-21 11:27:46');
insert into `archercompetition` values ('A024','WA90','2021-12-21 04:53:41');
insert into `archercompetition` values ('A019','AA40','2021-07-11 04:07:57');
insert into `archercompetition` values ('A021','WA60','2021-08-24 00:04:47');
insert into `archercompetition` values ('A071','AA40','2022-02-03 15:32:27');
insert into `archercompetition` values ('A329','WA60','2023-05-31 10:06:11');
insert into `archercompetition` values ('A387','WA60','2021-10-26 13:58:23');
insert into `archercompetition` values ('A488','WA90','2022-02-11 01:59:37');
insert into `archercompetition` values ('A201','AA40','2022-03-31 11:20:28');
insert into `archercompetition` values ('A171','AA50','2022-02-23 17:57:16');
insert into `archercompetition` values ('A216','WA70','2021-10-25 12:38:54');
insert into `archercompetition` values ('A147','WA60','2021-05-30 16:49:25');
insert into `archercompetition` values ('A454','WA90','2022-04-04 11:42:05');
insert into `archercompetition` values ('A417','WA70','2021-12-04 05:15:14');
insert into `archercompetition` values ('A449','AA50','2023-04-27 00:37:26');
insert into `archercompetition` values ('A222','AA50','2021-07-19 08:16:55');
insert into `archercompetition` values ('A439','AA40','2022-11-25 07:06:51');
insert into `archercompetition` values ('A195','WA70','2022-02-04 01:57:00');
insert into `archercompetition` values ('A481','WA70','2023-05-29 12:20:08');
insert into `archercompetition` values ('A168','WA70','2022-11-18 12:24:39');
insert into `archercompetition` values ('A408','WA70','2021-12-04 05:15:14');
insert into `archercompetition` values ('A252','AA40','2022-12-12 08:42:48');
insert into `archercompetition` values ('A346','AA50','2021-12-11 03:41:15');
insert into `archercompetition` values ('A247','AA50','2023-02-07 13:49:20');
insert into `archercompetition` values ('A331','AA50','2022-01-24 02:30:58');
insert into `archercompetition` values ('A372','WA90','2021-12-21 04:53:41');
insert into `archercompetition` values ('A132','AA40','2021-02-25 04:29:28');
insert into `archercompetition` values ('A279','WA70','2021-01-02 05:42:59');
insert into `archercompetition` values ('A496','AA50','2022-02-23 17:57:16');
insert into `archercompetition` values ('A336','AA50','2021-11-25 17:51:51');
insert into `archercompetition` values ('A422','AA40','2021-03-03 14:03:33');
insert into `archercompetition` values ('A400','AA40','2023-06-14 21:30:25');
insert into `archercompetition` values ('A155','AA40','2022-06-07 16:31:13');
insert into `archercompetition` values ('A325','WA70','2021-04-12 19:31:05');
insert into `archercompetition` values ('A257','WA70','2022-05-04 11:15:29');
insert into `archercompetition` values ('A120','WA90','2023-05-03 13:07:05');
insert into `archercompetition` values ('A009','AA50','2021-08-27 23:28:19');
insert into `archercompetition` values ('A256','WA70','2022-04-06 07:32:33');
insert into `archercompetition` values ('A386','WA70','2021-08-08 17:15:55');
insert into `archercompetition` values ('A196','AA40','2023-05-15 17:11:00');
insert into `archercompetition` values ('A193','AA50','2022-01-15 10:29:14');
insert into `archercompetition` values ('A044','AA40','2022-02-19 08:48:40');
insert into `archercompetition` values ('A414','AA40','2021-04-17 19:43:56');
insert into `archercompetition` values ('A026','WA70','2023-03-27 02:42:50');
insert into `archercompetition` values ('A469','WA60','2022-06-21 12:27:46');
insert into `archercompetition` values ('A393','WA90','2021-07-22 00:01:14');
insert into `archercompetition` values ('A211','WA60','2022-02-05 08:50:49');
insert into `archercompetition` values ('A017','WA70','2023-06-04 14:55:05');
insert into `archercompetition` values ('A341','WA90','2022-02-11 01:59:37');
insert into `archercompetition` values ('A243','AA50','2022-01-01 03:19:13');
insert into `archercompetition` values ('A451','WA60','2023-05-10 21:02:13');
insert into `archercompetition` values ('A486','WA60','2021-11-11 23:41:00');
insert into `archercompetition` values ('A205','WA90','2021-12-24 16:46:25');
insert into `archercompetition` values ('A219','AA40','2021-06-05 06:38:15');
insert into `archercompetition` values ('A176','WA70','2021-10-25 12:38:54');
insert into `archercompetition` values ('A357','AA50','2021-04-27 23:24:31');
insert into `archercompetition` values ('A432','WA70','2022-05-13 05:56:12');
insert into `archercompetition` values ('A053','WA90','2021-11-10 08:08:44');
insert into `archercompetition` values ('A048','WA60','2022-12-22 03:41:18');
insert into `archercompetition` values ('A091','WA60','2022-05-28 13:16:30');
insert into `archercompetition` values ('A364','AA50','2021-11-06 05:31:23');
insert into `archercompetition` values ('A324','WA60','2021-03-15 00:45:41');
insert into `archercompetition` values ('A115','WA90','2022-04-04 11:42:05');
insert into `archercompetition` values ('A295','AA50','2022-07-01 14:46:08');
insert into `archercompetition` values ('A351','AA50','2023-01-25 00:59:28');
insert into `archercompetition` values ('A187','AA50','2021-10-25 07:55:58');
insert into `archercompetition` values ('A115','WA70','2023-03-23 12:03:58');
insert into `archercompetition` values ('A333','WA70','2021-11-21 17:39:33');
insert into `archercompetition` values ('A175','WA90','2022-01-29 23:29:53');
insert into `archercompetition` values ('A265','AA40','2022-05-17 05:46:22');

insert into `archercompetition` values ('A018','AA50','2021-02-08 14:31:00');
insert into `archercompetition` values ('A134','AA40','2021-10-03 16:55:25');
insert into `archercompetition` values ('A296','AA40','2022-11-26 19:54:21');
insert into `archercompetition` values ('A409','AA40','2023-05-15 17:11:00');
insert into `archercompetition` values ('A461','WA60','2021-08-24 00:04:47');
insert into `archercompetition` values ('A202','AA40','2021-03-03 14:03:33');
insert into `archercompetition` values ('A307','AA40','2022-11-25 07:06:51');
insert into `archercompetition` values ('A101','WA70','2021-02-03 23:50:03');
insert into `archercompetition` values ('A227','WA60','2023-03-05 03:57:53');
insert into `archercompetition` values ('A492','WA60','2022-02-05 08:50:49');
insert into `archercompetition` values ('A405','AA50','2022-11-27 00:44:34');
insert into `archercompetition` values ('A431','AA50','2021-04-27 23:24:31');
insert into `archercompetition` values ('A283','AA40','2022-03-31 11:20:28');
insert into `archercompetition` values ('A005','AA40','2022-05-02 14:02:22');
insert into `archercompetition` values ('A430','WA60','2023-03-03 18:46:47');
insert into `archercompetition` values ('A436','AA40','2022-06-30 17:46:36');
insert into `archercompetition` values ('A407','AA40','2021-09-21 01:46:44');
insert into `archercompetition` values ('A368','AA40','2022-02-03 15:32:27');
insert into `archercompetition` values ('A387','WA70','2021-03-24 00:05:45');
insert into `archercompetition` values ('A129','WA60','2022-06-26 19:09:34');
insert into `archercompetition` values ('A211','WA70','2022-09-24 10:09:04');
insert into `archercompetition` values ('A221','AA50','2023-04-27 00:37:26');
insert into `archercompetition` values ('A250','WA60','2021-03-14 14:49:36');
insert into `archercompetition` values ('A312','AA40','2021-07-15 01:35:42');
insert into `archercompetition` values ('A006','AA50','2022-07-01 14:46:08');
insert into `archercompetition` values ('A278','AA50','2021-12-06 18:35:25');
insert into `archercompetition` values ('A323','AA40','2021-04-17 19:43:56');
insert into `archercompetition` values ('A256','WA70','2022-12-05 21:06:23');
insert into `archercompetition` values ('A385','WA70','2023-02-09 22:55:11');
insert into `archercompetition` values ('A396','AA40','2022-08-08 14:51:31');
insert into `archercompetition` values ('A369','WA60','2021-07-22 08:07:01');
insert into `archercompetition` values ('A291','WA60','2021-12-30 05:49:50');
insert into `archercompetition` values ('A358','WA60','2021-01-18 06:12:55');
insert into `archercompetition` values ('A354','WA60','2021-10-26 13:58:23');
insert into `archercompetition` values ('A106','WA70','2021-04-12 19:31:05');

insert into `archercompetition` values ('A398','WA60','2022-05-28 13:16:30');
insert into `archercompetition` values ('A064','AA40','2023-05-21 11:27:46');
insert into `archercompetition` values ('A040','WA90','2021-12-21 04:53:41');
insert into `archercompetition` values ('A317','WA60','2021-08-16 06:19:51');
insert into `archercompetition` values ('A217','WA70','2021-01-04 23:38:31');
insert into `archercompetition` values ('A337','AA40','2021-04-26 14:09:28');
insert into `archercompetition` values ('A189','AA50','2022-09-12 21:54:05');
insert into `archercompetition` values ('A303','WA70','2023-02-07 00:15:44');
insert into `archercompetition` values ('A345','WA60','2022-05-28 13:16:30');
insert into `archercompetition` values ('A129','AA40','2022-10-02 18:22:35');
insert into `archercompetition` values ('A414','AA40','2022-02-19 08:48:40');
insert into `archercompetition` values ('A407','WA60','2021-06-13 00:52:27');
insert into `archercompetition` values ('A173','AA50','2021-12-11 03:41:15');
insert into `archercompetition` values ('A134','AA50','2022-11-27 00:44:34');
insert into `archercompetition` values ('A306','WA60','2022-06-17 18:26:09');
insert into `archercompetition` values ('A369','AA40','2023-06-14 21:30:25');
insert into `archercompetition` values ('A421','WA60','2021-10-26 13:58:23');
insert into `archercompetition` values ('A469','AA40','2021-12-27 15:50:11');
insert into `archercompetition` values ('A247','WA90','2021-05-20 01:16:19');
insert into `archercompetition` values ('A397','AA40','2021-07-15 01:35:42');
insert into `archercompetition` values ('A008','WA70','2022-11-29 14:08:54');
insert into `archercompetition` values ('A283','WA90','2023-06-11 14:53:57');
insert into `archercompetition` values ('A106','AA50','2023-01-22 10:34:30');
insert into `archercompetition` values ('A365','AA50','2021-10-25 07:55:58');
insert into `archercompetition` values ('A424','WA90','2022-02-10 15:36:52');
insert into `archercompetition` values ('A485','WA70','2021-10-10 12:26:46');
insert into `archercompetition` values ('A405','WA60','2022-10-01 15:23:51');
insert into `archercompetition` values ('A127','WA70','2021-12-04 05:15:14');
insert into `archercompetition` values ('A431','AA50','2021-03-06 07:25:41');
insert into `archercompetition` values ('A404','AA50','2022-04-20 15:49:01');
insert into `archercompetition` values ('A224','WA90','2023-02-03 11:47:39');
insert into `archercompetition` values ('A337','WA90','2021-11-10 08:08:44');
insert into `archercompetition` values ('A459','WA90','2022-03-09 13:07:37');
insert into `archercompetition` values ('A208','WA90','2021-12-24 20:09:49');
insert into `archercompetition` values ('A021','AA50','2022-02-11 05:33:02');
insert into `archercompetition` values ('A137','AA50','2022-01-15 10:29:14');
insert into `archercompetition` values ('A449','WA60','2023-03-03 18:46:47');
insert into `archercompetition` values ('A157','AA40','2021-04-26 14:09:28');
insert into `archercompetition` values ('A343','WA60','2021-03-15 00:45:41');
insert into `archercompetition` values ('A096','AA50','2023-06-18 04:45:59');
insert into `archercompetition` values ('A048','WA60','2021-08-17 21:34:30');
insert into `archercompetition` values ('A201','WA60','2022-05-23 12:34:51');
insert into `archercompetition` values ('A392','WA70','2022-05-13 05:56:12');
insert into `archercompetition` values ('A205','AA40','2022-05-02 14:02:22');
insert into `archercompetition` values ('A382','AA40','2022-05-17 05:46:22');
insert into `archercompetition` values ('A483','WA60','2021-05-30 16:49:25');
insert into `archercompetition` values ('A132','AA50','2022-04-27 16:31:04');
insert into `archercompetition` values ('A455','AA50','2023-04-27 00:37:26');
insert into `archercompetition` values ('A086','AA40','2023-02-01 23:32:09');
insert into `archercompetition` values ('A111','WA90','2021-07-22 00:01:14');
insert into `archercompetition` values ('A273','WA70','2023-01-12 19:43:47');
insert into `archercompetition` values ('A028','WA70','2022-03-29 17:52:46');
insert into `archercompetition` values ('A327','WA60','2021-08-24 00:04:47');
insert into `archercompetition` values ('A429','AA50','2021-08-30 12:20:37');
insert into `archercompetition` values ('A232','WA70','2021-05-20 00:18:07');
insert into `archercompetition` values ('A436','AA40','2022-02-16 02:46:58');
insert into `archercompetition` values ('A381','WA70','2023-02-07 19:28:43');
insert into `archercompetition` values ('A260','WA90','2022-01-06 13:14:41');
insert into `archercompetition` values ('A147','WA70','2022-09-23 10:17:33');
insert into `archercompetition` values ('A201','WA70','2022-05-13 05:56:12');
insert into `archercompetition` values ('A301','WA60','2021-09-30 10:54:06');
insert into `archercompetition` values ('A264','WA60','2022-06-17 18:26:09');
insert into `archercompetition` values ('A202','AA50','2022-07-01 14:46:08');
insert into `archercompetition` values ('A138','WA90','2022-03-09 13:07:37');
insert into `archercompetition` values ('A455','AA50','2022-10-06 03:04:39');
insert into `archercompetition` values ('A229','AA40','2022-06-30 17:46:36');
insert into `archercompetition` values ('A336','AA40','2022-05-02 14:02:22');
insert into `archercompetition` values ('A326','AA50','2023-01-25 00:59:28');
insert into `archercompetition` values ('A337','WA90','2023-05-20 19:23:29');
insert into `archercompetition` values ('A368','WA90','2021-11-10 08:08:44');
insert into `archercompetition` values ('A353','WA90','2023-05-20 04:59:36');
insert into `archercompetition` values ('A073','AA40','2021-06-05 06:38:15');
insert into `archercompetition` values ('A100','WA60','2021-12-25 09:53:37');
insert into `archercompetition` values ('A155','WA70','2022-11-18 12:24:39');
insert into `archercompetition` values ('A451','AA50','2022-11-27 00:44:34');
insert into `archercompetition` values ('A470','WA60','2023-04-14 18:54:11');
insert into `archercompetition` values ('A205','WA90','2022-06-27 04:03:20');
insert into `archercompetition` values ('A382','AA50','2022-10-17 15:33:58');
insert into `archercompetition` values ('A489','AA40','2022-02-03 15:32:27');
insert into `archercompetition` values ('A276','WA90','2021-12-15 11:23:52');
insert into `archercompetition` values ('A458','AA40','2022-11-26 19:54:21');
insert into `archercompetition` values ('A077','WA70','2022-05-15 05:06:09');
insert into `archercompetition` values ('A075','AA40','2021-05-21 15:10:11');
insert into `archercompetition` values ('A166','WA60','2023-05-31 10:06:11');
insert into `archercompetition` values ('A102','AA50','2022-02-11 05:33:02');
insert into `archercompetition` values ('A222','WA70','2022-12-19 00:09:07');
insert into `archercompetition` values ('A480','WA70','2021-02-03 23:50:03');
insert into `archercompetition` values ('A314','AA40','2022-11-25 07:06:51');
insert into `archercompetition` values ('A136','WA90','2021-12-21 04:53:41');
insert into `archercompetition` values ('A257','WA90','2023-02-03 11:47:39');
insert into `archercompetition` values ('A110','AA50','2022-01-01 03:19:13');
insert into `archercompetition` values ('A187','AA40','2021-09-21 01:46:44');
insert into `archercompetition` values ('A060','WA60','2022-11-21 01:44:14');
insert into `archercompetition` values ('A145','WA60','2022-12-22 03:41:18');
insert into `archercompetition` values ('A287','AA50','2021-08-30 12:20:37');
insert into `archercompetition` values ('A417','WA70','2022-03-29 17:52:46');
insert into `archercompetition` values ('A389','WA60','2022-06-21 12:27:46');
insert into `archercompetition` values ('A088','WA70','2022-11-05 12:06:51');
insert into `archercompetition` values ('A087','WA60','2022-02-01 07:38:57');
insert into `archercompetition` values ('A420','AA40','2023-06-14 21:30:25');
insert into `archercompetition` values ('A132','AA50','2021-06-09 02:23:35');
insert into `archercompetition` values ('A061','WA70','2023-02-09 22:55:11');
insert into `archercompetition` values ('A328','AA50','2023-06-13 09:54:09');
insert into `archercompetition` values ('A487','WA90','2022-01-06 13:14:41');
insert into `archercompetition` values ('A209','AA50','2021-02-19 16:27:51');
insert into `archercompetition` values ('A253','WA90','2022-01-18 13:45:28');
insert into `archercompetition` values ('A249','WA90','2021-11-26 11:27:18');
insert into `archercompetition` values ('A360','AA40','2021-06-10 07:14:59');
insert into `archercompetition` values ('A173','AA50','2021-12-06 18:35:25');
insert into `archercompetition` values ('A458','WA70','2022-03-16 23:37:55');

insert into `archercompetition` values ('A188','WA90','2021-07-22 00:01:14');
insert into `archercompetition` values ('A248','WA70','2022-09-23 10:17:33');
insert into `archercompetition` values ('A144','WA90','2023-04-01 00:20:00');
insert into `archercompetition` values ('A317','AA40','2021-12-26 04:39:48');
insert into `archercompetition` values ('A463','WA70','2023-03-23 12:03:58');
insert into `archercompetition` values ('A101','WA60','2022-09-13 21:22:23');
insert into `archercompetition` values ('A313','WA60','2021-03-14 14:49:36');
insert into `archercompetition` values ('A315','AA50','2021-06-09 02:23:35');
insert into `archercompetition` values ('A372','WA70','2021-12-04 05:15:14');
insert into `archercompetition` values ('A061','AA50','2021-04-27 23:24:31');
insert into `archercompetition` values ('A306','AA50','2022-10-17 15:33:58');
insert into `archercompetition` values ('A174','AA50','2022-11-27 00:44:34');
insert into `archercompetition` values ('A483','WA60','2022-06-17 18:26:09');
insert into `archercompetition` values ('A113','AA50','2021-08-30 12:20:37');
insert into `archercompetition` values ('A065','AA40','2021-05-21 15:10:11');
insert into `archercompetition` values ('A160','AA40','2022-10-02 18:22:35');
insert into `archercompetition` values ('A277','WA60','2022-08-16 17:43:59');
insert into `archercompetition` values ('A348','AA50','2023-02-07 13:49:20');
insert into `archercompetition` values ('A098','WA70','2023-02-09 22:55:11');
insert into `archercompetition` values ('A291','WA60','2023-05-31 10:06:11');
insert into `archercompetition` values ('A230','AA40','2022-09-13 23:25:09');
insert into `archercompetition` values ('A293','WA90','2023-05-20 19:23:29');
insert into `archercompetition` values ('A030','WA70','2023-02-07 19:28:43');
insert into `archercompetition` values ('A189','AA40','2022-01-28 09:11:33');
insert into `archercompetition` values ('A255','AA40','2021-06-05 06:38:15');
insert into `archercompetition` values ('A449','WA60','2021-07-22 08:07:01');
insert into `archercompetition` values ('A033','WA60','2023-05-10 21:02:13');
insert into `archercompetition` values ('A437','WA90','2021-11-06 19:09:07');
insert into `archercompetition` values ('A319','WA60','2022-05-28 13:16:30');
insert into `archercompetition` values ('A021','WA70','2022-09-24 10:09:04');
insert into `archercompetition` values ('A440','WA60','2023-06-19 16:41:02');
insert into `archercompetition` values ('A237','AA50','2021-11-25 17:51:51');
insert into `archercompetition` values ('A131','AA40','2022-08-08 14:51:31');
insert into `archercompetition` values ('A212','WA60','2022-10-01 15:23:51');
insert into `archercompetition` values ('A444','WA70','2021-10-25 12:38:54');
insert into `archercompetition` values ('A162','WA70','2023-06-04 14:55:05');
insert into `archercompetition` values ('A225','WA60','2021-10-20 15:47:59');
insert into `archercompetition` values ('A367','AA40','2022-12-12 08:42:48');
insert into `archercompetition` values ('A038','AA40','2022-02-19 08:48:40');
insert into `archercompetition` values ('A184','WA60','2021-06-19 21:06:21');
insert into `archercompetition` values ('A054','WA60','2022-03-06 11:49:45');
insert into `archercompetition` values ('A227','WA60','2022-04-18 22:11:04');
insert into `archercompetition` values ('A496','AA50','2021-03-06 07:25:41');
insert into `archercompetition` values ('A338','AA50','2022-02-11 05:33:02');
insert into `archercompetition` values ('A303','WA90','2023-06-11 14:53:57');
insert into `archercompetition` values ('A352','WA60','2021-01-18 06:12:55');
insert into `archercompetition` values ('A068','AA40','2021-04-26 14:09:28');
insert into `archercompetition` values ('A214','AA40','2021-02-28 23:15:38');
insert into `archercompetition` values ('A204','AA50','2021-02-19 16:27:51');
insert into `archercompetition` values ('A240','AA50','2021-12-06 18:35:25');
insert into `archercompetition` values ('A347','WA90','2022-09-28 06:57:41');
insert into `archercompetition` values ('A128','AA40','2022-11-26 19:54:21');
insert into `archercompetition` values ('A264','AA40','2023-05-21 11:27:46');
insert into `archercompetition` values ('A414','AA40','2022-01-28 09:11:33');
insert into `archercompetition` values ('A174','WA90','2023-05-03 13:04:07');
insert into `archercompetition` values ('A033','AA40','2021-09-21 01:46:44');
insert into `archercompetition` values ('A318','WA60','2022-03-06 11:49:45');
insert into `archercompetition` values ('A176','WA60','2021-06-13 00:52:27');
insert into `archercompetition` values ('A162','AA40','2021-10-03 16:55:25');
insert into `archercompetition` values ('A407','AA40','2021-06-05 06:38:15');
insert into `archercompetition` values ('A348','AA40','2023-06-14 21:30:25');
insert into `archercompetition` values ('A256','WA70','2023-01-12 19:43:47');
insert into `archercompetition` values ('A401','WA60','2023-03-03 18:46:47');
insert into `archercompetition` values ('A452','WA90','2021-11-06 19:09:07');
insert into `archercompetition` values ('A105','AA50','2022-09-12 21:54:05');
insert into `archercompetition` values ('A050','AA40','2022-01-16 04:43:37');
insert into `archercompetition` values ('A079','WA60','2021-03-15 00:45:41');
insert into `archercompetition` values ('A163','AA40','2021-06-10 07:14:59');
insert into `archercompetition` values ('A440','WA90','2021-05-20 01:16:19');
insert into `archercompetition` values ('A141','WA60','2021-03-14 14:49:36');
insert into `archercompetition` values ('A080','AA40','2022-08-08 14:51:31');
insert into `archercompetition` values ('A013','WA70','2023-02-07 19:28:43');
insert into `archercompetition` values ('A237','AA50','2022-09-08 01:01:56');
insert into `archercompetition` values ('A198','WA70','2023-03-27 02:42:50');
insert into `archercompetition` values ('A045','WA90','2023-02-28 12:25:30');
insert into `archercompetition` values ('A389','WA60','2022-05-22 08:33:42');
insert into `archercompetition` values ('A210','AA50','2023-04-27 00:37:26');
insert into `archercompetition` values ('A456','WA70','2023-04-16 04:02:26');
insert into `archercompetition` values ('A364','WA70','2022-09-24 10:09:04');
insert into `archercompetition` values ('A072','WA70','2022-09-23 10:17:33');
insert into `archercompetition` values ('A500','WA60','2021-12-30 05:49:50');
insert into `archercompetition` values ('A415','WA90','2023-06-11 14:53:57');
insert into `archercompetition` values ('A280','WA90','2022-01-06 13:14:41');
insert into `archercompetition` values ('A314','AA50','2023-02-23 16:42:01');
insert into `archercompetition` values ('A488','WA90','2022-06-12 08:33:24');
insert into `archercompetition` values ('A294','WA90','2022-04-04 11:42:05');
insert into `archercompetition` values ('A353','WA90','2023-04-01 00:20:00');
insert into `archercompetition` values ('A098','WA60','2021-12-25 09:53:37');
insert into `archercompetition` values ('A053','WA90','2021-12-15 11:23:52');
insert into `archercompetition` values ('A027','WA60','2021-10-26 13:58:23');
insert into `archercompetition` values ('A169','WA90','2022-03-06 09:05:03');
insert into `archercompetition` values ('A104','WA70','2021-04-12 19:31:05');
insert into `archercompetition` values ('A230','WA90','2023-02-03 11:47:39');
insert into `archercompetition` values ('A284','WA70','2021-02-03 23:50:03');
insert into `archercompetition` values ('A225','AA50','2022-04-27 16:31:04');
insert into `archercompetition` values ('A416','AA40','2021-04-26 14:09:28');
insert into `archercompetition` values ('A170','WA70','2021-08-08 17:15:55');
insert into `archercompetition` values ('A122','AA40','2023-05-15 17:11:00');
insert into `archercompetition` values ('A318','WA70','2022-03-16 23:37:55');
insert into `archercompetition` values ('A346','WA90','2021-11-06 19:09:07');
insert into `archercompetition` values ('A363','WA70','2023-02-09 22:55:11');
insert into `archercompetition` values ('A310','AA40','2022-02-16 02:46:58');
insert into `archercompetition` values ('A411','AA50','2022-09-12 21:54:05');
insert into `archercompetition` values ('A249','WA90','2022-02-10 15:36:52');
insert into `archercompetition` values ('A035','WA60','2021-12-25 09:53:37');
insert into `archercompetition` values ('A297','WA90','2021-04-05 22:06:17');
insert into `archercompetition` values ('A446','WA70','2021-03-24 00:05:45');
insert into `archercompetition` values ('A314','WA70','2021-01-02 05:42:59');
insert into `archercompetition` values ('A066','AA40','2022-12-12 08:42:48');
insert into `archercompetition` values ('A207','AA40','2022-10-02 18:22:35');
insert into `archercompetition` values ('A348','WA60','2022-08-16 17:43:59');
insert into `archercompetition` values ('A343','WA90','2021-09-25 11:34:14');
insert into `archercompetition` values ('A292','WA60','2021-10-20 15:47:59');
insert into `archercompetition` values ('A166','AA40','2022-02-17 09:21:36');
insert into `archercompetition` values ('A016','WA60','2023-05-31 10:06:11');
insert into `archercompetition` values ('A486','WA90','2021-05-20 01:16:19');
insert into `archercompetition` values ('A145','WA90','2021-12-24 16:46:25');
insert into `archercompetition` values ('A413','WA90','2023-01-30 03:10:56');
insert into `archercompetition` values ('A388','WA90','2022-06-29 08:37:23');
insert into `archercompetition` values ('A091','WA70','2023-02-07 00:15:44');
insert into `archercompetition` values ('A194','WA60','2021-11-11 23:41:00');
insert into `archercompetition` values ('A210','AA40','2022-08-08 14:51:31');
insert into `archercompetition` values ('A153','AA40','2022-09-13 23:25:09');
insert into `archercompetition` values ('A202','WA60','2021-06-19 21:06:21');
insert into `archercompetition` values ('A477','WA60','2021-03-14 03:15:49');
insert into `archercompetition` values ('A151','WA90','2022-04-04 11:42:05');
insert into `archercompetition` values ('A158','WA60','2021-03-15 00:45:41');
insert into `archercompetition` values ('A197','WA90','2023-06-11 14:53:57');
insert into `archercompetition` values ('A337','AA40','2023-02-24 19:09:43');
insert into `archercompetition` values ('A487','AA40','2021-04-26 14:09:28');
insert into `archercompetition` values ('A279','WA60','2021-08-24 00:04:47');
insert into `archercompetition` values ('A353','AA40','2022-06-30 17:46:36');
insert into `archercompetition` values ('A096','AA50','2021-12-11 03:41:15');
insert into `archercompetition` values ('A435','AA50','2021-04-27 23:24:31');
insert into `archercompetition` values ('A182','AA40','2021-07-25 21:13:38');
insert into `archercompetition` values ('A362','AA50','2023-04-27 00:37:26');
insert into `archercompetition` values ('A317','WA70','2023-01-12 19:43:47');
insert into `archercompetition` values ('A220','WA70','2021-10-10 12:26:46');
insert into `archercompetition` values ('A048','WA60','2021-11-02 00:40:30');
insert into `archercompetition` values ('A495','AA40','2023-05-21 11:27:46');
insert into `archercompetition` values ('A074','WA90','2023-02-28 12:25:30');
insert into `archercompetition` values ('A173','AA50','2022-04-20 15:49:01');
insert into `archercompetition` values ('A125','AA50','2022-04-19 02:28:47');
insert into `archercompetition` values ('A018','AA40','2022-01-28 09:11:33');
insert into `archercompetition` values ('A193','WA90','2022-07-19 10:58:53');
insert into `archercompetition` values ('A234','WA60','2022-04-18 22:11:04');
insert into `archercompetition` values ('A493','WA70','2022-11-05 12:06:51');
insert into `archercompetition` values ('A157','WA70','2022-11-05 12:06:51');
insert into `archercompetition` values ('A177','WA70','2022-03-29 17:52:46');
insert into `archercompetition` values ('A323','WA70','2021-03-24 00:05:45');
insert into `archercompetition` values ('A248','AA50','2021-12-11 03:41:15');
insert into `archercompetition` values ('A102','AA50','2022-01-15 10:29:14');
insert into `archercompetition` values ('A071','AA50','2022-07-01 14:46:08');
insert into `archercompetition` values ('A363','WA70','2023-06-11 15:57:30');
insert into `archercompetition` values ('A203','AA40','2021-12-27 15:50:11');
insert into `archercompetition` values ('A209','AA40','2021-12-26 04:39:48');
insert into `archercompetition` values ('A314','WA60','2022-08-16 17:43:59');
insert into `archercompetition` values ('A378','AA40','2021-06-05 06:38:15');
insert into `archercompetition` values ('A079','WA60','2021-12-25 09:53:37');
insert into `archercompetition` values ('A007','AA40','2022-02-17 09:21:36');
insert into `archercompetition` values ('A449','WA90','2021-12-21 04:53:41');
insert into `archercompetition` values ('A392','WA60','2023-05-31 10:06:11');
insert into `archercompetition` values ('A430','WA90','2023-02-28 12:25:30');
insert into `archercompetition` values ('A478','AA40','2022-06-07 16:31:13');
insert into `archercompetition` values ('A344','AA40','2021-04-26 14:09:28');
insert into `archercompetition` values ('A073','WA90','2023-05-03 13:07:05');
insert into `archercompetition` values ('A307','AA50','2021-02-08 14:31:00');
insert into `archercompetition` values ('A159','WA60','2022-05-28 13:16:30');
insert into `archercompetition` values ('A300','WA60','2023-03-03 18:46:47');
insert into `archercompetition` values ('A480','WA60','2021-08-16 06:19:51');
insert into `archercompetition` values ('A405','WA90','2021-12-24 20:09:49');
insert into `archercompetition` values ('A328','AA50','2021-11-25 17:51:51');
insert into `archercompetition` values ('A400','WA90','2023-05-20 19:23:29');
insert into `archercompetition` values ('A345','WA90','2023-02-03 11:47:39');
insert into `archercompetition` values ('A226','AA40','2022-12-12 08:42:48');
insert into `archercompetition` values ('A360','WA90','2023-06-11 14:53:57');
insert into `archercompetition` values ('A250','AA40','2021-07-11 04:07:57');
insert into `archercompetition` values ('A013','WA90','2022-03-06 09:05:03');
insert into `archercompetition` values ('A255','WA60','2021-06-19 21:06:21');
insert into `archercompetition` values ('A225','AA50','2022-04-20 15:49:01');
insert into `archercompetition` values ('A330','WA70','2022-05-15 05:06:09');
insert into `archercompetition` values ('A117','AA50','2022-11-27 00:44:34');
insert into `archercompetition` values ('A477','WA70','2022-05-04 11:15:29');
insert into `archercompetition` values ('A352','AA40','2022-01-16 04:43:37');
insert into `archercompetition` values ('A268','WA60','2021-07-01 01:22:36');
insert into `archercompetition` values ('A429','AA50','2023-02-07 13:49:20');
insert into `archercompetition` values ('A322','AA50','2021-06-09 02:23:35');
insert into `archercompetition` values ('A406','WA60','2021-03-15 00:45:41');
insert into `archercompetition` values ('A070','WA60','2022-10-01 15:23:51');
insert into `archercompetition` values ('A043','AA50','2022-01-01 03:19:13');
insert into `archercompetition` values ('A275','WA60','2022-06-17 18:26:09');
insert into `archercompetition` values ('A059','WA60','2022-11-21 01:44:14');
insert into `archercompetition` values ('A104','AA50','2022-11-18 06:47:20');
insert into `archercompetition` values ('A127','WA70','2021-04-12 19:31:05');
insert into `archercompetition` values ('A128','WA90','2021-08-17 06:43:53');
insert into `archercompetition` values ('A035','WA90','2023-01-30 03:10:56');
insert into `archercompetition` values ('A343','WA70','2022-04-06 07:32:33');
insert into `archercompetition` values ('A402','AA40','2023-02-01 23:32:09');
insert into `archercompetition` values ('A177','WA60','2022-03-06 11:49:45');
insert into `archercompetition` values ('A313','WA60','2023-05-10 21:02:13');
insert into `archercompetition` values ('A053','WA60','2021-06-19 21:06:21');
insert into `archercompetition` values ('A026','WA70','2022-11-18 12:24:39');
insert into `archercompetition` values ('A242','WA60','2021-08-16 06:19:51');
insert into `archercompetition` values ('A086','WA70','2021-11-21 17:39:33');
insert into `archercompetition` values ('A320','AA40','2022-02-17 09:21:36');
insert into `archercompetition` values ('A316','WA70','2022-05-15 05:06:09');
insert into `archercompetition` values ('A073','WA60','2023-03-05 03:57:53');
insert into `archercompetition` values ('A049','WA70','2022-03-29 17:52:46');
insert into `archercompetition` values ('A197','AA50','2022-06-13 01:31:03');
insert into `archercompetition` values ('A439','AA50','2021-06-09 02:23:35');
insert into `archercompetition` values ('A189','WA60','2022-02-05 08:50:49');
insert into `archercompetition` values ('A371','WA70','2022-12-05 21:06:23');
insert into `archercompetition` values ('A241','AA40','2023-02-24 19:09:43');
insert into `archercompetition` values ('A018','WA60','2021-05-30 16:49:25');
insert into `archercompetition` values ('A084','WA60','2021-11-11 23:41:00');
insert into `archercompetition` values ('A166','WA60','2021-12-25 09:53:37');
insert into `archercompetition` values ('A425','AA40','2022-02-19 08:48:40');
insert into `archercompetition` values ('A092','WA70','2023-06-04 14:55:05');
insert into `archercompetition` values ('A030','AA40','2021-12-26 04:39:48');
insert into `archercompetition` values ('A126','WA90','2022-02-11 01:59:37');
insert into `archercompetition` values ('A493','AA50','2021-11-25 17:51:51');
insert into `archercompetition` values ('A256','WA90','2022-06-27 04:03:20');
insert into `archercompetition` values ('A324','AA50','2023-01-25 00:59:28');
insert into `archercompetition` values ('A255','WA70','2023-03-27 02:42:50');
insert into `archercompetition` values ('A201','WA90','2021-11-10 08:08:44');
insert into `archercompetition` values ('A310','WA90','2021-12-24 16:46:25');
insert into `archercompetition` values ('A199','AA50','2021-08-27 23:28:19');
insert into `archercompetition` values ('A478','AA50','2023-02-23 16:42:01');
insert into `archercompetition` values ('A020','AA40','2022-11-25 07:06:51');
insert into `archercompetition` values ('A403','AA40','2021-03-03 14:03:33');
insert into `archercompetition` values ('A060','WA90','2022-03-09 13:07:37');
insert into `archercompetition` values ('A395','WA60','2021-08-17 21:34:30');
insert into `archercompetition` values ('A258','AA40','2022-09-25 01:38:19');
insert into `archercompetition` values ('A359','AA50','2022-04-20 15:49:01');
insert into `archercompetition` values ('A102','WA90','2022-01-18 13:45:28');
insert into `archercompetition` values ('A014','AA50','2021-08-30 12:20:37');
insert into `archercompetition` values ('A341','WA70','2023-06-11 15:57:30');
insert into `archercompetition` values ('A408','WA90','2021-09-25 11:34:14');
insert into `archercompetition` values ('A192','WA70','2023-01-19 11:01:25');
insert into `archercompetition` values ('A023','AA40','2022-01-16 04:43:37');
insert into `archercompetition` values ('A132','AA40','2022-12-12 08:42:48');
insert into `archercompetition` values ('A465','WA90','2023-01-30 03:10:56');
insert into `archercompetition` values ('A196','AA50','2022-01-24 02:30:58');
insert into `archercompetition` values ('A243','WA60','2022-07-05 01:47:29');
insert into `archercompetition` values ('A187','WA60','2022-08-16 17:43:59');
insert into `archercompetition` values ('A186','WA70','2022-08-04 11:33:07');
insert into `archercompetition` values ('A433','WA70','2023-05-29 12:20:08');
insert into `archercompetition` values ('A414','WA70','2023-06-11 15:57:30');
insert into `archercompetition` values ('A440','WA70','2022-11-18 12:24:39');
insert into `archercompetition` values ('A469','WA60','2021-12-25 09:53:37');
insert into `archercompetition` values ('A352','AA50','2022-04-19 02:28:47');
insert into `archercompetition` values ('A459','AA40','2022-03-31 11:20:28');
insert into `archercompetition` values ('A152','AA50','2022-02-11 05:33:02');
insert into `archercompetition` values ('A276','WA60','2023-06-19 16:41:01');
insert into `archercompetition` values ('A250','WA60','2021-08-24 00:04:47');
insert into `archercompetition` values ('A120','WA90','2022-06-29 08:37:23');
insert into `archercompetition` values ('A307','WA60','2021-06-19 21:06:21');
insert into `archercompetition` values ('A426','WA60','2021-05-06 10:00:07');
insert into `archercompetition` values ('A385','WA90','2022-06-27 04:03:20');
insert into `archercompetition` values ('A212','WA60','2022-03-19 00:03:49');
insert into `archercompetition` values ('A333','AA40','2021-12-26 04:39:48');
insert into `archercompetition` values ('A363','WA70','2022-05-15 05:06:09');
insert into `archercompetition` values ('A038','WA70','2022-03-29 17:52:46');
insert into `archercompetition` values ('A281','AA50','2023-02-07 13:49:20');
insert into `archercompetition` values ('A182','WA90','2022-02-11 01:59:37');
insert into `archercompetition` values ('A306','WA70','2023-04-16 04:02:26');
insert into `archercompetition` values ('A226','AA50','2022-02-23 17:57:16');
insert into `archercompetition` values ('A113','AA50','2021-12-06 18:35:25');
insert into `archercompetition` values ('A447','WA90','2023-01-30 03:10:56');
insert into `archercompetition` values ('A383','WA70','2022-12-19 00:09:07');
insert into `archercompetition` values ('A495','WA70','2022-09-24 10:09:04');
insert into `archercompetition` values ('A404','WA90','2021-11-06 19:09:07');
insert into `archercompetition` values ('A134','WA90','2023-05-03 13:04:07');
insert into `archercompetition` values ('A137','AA40','2021-12-27 15:50:11');
insert into `archercompetition` values ('A466','WA70','2023-03-27 02:42:50');
insert into `archercompetition` values ('A433','AA40','2023-02-01 23:32:09');
insert into `archercompetition` values ('A094','AA50','2022-06-13 01:31:03');
insert into `archercompetition` values ('A489','AA40','2021-09-21 01:46:44');
insert into `archercompetition` values ('A439','WA90','2022-09-28 06:57:41');
insert into `archercompetition` values ('A049','WA60','2023-03-05 03:57:53');
insert into `archercompetition` values ('A271','WA60','2021-05-30 16:49:25');
insert into `archercompetition` values ('A034','AA50','2021-02-08 14:31:00');
insert into `archercompetition` values ('A282','AA40','2022-11-25 07:06:51');
insert into `archercompetition` values ('A474','WA60','2021-08-16 06:19:51');
insert into `archercompetition` values ('A455','WA90','2022-03-23 19:57:13');
insert into `archercompetition` values ('A103','WA60','2021-07-22 08:07:01');
insert into `archercompetition` values ('A358','WA90','2021-07-22 00:01:14');
insert into `archercompetition` values ('A317','WA60','2021-10-26 13:58:23');
insert into `archercompetition` values ('A032','WA90','2023-02-28 12:25:30');
insert into `archercompetition` values ('A325','AA40','2022-01-28 09:11:33');
insert into `archercompetition` values ('A451','WA70','2023-03-12 04:21:17');
insert into `archercompetition` values ('A423','AA50','2022-11-27 00:44:34');
insert into `archercompetition` values ('A490','WA60','2022-06-17 18:26:09');
insert into `archercompetition` values ('A010','WA90','2021-09-25 11:34:14');
insert into `archercompetition` values ('A132','WA90','2021-12-21 04:53:41');
insert into `archercompetition` values ('A177','AA50','2023-06-18 04:45:59');
insert into `archercompetition` values ('A157','AA40','2022-01-16 04:43:37');
insert into `archercompetition` values ('A301','AA50','2022-01-15 10:29:14');
insert into `archercompetition` values ('A041','WA70','2022-11-05 12:06:51');
insert into `archercompetition` values ('A024','WA90','2023-02-03 11:47:39');
insert into `archercompetition` values ('A231','WA70','2021-05-20 00:18:07');
insert into `archercompetition` values ('A119','WA60','2022-08-16 17:43:59');
insert into `archercompetition` values ('A236','WA90','2022-06-29 08:37:23');
insert into `archercompetition` values ('A116','WA60','2021-08-17 21:34:30');
insert into `archercompetition` values ('A309','WA90','2021-12-24 16:46:25');
insert into `archercompetition` values ('A457','AA50','2023-06-18 04:45:59');
insert into `archercompetition` values ('A026','AA40','2022-11-25 07:06:51');
insert into `archercompetition` values ('A219','WA70','2023-06-11 15:57:30');
insert into `archercompetition` values ('A092','WA90','2022-04-04 11:42:05');
insert into `archercompetition` values ('A436','WA70','2021-08-08 17:15:55');
insert into `archercompetition` values ('A261','WA70','2021-12-04 05:15:14');
insert into `archercompetition` values ('A080','WA70','2022-12-05 21:06:23');
insert into `archercompetition` values ('A264','WA70','2023-06-04 14:55:05');
insert into `archercompetition` values ('A118','WA90','2021-12-24 20:09:49');
insert into `archercompetition` values ('A275','AA50','2022-01-01 03:19:13');
insert into `archercompetition` values ('A163','WA60','2022-05-28 13:16:30');
insert into `archercompetition` values ('A313','WA70','2021-01-04 23:38:31');
insert into `archercompetition` values ('A441','AA40','2021-04-26 14:09:28');
insert into `archercompetition` values ('A214','AA40','2021-07-15 01:35:42');
insert into `archercompetition` values ('A335','WA60','2021-05-30 16:49:25');
insert into `archercompetition` values ('A201','AA40','2023-02-24 19:09:43');
insert into `archercompetition` values ('A447','AA40','2021-10-21 00:06:39');
insert into `archercompetition` values ('A458','WA90','2023-04-01 00:20:00');
insert into `archercompetition` values ('A056','AA50','2021-07-20 17:41:25');
insert into `archercompetition` values ('A472','AA40','2021-12-26 04:39:48');
insert into `archercompetition` values ('A121','AA50','2021-06-09 02:23:35');
insert into `archercompetition` values ('A253','WA90','2023-05-20 04:59:36');


insert into `archercompetition` values ('A493','WA60','2021-05-06 10:00:07');

insert into `archercompetition` values ('A278','AA40','2021-03-03 14:03:33');
insert into `archercompetition` values ('A108','AA40','2021-07-11 04:07:57');
insert into `archercompetition` values ('A331','WA60','2022-07-05 01:47:29');
insert into `archercompetition` values ('A223','WA60','2021-12-30 05:49:50');
insert into `archercompetition` values ('A450','AA40','2021-04-02 22:41:07');
insert into `archercompetition` values ('A479','AA50','2022-02-11 05:33:02');
insert into `archercompetition` values ('A387','WA60','2023-05-10 21:02:13');
insert into `archercompetition` values ('A103','WA70','2022-09-24 10:09:04');
insert into `archercompetition` values ('A035','WA60','2021-10-20 15:47:59');
insert into `archercompetition` values ('A265','WA60','2021-01-18 06:12:55');
insert into `archercompetition` values ('A295','AA40','2021-02-28 23:15:38');
insert into `archercompetition` values ('A318','WA60','2022-05-22 08:33:42');
insert into `archercompetition` values ('A211','AA50','2022-10-17 15:33:58');
insert into `archercompetition` values ('A120','AA50','2021-11-25 17:51:51');
insert into `archercompetition` values ('A494','AA50','2022-04-27 16:31:04');
insert into `archercompetition` values ('A477','WA90','2023-05-20 19:23:29');
insert into `archercompetition` values ('A264','AA50','2022-02-23 17:57:16');
insert into `archercompetition` values ('A143','WA90','2021-08-17 06:43:53');
insert into `archercompetition` values ('A224','AA50','2022-02-11 05:33:02');
insert into `archercompetition` values ('A244','AA40','2022-02-03 15:32:27');
insert into `archercompetition` values ('A367','AA40','2021-04-17 19:43:56');
insert into `archercompetition` values ('A102','AA50','2022-01-15 10:29:15');
insert into `archercompetition` values ('A474','WA90','2021-12-21 04:53:41');
insert into `archercompetition` values ('A052','WA90','2023-05-20 04:59:36');
insert into `archercompetition` values ('A268','AA40','2021-02-28 23:15:38');
insert into `archercompetition` values ('A089','WA90','2021-12-15 11:23:52');
insert into `archercompetition` values ('A403','AA40','2022-02-19 08:48:40');
insert into `archercompetition` values ('A133','WA60','2023-04-14 18:54:11');
insert into `archercompetition` values ('A094','AA40','2022-12-12 08:42:48');
insert into `archercompetition` values ('A323','AA40','2022-02-16 02:46:58');
insert into `archercompetition` values ('A253','WA70','2022-11-29 14:08:54');
insert into `archercompetition` values ('A444','WA60','2021-10-26 13:58:23');
insert into `archercompetition` values ('A290','AA50','2022-04-27 16:31:04');
insert into `archercompetition` values ('A111','WA90','2023-05-03 13:04:07');
insert into `archercompetition` values ('A391','AA50','2021-02-19 16:27:51');
insert into `archercompetition` values ('A225','AA50','2022-11-27 00:44:34');
insert into `archercompetition` values ('A236','AA40','2021-04-26 14:09:28');
insert into `archercompetition` values ('A347','WA60','2022-10-01 15:23:51');
insert into `archercompetition` values ('A101','AA40','2021-10-03 16:55:25');

insert into `archercompetition` values ('A291','AA40','2022-06-07 16:31:13');
insert into `archercompetition` values ('A307','WA60','2021-08-16 06:19:51');
insert into `archercompetition` values ('A021','AA50','2023-01-22 10:34:30');

insert into `archercompetition` values ('A371','AA40','2022-05-17 05:46:22');
insert into `archercompetition` values ('A097','WA90','2021-11-06 19:09:07');
insert into `archercompetition` values ('A228','WA70','2022-09-24 10:09:04');
insert into `archercompetition` values ('A045','WA70','2022-06-08 22:11:30');
insert into `archercompetition` values ('A175','WA90','2021-12-24 20:09:49');
insert into `archercompetition` values ('A211','WA60','2022-02-05 08:50:50');
insert into `archercompetition` values ('A361','AA50','2021-06-09 02:23:35');
insert into `archercompetition` values ('A479','WA60','2021-12-30 05:49:50');
insert into `archercompetition` values ('A338','WA70','2021-05-20 00:18:07');
insert into `archercompetition` values ('A158','WA60','2022-06-17 18:26:09');
insert into `archercompetition` values ('A061','WA60','2022-05-22 08:33:42');
insert into `archercompetition` values ('A443','WA60','2021-06-19 21:06:21');
insert into `archercompetition` values ('A144','AA50','2022-11-18 06:47:20');
insert into `archercompetition` values ('A188','AA50','2023-02-23 16:42:01');
insert into `archercompetition` values ('A191','WA60','2021-08-24 00:04:47');
insert into `archercompetition` values ('A150','WA70','2021-10-25 12:38:54');
insert into `archercompetition` values ('A147','WA90','2022-03-09 13:07:37');
insert into `archercompetition` values ('A498','WA60','2022-05-28 13:16:30');
insert into `archercompetition` values ('A131','AA50','2022-01-01 03:19:13');
insert into `archercompetition` values ('A148','AA40','2023-05-21 11:27:46');
insert into `archercompetition` values ('A402','AA40','2021-04-02 22:41:07');
insert into `archercompetition` values ('A285','WA70','2023-03-27 02:42:50');
insert into `archercompetition` values ('A125','AA40','2021-06-10 07:14:59');
insert into `archercompetition` values ('A277','WA90','2021-12-24 20:09:49');
insert into `archercompetition` values ('A128','AA50','2023-04-27 00:37:26');
insert into `archercompetition` values ('A286','WA70','2023-01-12 19:43:47');
insert into `archercompetition` values ('A123','WA70','2022-11-29 14:08:54');
insert into `archercompetition` values ('A428','WA60','2021-03-15 00:45:41');
insert into `archercompetition` values ('A359','WA90','2023-02-03 11:47:39');
insert into `archercompetition` values ('A222','AA50','2022-02-11 05:33:02');
insert into `archercompetition` values ('A310','AA50','2021-11-25 17:51:51');
insert into `archercompetition` values ('A144','WA90','2023-05-03 13:04:07');
insert into `archercompetition` values ('A333','WA70','2022-05-15 05:06:09');
insert into `archercompetition` values ('A282','AA40','2022-01-16 04:43:37');
insert into `archercompetition` values ('A058','AA50','2021-12-11 03:41:15');
insert into `archercompetition` values ('A261','WA70','2023-05-29 12:20:08');
insert into `archercompetition` values ('A492','AA40','2021-04-17 19:43:56');
insert into `archercompetition` values ('A480','WA60','2022-09-13 21:22:23');
insert into `archercompetition` values ('A346','WA70','2021-01-02 05:42:59');
insert into `archercompetition` values ('A249','WA60','2023-03-03 18:46:47');
insert into `archercompetition` values ('A401','WA60','2021-08-17 21:34:30');
insert into `archercompetition` values ('A165','WA60','2021-06-19 21:06:21');
insert into `archercompetition` values ('A291','AA40','2021-12-26 04:39:48');
insert into `archercompetition` values ('A292','AA40','2021-09-21 01:46:44');
insert into `archercompetition` values ('A470','AA40','2022-03-31 11:20:28');
insert into `archercompetition` values ('A115','WA60','2022-04-18 22:11:04');
insert into `archercompetition` values ('A254','AA50','2022-07-01 14:46:08');
insert into `archercompetition` values ('A151','WA60','2021-03-14 03:15:49');
insert into `archercompetition` values ('A012','WA60','2021-08-16 06:19:51');
insert into `archercompetition` values ('A095','WA70','2022-05-04 11:15:29');
insert into `archercompetition` values ('A082','WA60','2021-11-02 00:40:30');
insert into `archercompetition` values ('A468','WA60','2023-05-31 10:06:11');
insert into `archercompetition` values ('A196','WA90','2022-06-29 08:37:23');
insert into `archercompetition` values ('A119','WA90','2021-11-10 08:08:44');
insert into `archercompetition` values ('A269','WA70','2021-05-20 00:18:07');
insert into `archercompetition` values ('A307','AA40','2022-02-19 08:48:40');
insert into `archercompetition` values ('A372','AA50','2022-04-27 16:31:04');
insert into `archercompetition` values ('A257','AA50','2021-11-06 05:31:23');
insert into `archercompetition` values ('A449','WA90','2022-01-29 23:29:53');
insert into `archercompetition` values ('A094','WA90','2022-03-09 13:07:37');
insert into `archercompetition` values ('A081','WA90','2023-06-11 14:53:57');
insert into `archercompetition` values ('A376','AA50','2022-09-08 01:01:56');
insert into `archercompetition` values ('A448','AA40','2021-04-26 14:09:28');
insert into `archercompetition` values ('A377','WA70','2023-06-04 14:55:05');
insert into `archercompetition` values ('A242','AA50','2023-02-23 16:42:01');
insert into `archercompetition` values ('A016','WA60','2021-05-06 10:00:07');
insert into `archercompetition` values ('A174','WA90','2021-07-22 00:01:14');
insert into `archercompetition` values ('A110','WA90','2021-12-24 16:46:25');
insert into `archercompetition` values ('A051','WA90','2022-06-27 04:03:20');
insert into `archercompetition` values ('A143','WA70','2021-04-12 19:31:05');
insert into `archercompetition` values ('A305','WA90','2022-02-10 15:36:52');
insert into `archercompetition` values ('A136','WA70','2023-01-19 11:01:25');
insert into `archercompetition` values ('A335','AA40','2021-12-27 15:50:11');

insert into `archercompetition` values ('A127','WA60','2021-05-30 16:49:25');
insert into `archercompetition` values ('A492','AA40','2021-02-28 23:15:38');
insert into `archercompetition` values ('A481','WA90','2022-02-11 01:59:37');
insert into `archercompetition` values ('A384','AA50','2021-11-06 05:31:23');
insert into `archercompetition` values ('A019','WA60','2023-04-14 18:54:11');
insert into `archercompetition` values ('A309','AA40','2022-01-28 09:11:33');
insert into `archercompetition` values ('A349','WA60','2022-09-13 21:22:23');
insert into `archercompetition` values ('A011','WA60','2021-08-17 21:34:30');
insert into `archercompetition` values ('A206','WA70','2022-07-30 14:09:03');
insert into `archercompetition` values ('A267','WA70','2022-12-05 21:06:23');
insert into `archercompetition` values ('A139','WA60','2021-11-02 00:40:30');
insert into `archercompetition` values ('A224','WA60','2021-06-13 00:52:27');
insert into `archercompetition` values ('A143','AA50','2022-01-15 10:29:14');
insert into `archercompetition` values ('A300','WA90','2022-06-29 08:37:23');
insert into `archercompetition` values ('A237','WA70','2022-06-08 22:11:30');
insert into `archercompetition` values ('A120','AA50','2021-07-20 17:41:25');
insert into `archercompetition` values ('A396','AA40','2023-05-15 17:11:00');
insert into `archercompetition` values ('A444','WA90','2023-05-03 13:04:07');
insert into `archercompetition` values ('A452','WA60','2021-07-01 01:22:36');
insert into `archercompetition` values ('A082','WA90','2023-04-16 12:05:50');
insert into `archercompetition` values ('A192','WA60','2022-06-21 12:27:46');
insert into `archercompetition` values ('A388','AA40','2022-06-30 17:46:36');
insert into `archercompetition` values ('A118','WA70','2021-08-08 17:15:55');
insert into `archercompetition` values ('A321','WA90','2022-03-23 19:57:13');
insert into `archercompetition` values ('A185','WA90','2023-02-03 11:47:39');
insert into `archercompetition` values ('A344','WA70','2023-02-09 22:55:11');
insert into `archercompetition` values ('A165','AA40','2021-06-05 06:38:15');
insert into `archercompetition` values ('A340','AA40','2021-04-26 14:09:28');
insert into `archercompetition` values ('A455','WA70','2022-02-12 00:21:43');
insert into `archercompetition` values ('A460','WA70','2023-03-12 04:21:17');
insert into `archercompetition` values ('A465','WA70','2023-02-07 19:28:43');
insert into `archercompetition` values ('A389','WA60','2022-08-16 17:43:59');
insert into `archercompetition` values ('A020','AA50','2023-06-18 04:45:59');
insert into `archercompetition` values ('A281','WA60','2022-12-22 03:41:18');
insert into `archercompetition` values ('A268','AA40','2022-02-16 02:46:58');
insert into `archercompetition` values ('A480','AA40','2021-04-17 19:43:56');
insert into `archercompetition` values ('A319','WA60','2021-10-20 15:47:59');
insert into `archercompetition` values ('A258','WA90','2021-11-26 11:27:18');
insert into `archercompetition` values ('A308','AA50','2022-04-20 15:49:01');
insert into `archercompetition` values ('A187','AA40','2023-06-14 21:30:25');
insert into `archercompetition` values ('A208','WA70','2023-04-16 04:02:26');
insert into `archercompetition` values ('A425','AA50','2021-07-19 08:16:55');
insert into `archercompetition` values ('A378','WA70','2022-02-04 01:57:00');
insert into `archercompetition` values ('A361','WA70','2021-01-04 23:38:31');
insert into `archercompetition` values ('A195','WA70','2022-04-06 07:32:33');
insert into `archercompetition` values ('A200','WA60','2021-08-16 06:19:51');
insert into `archercompetition` values ('A494','AA50','2023-02-23 16:42:01');
insert into `archercompetition` values ('A334','WA70','2023-05-29 12:20:08');
insert into `archercompetition` values ('A122','WA70','2023-01-19 11:01:25');
insert into `archercompetition` values ('A275','AA40','2023-05-21 11:27:46');
insert into `archercompetition` values ('A461','AA40','2022-05-17 05:46:22');
insert into `archercompetition` values ('A460','WA90','2021-09-25 11:34:14');
insert into `archercompetition` values ('A019','WA90','2022-01-29 23:29:53');
insert into `archercompetition` values ('A453','WA60','2022-12-22 03:41:18');
insert into `archercompetition` values ('A066','WA70','2022-03-16 23:37:55');
insert into `archercompetition` values ('A442','AA40','2022-02-17 09:21:36');
insert into `archercompetition` values ('A212','WA60','2022-06-26 19:09:34');
insert into `archercompetition` values ('A484','AA40','2021-09-21 01:46:44');
insert into `archercompetition` values ('A220','WA60','2022-07-05 01:47:29');
insert into `archercompetition` values ('A196','AA50','2021-07-19 08:16:55');
insert into `archercompetition` values ('A035','WA70','2021-11-21 17:39:33');
insert into `archercompetition` values ('A179','WA70','2022-09-23 10:17:33');
insert into `archercompetition` values ('A354','WA70','2022-11-29 14:08:54');
insert into `archercompetition` values ('A209','WA70','2023-05-29 12:20:08');
insert into `archercompetition` values ('A098','WA90','2023-04-01 00:20:00');
insert into `archercompetition` values ('A029','AA40','2021-02-25 04:29:29');
insert into `archercompetition` values ('A191','WA70','2022-06-08 22:11:30');
insert into `archercompetition` values ('A349','WA90','2023-01-30 03:10:56');
insert into `archercompetition` values ('A264','AA40','2023-02-01 23:32:09');
insert into `archercompetition` values ('A075','AA50','2021-02-19 16:27:51');
insert into `archercompetition` values ('A339','WA70','2021-02-03 23:50:03');
insert into `archercompetition` values ('A402','WA60','2022-08-16 17:43:59');
insert into `archercompetition` values ('A165','WA60','2022-10-01 15:23:51');
insert into `archercompetition` values ('A173','WA60','2021-07-22 08:07:01');
insert into `archercompetition` values ('A498','WA70','2023-03-12 04:21:17');
insert into `archercompetition` values ('A425','WA70','2022-07-30 14:09:03');
insert into `archercompetition` values ('A435','WA60','2022-03-06 11:49:45');
insert into `archercompetition` values ('A160','AA40','2021-07-11 04:07:57');
insert into `archercompetition` values ('A211','AA50','2023-04-27 00:37:26');
insert into `archercompetition` values ('A045','WA70','2021-12-04 05:15:14');
insert into `archercompetition` values ('A416','AA40','2022-06-07 16:31:13');
insert into `archercompetition` values ('A463','WA70','2022-05-15 05:06:09');
insert into `archercompetition` values ('A094','AA50','2021-02-08 14:31:00');
insert into `archercompetition` values ('A279','WA60','2021-06-19 21:06:21');
insert into `archercompetition` values ('A202','WA60','2023-05-31 10:06:11');
insert into `archercompetition` values ('A077','AA50','2021-10-25 07:55:58');
insert into `archercompetition` values ('A340','AA40','2021-04-26 14:09:29');
insert into `archercompetition` values ('A032','WA70','2023-04-16 04:02:26');
insert into `archercompetition` values ('A390','WA70','2021-01-02 05:42:59');
insert into `archercompetition` values ('A273','WA90','2022-04-04 11:42:05');
insert into `archercompetition` values ('A323','WA90','2021-04-05 22:06:17');
insert into `archercompetition` values ('A473','WA90','2021-12-15 11:23:52');
insert into `archercompetition` values ('A180','WA70','2022-02-04 01:57:00');
insert into `archercompetition` values ('A169','WA90','2021-12-24 16:46:25');
insert into `archercompetition` values ('A021','WA60','2021-10-26 13:58:23');
insert into `archercompetition` values ('A065','WA60','2023-06-19 16:41:01');

insert into `archercompetition` values ('A183','AA50','2022-09-12 21:54:05');
insert into `archercompetition` values ('A279','WA90','2022-06-12 08:33:24');
insert into `archercompetition` values ('A111','AA50','2023-01-25 00:59:28');
insert into `archercompetition` values ('A423','AA40','2023-05-21 11:27:46');
insert into `archercompetition` values ('A428','WA90','2022-06-27 04:03:20');
insert into `archercompetition` values ('A103','WA90','2022-01-29 23:29:53');
insert into `archercompetition` values ('A090','WA70','2022-02-12 00:21:43');
insert into `archercompetition` values ('A104','WA60','2022-08-16 17:43:59');
insert into `archercompetition` values ('A441','WA60','2023-05-31 10:06:11');
insert into `archercompetition` values ('A427','AA50','2022-10-06 03:04:39');
insert into `archercompetition` values ('A327','WA90','2023-02-03 11:47:39');
insert into `archercompetition` values ('A239','WA70','2022-04-06 07:32:33');
insert into `archercompetition` values ('A354','WA70','2022-11-05 12:06:51');
insert into `archercompetition` values ('A486','WA60','2021-07-01 01:22:36');
insert into `archercompetition` values ('A450','AA50','2022-02-11 05:33:02');
insert into `archercompetition` values ('A043','WA70','2021-11-21 17:39:33');
insert into `archercompetition` values ('A407','WA60','2021-03-15 00:45:41');
insert into `archercompetition` values ('A226','AA40','2022-08-08 14:51:31');
insert into `archercompetition` values ('A023','AA40','2021-03-03 14:03:33');
insert into `archercompetition` values ('A191','WA90','2021-12-15 11:23:52');
insert into `archercompetition` values ('A061','AA50','2021-04-27 23:24:32');
insert into `archercompetition` values ('A481','WA90','2021-09-25 11:34:14');
insert into `archercompetition` values ('A445','AA50','2023-04-27 00:37:26');
insert into `archercompetition` values ('A236','WA70','2022-05-04 11:15:29');
insert into `archercompetition` values ('A453','WA70','2021-08-08 17:15:55');
insert into `archercompetition` values ('A436','AA50','2022-01-15 10:29:14');
insert into `archercompetition` values ('A374','AA50','2022-04-19 02:28:47');
insert into `archercompetition` values ('A148','WA90','2022-02-11 01:59:37');
insert into `archercompetition` values ('A290','AA50','2021-07-19 08:16:55');
insert into `archercompetition` values ('A176','AA40','2022-03-31 11:20:28');
insert into `archercompetition` values ('A389','AA50','2021-11-25 17:51:51');

insert into `archercompetition` values ('A166','AA50','2022-01-01 03:19:13');
insert into `archercompetition` values ('A088','WA90','2023-01-30 03:10:56');
insert into `archercompetition` values ('A284','AA40','2022-12-12 08:42:48');
insert into `archercompetition` values ('A361','AA40','2022-05-02 14:02:22');
insert into `archercompetition` values ('A492','AA50','2021-06-09 02:23:35');
insert into `archercompetition` values ('A057','AA50','2022-01-24 02:30:58');
insert into `archercompetition` values ('A498','WA60','2022-05-23 12:34:51');
insert into `archercompetition` values ('A281','WA70','2023-01-12 19:43:47');
insert into `archercompetition` values ('A348','AA40','2021-05-21 15:10:11');
insert into `archercompetition` values ('A342','WA70','2022-11-18 12:24:39');
insert into `archercompetition` values ('A017','WA70','2023-03-12 04:21:17');
insert into `archercompetition` values ('A448','AA50','2023-01-22 10:34:30');
insert into `archercompetition` values ('A180','WA70','2022-12-05 21:06:23');
insert into `archercompetition` values ('A252','WA70','2023-01-19 11:01:25');
insert into `archercompetition` values ('A431','WA70','2022-08-04 11:33:07');
insert into `archercompetition` values ('A467','WA70','2022-05-15 05:06:09');
insert into `archercompetition` values ('A198','WA90','2021-11-26 11:27:18');
insert into `archercompetition` values ('A426','AA50','2022-11-27 00:44:34');
insert into `archercompetition` values ('A052','WA70','2022-12-19 00:09:07');
insert into `archercompetition` values ('A165','AA50','2021-12-06 18:35:25');
insert into `archercompetition` values ('A479','WA90','2023-05-20 04:59:36');
insert into `archercompetition` values ('A473','AA40','2021-02-25 04:29:28');
insert into `archercompetition` values ('A242','WA70','2021-05-20 00:18:07');
insert into `archercompetition` values ('A343','WA70','2022-06-08 22:11:30');
insert into `archercompetition` values ('A267','WA60','2022-02-01 07:38:57');
insert into `archercompetition` values ('A023','AA50','2023-01-22 10:34:30');
insert into `archercompetition` values ('A333','WA60','2022-05-23 12:34:51');
insert into `archercompetition` values ('A356','WA70','2022-02-12 00:21:43');
insert into `archercompetition` values ('A337','WA70','2022-03-29 17:52:46');
insert into `archercompetition` values ('A389','WA70','2023-03-23 12:03:58');
insert into `archercompetition` values ('A319','AA50','2022-09-12 21:54:05');
insert into `archercompetition` values ('A383','AA50','2023-06-13 09:54:09');
insert into `archercompetition` values ('A391','WA90','2023-01-30 03:10:56');
insert into `archercompetition` values ('A026','WA70','2022-08-04 11:33:07');
insert into `archercompetition` values ('A031','AA40','2022-02-19 08:48:40');
insert into `archercompetition` values ('A312','WA70','2021-12-04 05:15:14');
insert into `archercompetition` values ('A497','AA40','2021-04-17 19:43:56');
insert into `archercompetition` values ('A295','WA60','2021-01-18 06:12:55');
insert into `archercompetition` values ('A229','WA90','2023-05-03 13:07:05');
insert into `archercompetition` values ('A221','WA70','2023-05-29 12:20:08');
insert into `archercompetition` values ('A222','AA40','2021-02-28 23:15:38');
insert into `archercompetition` values ('A014','WA70','2022-11-29 14:08:54');
insert into `archercompetition` values ('A418','WA70','2022-05-04 11:15:29');
insert into `archercompetition` values ('A304','AA40','2021-03-03 14:03:33');
insert into `archercompetition` values ('A345','WA90','2021-05-20 01:16:19');
insert into `archercompetition` values ('A489','AA40','2021-04-26 14:09:28');
insert into `archercompetition` values ('A320','WA70','2023-06-11 15:57:30');
insert into `archercompetition` values ('A056','WA60','2022-08-16 17:43:59');
insert into `archercompetition` values ('A442','WA70','2021-03-24 00:05:45');
insert into `archercompetition` values ('A009','WA70','2023-03-12 04:21:17');
insert into `archercompetition` values ('A034','AA40','2021-07-25 21:13:38');
insert into `archercompetition` values ('A294','WA60','2021-11-02 00:40:30');
insert into `archercompetition` values ('A492','WA90','2022-03-06 09:05:03');
insert into `archercompetition` values ('A408','WA70','2022-02-04 01:57:00');
insert into `archercompetition` values ('A371','AA50','2023-01-25 00:59:28');
insert into `archercompetition` values ('A157','WA60','2021-05-06 10:00:07');
insert into `archercompetition` values ('A448','AA50','2022-10-17 15:33:58');
insert into `archercompetition` values ('A085','AA50','2021-06-09 02:23:35');
insert into `archercompetition` values ('A368','AA40','2023-02-01 23:32:09');
insert into `archercompetition` values ('A175','WA70','2023-03-27 02:42:50');
insert into `archercompetition` values ('A296','AA50','2022-04-20 15:49:01');
insert into `archercompetition` values ('A420','AA50','2022-01-24 02:30:58');
insert into `archercompetition` values ('A245','AA40','2022-05-17 05:46:22');
insert into `archercompetition` values ('A472','WA60','2021-06-13 00:52:27');
insert into `archercompetition` values ('A474','WA90','2022-02-10 15:36:52');
insert into `archercompetition` values ('A435','AA50','2022-10-06 03:04:39');
insert into `archercompetition` values ('A032','WA70','2022-05-13 05:56:12');
insert into `archercompetition` values ('A363','WA70','2021-10-25 12:38:54');
insert into `archercompetition` values ('A050','WA90','2021-08-17 06:43:53');
insert into `archercompetition` values ('A068','WA90','2022-03-09 13:07:37');
insert into `archercompetition` values ('A475','AA40','2022-02-17 09:21:36');
insert into `archercompetition` values ('A441','WA70','2022-09-23 10:17:33');
insert into `archercompetition` values ('A276','WA60','2021-05-06 10:00:07');
insert into `archercompetition` values ('A083','AA40','2022-01-28 09:11:33');
insert into `archercompetition` values ('A242','WA90','2022-02-11 01:59:37');
insert into `archercompetition` values ('A165','WA70','2022-03-29 17:52:46');
insert into `archercompetition` values ('A374','WA70','2022-11-18 12:24:39');
insert into `archercompetition` values ('A448','WA90','2023-05-03 13:04:07');
insert into `archercompetition` values ('A386','AA40','2021-02-25 04:29:28');
insert into `archercompetition` values ('A025','WA70','2021-03-24 00:05:45');
insert into `archercompetition` values ('A272','WA90','2021-12-21 04:53:41');
insert into `archercompetition` values ('A384','AA40','2023-02-24 19:09:43');

insert into `archercompetition` values ('A099','WA90','2021-07-22 00:01:14');
insert into `archercompetition` values ('A379','WA70','2022-02-12 00:21:43');
insert into `archercompetition` values ('A036','WA70','2022-05-13 05:56:12');
insert into `archercompetition` values ('A356','AA40','2021-07-11 04:07:57');
insert into `archercompetition` values ('A381','AA50','2023-02-07 13:49:20');
insert into `archercompetition` values ('A261','WA60','2023-03-03 18:46:47');
insert into `archercompetition` values ('A257','AA50','2021-12-11 03:41:15');
insert into `archercompetition` values ('A201','WA60','2021-08-17 21:34:30');
insert into `archercompetition` values ('A337','WA60','2022-02-05 08:50:49');
insert into `archercompetition` values ('A454','WA60','2022-05-23 12:34:51');
insert into `archercompetition` values ('A311','AA50','2022-09-12 21:54:05');
insert into `archercompetition` values ('A153','AA50','2023-01-25 00:59:28');
insert into `archercompetition` values ('A231','WA70','2023-02-09 22:55:11');
insert into `archercompetition` values ('A223','WA90','2023-05-03 13:07:05');
insert into `archercompetition` values ('A093','WA90','2022-06-27 04:03:20');
insert into `archercompetition` values ('A170','AA50','2022-10-06 03:04:39');
insert into `archercompetition` values ('A330','AA50','2022-07-01 14:46:08');
insert into `archercompetition` values ('A128','WA60','2021-03-14 14:49:36');
insert into `archercompetition` values ('A105','WA60','2022-11-21 01:44:14');
insert into `archercompetition` values ('A282','AA50','2021-08-27 23:28:19');
insert into `archercompetition` values ('A091','AA40','2023-06-14 21:30:25');
insert into `archercompetition` values ('A359','WA70','2021-10-10 12:26:46');
insert into `archercompetition` values ('A216','WA60','2022-06-26 19:09:34');
insert into `archercompetition` values ('A424','AA50','2021-02-08 14:31:00');
insert into `archercompetition` values ('A447','WA60','2021-12-30 05:49:50');
insert into `archercompetition` values ('A464','WA60','2021-06-13 00:52:27');
insert into `archercompetition` values ('A410','AA50','2023-06-18 04:45:59');

insert into `archercompetition` values ('A060','AA40','2021-09-21 01:46:44');
insert into `archercompetition` values ('A190','WA70','2023-06-04 14:55:05');
insert into `archercompetition` values ('A154','AA50','2023-01-22 10:34:30');
insert into `archercompetition` values ('A024','WA90','2022-01-06 13:14:41');
insert into `archercompetition` values ('A107','AA50','2022-02-11 05:33:02');
insert into `archercompetition` values ('A415','WA70','2022-12-05 21:06:23');
insert into `archercompetition` values ('A376','AA50','2021-07-20 17:41:25');
insert into `archercompetition` values ('A392','WA90','2023-05-20 04:59:36');
insert into `archercompetition` values ('A007','WA60','2021-11-02 00:40:30');
insert into `archercompetition` values ('A429','WA60','2021-01-18 06:12:55');
insert into `archercompetition` values ('A174','AA40','2021-10-21 00:06:39');
insert into `archercompetition` values ('A075','WA60','2021-12-30 05:49:50');
insert into `archercompetition` values ('A269','WA90','2022-06-29 08:37:23');
insert into `archercompetition` values ('A496','AA50','2021-07-19 08:16:55');
insert into `archercompetition` values ('A380','WA60','2021-06-13 00:52:27');
insert into `archercompetition` values ('A237','WA90','2021-12-15 11:23:52');
insert into `archercompetition` values ('A284','AA40','2021-02-28 23:15:38');
insert into `archercompetition` values ('A371','AA50','2021-12-06 18:35:25');
insert into `archercompetition` values ('A314','WA70','2021-03-24 00:05:45');
insert into `archercompetition` values ('A401','AA40','2021-07-11 04:07:57');
insert into `archercompetition` values ('A403','WA70','2023-05-29 12:20:08');
insert into `archercompetition` values ('A387','WA60','2021-07-01 01:22:36');
insert into `archercompetition` values ('A140','WA90','2021-11-26 11:27:18');
insert into `archercompetition` values ('A070','AA50','2022-10-17 15:33:58');
insert into `archercompetition` values ('A285','WA90','2023-01-30 03:10:56');
insert into `archercompetition` values ('A277','AA50','2021-11-25 17:51:51');
insert into `archercompetition` values ('A471','AA40','2023-02-01 23:32:09');
insert into `archercompetition` values ('A192','WA90','2021-09-25 11:34:14');
insert into `archercompetition` values ('A386','AA50','2021-10-25 07:55:58');
insert into `archercompetition` values ('A446','WA70','2021-12-04 05:15:14');
insert into `archercompetition` values ('A238','AA50','2021-07-20 17:41:25');
insert into `archercompetition` values ('A053','AA40','2023-05-15 17:11:00');
insert into `archercompetition` values ('A335','AA40','2022-11-26 19:54:21');
insert into `archercompetition` values ('A498','WA90','2022-01-18 13:45:28');
insert into `archercompetition` values ('A494','WA90','2022-03-09 13:07:37');
insert into `archercompetition` values ('A199','AA40','2022-09-13 23:25:09');
insert into `archercompetition` values ('A082','AA50','2023-02-23 16:42:01');
insert into `archercompetition` values ('A415','WA70','2022-08-04 11:33:07');
insert into `archercompetition` values ('A474','WA70','2022-11-29 14:08:54');
insert into `archercompetition` values ('A421','AA40','2021-04-26 14:09:28');
insert into `archercompetition` values ('A271','WA70','2023-03-27 02:42:50');
insert into `archercompetition` values ('A005','AA50','2022-04-19 02:28:47');
insert into `archercompetition` values ('A202','AA40','2022-06-30 17:46:36');
insert into `archercompetition` values ('A229','AA40','2021-07-25 21:13:38');
insert into `archercompetition` values ('A435','AA40','2022-11-25 07:06:51');
insert into `archercompetition` values ('A355','WA90','2022-01-06 13:14:41');
insert into `archercompetition` values ('A030','AA50','2022-01-24 02:30:58');
insert into `archercompetition` values ('A349','WA90','2022-06-27 04:03:20');
insert into `archercompetition` values ('A125','WA70','2021-02-03 23:50:03');
insert into `archercompetition` values ('A067','AA40','2022-01-28 09:11:33');

insert into `archercompetition` values ('A091','WA70','2022-11-18 12:24:39');
insert into `archercompetition` values ('A449','AA40','2021-10-03 16:55:25');
insert into `archercompetition` values ('A231','WA90','2023-05-20 04:59:36');
insert into `archercompetition` values ('A137','AA50','2023-06-18 04:45:59');
insert into `archercompetition` values ('A338','WA60','2021-03-14 03:15:49');
insert into `archercompetition` values ('A264','WA60','2021-05-06 10:00:07');
insert into `archercompetition` values ('A028','AA50','2022-10-06 03:04:39');
insert into `archercompetition` values ('A337','WA70','2022-05-13 05:56:12');

insert into `archercompetition` values ('A190','AA40','2022-02-16 02:46:58');
insert into `archercompetition` values ('A310','AA50','2022-11-18 06:47:20');
insert into `archercompetition` values ('A141','WA70','2023-01-19 11:01:25');
insert into `archercompetition` values ('A240','WA70','2021-04-12 19:31:05');
insert into `archercompetition` values ('A061','AA40','2022-02-19 08:48:40');
insert into `archercompetition` values ('A260','WA70','2022-11-18 12:24:39');
insert into `archercompetition` values ('A468','WA70','2021-05-20 00:18:07');
insert into `archercompetition` values ('A397','WA90','2023-06-11 14:53:57');
insert into `archercompetition` values ('A113','WA90','2021-09-25 11:34:14');
insert into `archercompetition` values ('A274','AA50','2022-04-19 02:28:47');
insert into `archercompetition` values ('A195','AA40','2022-11-26 19:54:21');
insert into `archercompetition` values ('A301','WA90','2022-01-06 13:14:41');
insert into `archercompetition` values ('A029','AA40','2022-11-25 07:06:51');
insert into `archercompetition` values ('A475','AA40','2021-04-17 19:43:56');
insert into `archercompetition` values ('A252','WA90','2022-06-29 08:37:23');
insert into `archercompetition` values ('A387','WA90','2022-01-18 13:45:28');
insert into `archercompetition` values ('A452','AA40','2021-06-05 06:38:15');
insert into `archercompetition` values ('A110','WA90','2022-04-04 11:42:05');
insert into `archercompetition` values ('A363','AA40','2021-10-21 00:06:39');
insert into `archercompetition` values ('A053','WA90','2022-03-06 09:05:03');
insert into `archercompetition` values ('A088','AA50','2022-09-12 21:54:05');
insert into `archercompetition` values ('A076','AA50','2021-08-27 23:28:19');
insert into `archercompetition` values ('A453','WA60','2023-03-05 03:57:53');
insert into `archercompetition` values ('A302','WA60','2022-03-06 11:49:45');
insert into `archercompetition` values ('A279','AA50','2021-12-06 18:35:25');
insert into `archercompetition` values ('A025','AA40','2021-09-21 01:46:44');
insert into `archercompetition` values ('A270','WA70','2021-11-21 17:39:33');
insert into `archercompetition` values ('A154','WA60','2022-05-22 08:33:42');
insert into `archercompetition` values ('A269','WA90','2021-07-22 00:01:14');
insert into `archercompetition` values ('A463','AA40','2021-07-11 04:07:57');
insert into `archercompetition` values ('A264','WA60','2022-09-13 21:22:23');
insert into `archercompetition` values ('A376','WA60','2022-06-17 18:26:09');
insert into `archercompetition` values ('A257','AA50','2021-06-09 02:23:35');
insert into `archercompetition` values ('A248','WA60','2022-10-01 15:23:51');
insert into `archercompetition` values ('A135','AA40','2022-09-25 01:38:19');
insert into `archercompetition` values ('A197','WA60','2021-03-15 00:45:41');
insert into `archercompetition` values ('A160','WA60','2022-12-22 03:41:18');
insert into `archercompetition` values ('A334','AA50','2021-02-19 16:27:51');
insert into `archercompetition` values ('A314','WA70','2023-02-07 00:15:44');
insert into `archercompetition` values ('A099','WA60','2021-05-06 10:00:07');
insert into `archercompetition` values ('A367','AA40','2021-12-26 04:39:48');
insert into `archercompetition` values ('A311','WA70','2022-02-04 01:57:00');
insert into `archercompetition` values ('A122','AA50','2023-04-27 00:37:26');
insert into `archercompetition` values ('A444','AA40','2023-05-15 17:11:00');
insert into `archercompetition` values ('A146','AA40','2021-02-25 04:29:28');
insert into `archercompetition` values ('A139','AA50','2022-01-24 02:30:58');
insert into `archercompetition` values ('A439','WA60','2021-01-18 06:12:55');
insert into `archercompetition` values ('A413','AA50','2022-11-27 00:44:34');
insert into `archercompetition` values ('A416','AA50','2022-11-27 00:44:34');
insert into `archercompetition` values ('A303','WA90','2021-12-24 20:09:49');
insert into `archercompetition` values ('A078','AA40','2021-03-03 14:03:33');
insert into `archercompetition` values ('A308','WA70','2022-02-12 00:21:43');
insert into `archercompetition` values ('A264','AA50','2021-11-06 05:31:23');
insert into `archercompetition` values ('A179','WA70','2021-04-12 19:31:05');
insert into `archercompetition` values ('A107','AA40','2021-04-26 14:09:28');
insert into `archercompetition` values ('A137','WA90','2023-04-01 00:20:00');
insert into `archercompetition` values ('A013','WA70','2022-11-29 14:08:54');
insert into `archercompetition` values ('A489','WA70','2021-08-08 17:15:55');
insert into `archercompetition` values ('A164','WA90','2022-01-18 13:45:28');
insert into `archercompetition` values ('A258','AA50','2021-06-09 02:23:35');
insert into `archercompetition` values ('A281','AA50','2022-11-18 06:47:20');
insert into `archercompetition` values ('A211','AA40','2022-10-02 18:22:35');
insert into `archercompetition` values ('A223','AA40','2021-10-15 08:49:22');
insert into `archercompetition` values ('A260','AA50','2022-09-12 21:54:05');
insert into `archercompetition` values ('A118','WA70','2022-07-30 14:09:03');
insert into `archercompetition` values ('A455','WA90','2022-06-27 04:03:20');
insert into `archercompetition` values ('A343','WA90','2022-02-11 01:59:37');
insert into `archercompetition` values ('A187','AA50','2021-08-27 23:28:19');
insert into `archercompetition` values ('A067','WA90','2022-07-19 10:58:53');
insert into `archercompetition` values ('A259','WA90','2023-06-11 14:53:57');
insert into `archercompetition` values ('A463','WA70','2022-09-23 10:17:33');
insert into `archercompetition` values ('A500','AA50','2023-06-18 04:45:59');
insert into `archercompetition` values ('A472','AA40','2022-09-25 01:38:19');
insert into `archercompetition` values ('A440','AA40','2022-09-13 23:25:09');
insert into `archercompetition` values ('A025','AA40','2021-07-25 21:13:38');
insert into `archercompetition` values ('A495','AA50','2022-02-11 05:33:02');
insert into `archercompetition` values ('A429','AA40','2021-06-05 06:38:15');
insert into `archercompetition` values ('A450','AA40','2021-07-15 01:35:42');
insert into `archercompetition` values ('A039','AA50','2022-10-17 15:33:58');
insert into `archercompetition` values ('A488','WA90','2021-12-21 04:53:41');
insert into `archercompetition` values ('A070','WA60','2022-12-22 03:41:18');
insert into `archercompetition` values ('A307','WA60','2023-03-05 03:57:53');
insert into `archercompetition` values ('A279','WA90','2023-05-03 13:04:07');
insert into `archercompetition` values ('A288','WA70','2022-03-16 23:37:55');
insert into `archercompetition` values ('A139','AA40','2022-02-16 02:46:58');
insert into `archercompetition` values ('A009','AA40','2021-02-28 23:15:38');
insert into `archercompetition` values ('A247','AA40','2021-09-21 01:46:44');
insert into `archercompetition` values ('A485','WA90','2021-08-17 06:43:53');
insert into `archercompetition` values ('A462','AA50','2022-01-01 03:19:13');
insert into `archercompetition` values ('A345','WA60','2021-03-15 00:45:41');
insert into `archercompetition` values ('A155','WA60','2022-06-21 12:27:46');
insert into `archercompetition` values ('A217','AA50','2022-09-08 01:01:56');
insert into `archercompetition` values ('A026','AA40','2022-01-16 04:43:37');
insert into `archercompetition` values ('A173','AA40','2022-01-28 09:11:33');
insert into `archercompetition` values ('A342','AA50','2021-02-19 16:27:51');
insert into `archercompetition` values ('A337','AA40','2021-05-21 15:10:11');
insert into `archercompetition` values ('A293','WA90','2022-03-23 19:57:13');
insert into `archercompetition` values ('A066','AA40','2021-12-26 04:39:48');
insert into `archercompetition` values ('A259','WA60','2022-10-01 15:23:51');
insert into `archercompetition` values ('A095','WA70','2022-02-04 01:57:00');
insert into `archercompetition` values ('A071','WA60','2023-03-03 18:46:47');
insert into `archercompetition` values ('A174','AA40','2021-04-02 22:41:07');
insert into `archercompetition` values ('A489','AA50','2022-06-13 01:31:03');
insert into `archercompetition` values ('A268','WA90','2022-01-29 23:29:53');
insert into `archercompetition` values ('A070','WA70','2023-03-12 04:21:17');
insert into `archercompetition` values ('A460','AA50','2021-02-08 14:31:00');
insert into `archercompetition` values ('A058','WA70','2022-02-12 00:21:43');
insert into `archercompetition` values ('A212','AA40','2022-11-25 07:06:51');
insert into `archercompetition` values ('A198','AA50','2022-10-17 15:33:58');
insert into `archercompetition` values ('A191','WA70','2021-01-04 23:38:31');
insert into `archercompetition` values ('A206','WA70','2021-04-12 19:31:05');
insert into `archercompetition` values ('A304','AA50','2021-12-06 18:35:25');
insert into `archercompetition` values ('A332','WA90','2022-07-19 10:58:53');
insert into `archercompetition` values ('A051','WA60','2022-08-08 07:50:04');
insert into `archercompetition` values ('A105','WA90','2021-12-21 04:53:41');
insert into `archercompetition` values ('A110','WA90','2021-08-17 06:43:53');
insert into `archercompetition` values ('A054','WA70','2022-03-16 23:37:55');
insert into `archercompetition` values ('A148','WA70','2021-10-25 12:38:54');
insert into `archercompetition` values ('A318','WA60','2022-06-17 18:26:09');
insert into `archercompetition` values ('A039','WA90','2022-06-27 04:03:20');
insert into `archercompetition` values ('A016','AA40','2021-04-17 19:43:56');
insert into `archercompetition` values ('A314','WA90','2022-03-09 13:07:37');
insert into `archercompetition` values ('A346','WA60','2023-06-19 16:41:01');
insert into `archercompetition` values ('A088','WA60','2022-03-19 00:03:49');
insert into `archercompetition` values ('A048','WA60','2022-06-21 12:27:46');
insert into `archercompetition` values ('A403','AA50','2023-02-07 13:49:20');
insert into `archercompetition` values ('A357','AA40','2021-12-26 04:39:48');
insert into `archercompetition` values ('A126','AA40','2022-09-25 01:38:19');
insert into `archercompetition` values ('A029','AA40','2021-09-21 01:46:44');
insert into `archercompetition` values ('A465','WA70','2022-03-29 17:52:46');
insert into `archercompetition` values ('A034','AA40','2022-09-13 23:25:09');
insert into `archercompetition` values ('A186','WA60','2021-06-19 21:06:21');
insert into `archercompetition` values ('A138','WA90','2023-02-03 11:47:39');
insert into `archercompetition` values ('A113','WA70','2023-01-12 19:43:47');
insert into `archercompetition` values ('A257','WA90','2022-04-04 11:42:05');
insert into `archercompetition` values ('A033','WA70','2023-03-27 02:42:50');
insert into `archercompetition` values ('A219','WA60','2021-12-25 09:53:37');
insert into `archercompetition` values ('A260','AA50','2023-06-18 04:45:59');
insert into `archercompetition` values ('A131','WA60','2022-05-28 13:16:30');
insert into `archercompetition` values ('A030','AA40','2021-10-03 16:55:25');
insert into `archercompetition` values ('A104','WA70','2022-05-13 05:56:12');
insert into `archercompetition` values ('A009','AA50','2021-12-11 03:41:15');
insert into `archercompetition` values ('A431','WA70','2022-07-30 14:09:03');
insert into `archercompetition` values ('A099','AA40','2022-03-31 11:20:28');
insert into `archercompetition` values ('A320','WA70','2022-11-29 14:08:54');
insert into `archercompetition` values ('A374','WA70','2021-10-10 12:26:46');
insert into `archercompetition` values ('A472','WA70','2022-09-24 10:09:04');
insert into `archercompetition` values ('A161','AA40','2022-01-28 09:11:33');
insert into `archercompetition` values ('A197','AA50','2023-06-15 14:48:03');
insert into `archercompetition` values ('A110','WA60','2022-12-22 03:41:18');
insert into `archercompetition` values ('A123','AA50','2022-02-11 05:33:02');
insert into `archercompetition` values ('A128','AA40','2021-07-11 04:07:57');
insert into `archercompetition` values ('A294','WA70','2022-09-23 10:17:33');
insert into `archercompetition` values ('A014','WA60','2021-08-24 00:04:47');
insert into `archercompetition` values ('A374','WA60','2022-03-06 11:49:45');
insert into `archercompetition` values ('A258','AA40','2021-10-15 08:49:22');
insert into `archercompetition` values ('A406','WA70','2023-06-04 14:55:05');
insert into `archercompetition` values ('A429','WA90','2023-05-20 04:59:36');
insert into `archercompetition` values ('A323','WA90','2022-04-04 11:42:05');
insert into `archercompetition` values ('A067','WA90','2021-05-20 01:16:19');
insert into `archercompetition` values ('A459','AA40','2021-09-21 01:46:44');
insert into `archercompetition` values ('A087','WA70','2022-02-12 00:21:43');
insert into `archercompetition` values ('A351','WA70','2022-06-08 22:11:30');
insert into `archercompetition` values ('A056','AA40','2022-08-08 14:51:31');
insert into `archercompetition` values ('A494','WA60','2022-05-23 12:34:51');
insert into `archercompetition` values ('A355','AA40','2022-11-25 07:06:51');
insert into `archercompetition` values ('A081','WA70','2022-03-16 23:37:55');
insert into `archercompetition` values ('A226','AA50','2021-04-27 23:24:31');
insert into `archercompetition` values ('A262','WA90','2023-02-28 12:25:30');
insert into `archercompetition` values ('A186','AA40','2021-06-10 07:14:59');
insert into `archercompetition` values ('A306','WA60','2022-08-08 07:50:04');
insert into `archercompetition` values ('A166','WA60','2022-02-05 08:50:49');
insert into `archercompetition` values ('A196','WA60','2021-05-06 10:00:07');
insert into `archercompetition` values ('A171','AA40','2022-09-13 23:25:09');
insert into `archercompetition` values ('A495','WA60','2022-10-01 15:23:51');
insert into `archercompetition` values ('A192','AA40','2023-02-24 19:09:43');
insert into `archercompetition` values ('A298','WA70','2021-05-20 00:18:07');
insert into `archercompetition` values ('A091','WA60','2021-01-18 06:12:55');
insert into `archercompetition` values ('A360','WA60','2022-05-28 13:16:30');
insert into `archercompetition` values ('A275','AA40','2021-12-26 04:39:48');
insert into `archercompetition` values ('A061','WA60','2022-02-01 07:38:57');
insert into `archercompetition` values ('A369','AA40','2022-10-02 18:22:35');
insert into `archercompetition` values ('A147','WA60','2021-11-02 00:40:30');
insert into `archercompetition` values ('A212','WA90','2021-11-06 19:09:07');
insert into `archercompetition` values ('A385','AA50','2022-11-27 00:44:34');
insert into `archercompetition` values ('A299','WA70','2022-11-18 12:24:39');
insert into `archercompetition` values ('A239','WA60','2021-03-14 03:15:49');
insert into `archercompetition` values ('A484','WA60','2023-05-31 10:06:11');
insert into `archercompetition` values ('A498','WA90','2022-01-29 23:29:53');
insert into `archercompetition` values ('A376','WA90','2021-12-24 16:46:25');
insert into `archercompetition` values ('A162','WA70','2022-12-05 21:06:23');
insert into `archercompetition` values ('A287','WA60','2023-06-19 16:41:01');
insert into `archercompetition` values ('A024','AA50','2021-11-25 17:51:51');
insert into `archercompetition` values ('A300','AA40','2021-03-03 14:03:33');
insert into `archercompetition` values ('A164','AA40','2022-09-25 01:38:19');
insert into `archercompetition` values ('A221','WA90','2023-06-11 14:53:57');
insert into `archercompetition` values ('A159','WA70','2022-09-24 10:09:04');
insert into `archercompetition` values ('A400','AA50','2022-04-19 02:28:47');
insert into `archercompetition` values ('A478','WA60','2021-10-20 15:47:59');
insert into `archercompetition` values ('A263','WA70','2023-05-29 12:20:08');
insert into `archercompetition` values ('A206','AA50','2022-01-15 10:29:14');
insert into `archercompetition` values ('A250','AA40','2023-05-21 11:27:46');
insert into `archercompetition` values ('A182','AA50','2023-02-07 13:49:20');
insert into `archercompetition` values ('A377','WA90','2022-04-04 11:42:05');
insert into `archercompetition` values ('A052','WA90','2022-03-23 19:57:13');
insert into `archercompetition` values ('A302','AA50','2023-06-18 04:45:59');
insert into `archercompetition` values ('A486','WA70','2023-02-07 00:15:44');
insert into `archercompetition` values ('A033','WA90','2021-11-26 11:27:18');
insert into `archercompetition` values ('A240','AA40','2023-02-24 19:09:43');
insert into `archercompetition` values ('A364','WA60','2022-05-28 13:16:30');
insert into `archercompetition` values ('A475','WA90','2021-11-06 19:09:07');
insert into `archercompetition` values ('A130','WA90','2021-05-20 01:16:19');
insert into `archercompetition` values ('A456','AA40','2022-08-08 14:51:31');
insert into `archercompetition` values ('A121','WA90','2021-07-22 00:01:14');
insert into `archercompetition` values ('A134','WA90','2022-06-29 08:37:23');
insert into `archercompetition` values ('A234','WA70','2021-02-03 23:50:03');
insert into `archercompetition` values ('A211','WA70','2022-11-18 12:24:39');
insert into `archercompetition` values ('A036','WA90','2021-09-25 11:34:14');
insert into `archercompetition` values ('A490','WA90','2022-01-29 23:29:53');
insert into `archercompetition` values ('A017','WA60','2022-06-17 18:26:09');
insert into `archercompetition` values ('A485','AA40','2021-06-05 06:38:15');
insert into `archercompetition` values ('A063','WA70','2021-12-04 05:15:14');
insert into `archercompetition` values ('A199','WA70','2021-10-25 12:38:54');
insert into `archercompetition` values ('A075','WA70','2023-03-27 02:42:50');
insert into `archercompetition` values ('A416','AA40','2022-06-30 17:46:36');
insert into `archercompetition` values ('A098','WA90','2022-01-06 13:14:41');
insert into `archercompetition` values ('A009','AA40','2022-11-26 19:54:21');
insert into `archercompetition` values ('A195','AA40','2021-10-21 00:06:39');
insert into `archercompetition` values ('A306','AA50','2023-01-22 10:34:30');
insert into `archercompetition` values ('A349','WA90','2023-04-16 12:05:50');
insert into `archercompetition` values ('A274','WA60','2021-06-13 00:52:27');
insert into `archercompetition` values ('A442','AA50','2023-02-23 16:42:01');
insert into `archercompetition` values ('A465','WA90','2021-12-24 16:46:25');
insert into `archercompetition` values ('A208','WA70','2022-09-23 10:17:33');
insert into `archercompetition` values ('A117','WA90','2023-06-11 14:53:57');
insert into `archercompetition` values ('A053','AA40','2022-02-17 09:21:36');
insert into `archercompetition` values ('A427','WA70','2022-07-30 14:09:03');
insert into `archercompetition` values ('A419','AA40','2021-10-15 08:49:22');
insert into `archercompetition` values ('A165','AA50','2022-04-27 16:31:04');
insert into `archercompetition` values ('A194','AA40','2023-06-14 21:30:25');
insert into `archercompetition` values ('A279','WA60','2022-06-26 19:09:34');
insert into `archercompetition` values ('A275','WA60','2022-10-01 15:23:51');
insert into `archercompetition` values ('A229','AA40','2022-09-25 01:38:19');
insert into `archercompetition` values ('A209','WA60','2021-11-11 23:41:00');
insert into `archercompetition` values ('A173','WA90','2023-04-01 00:20:00');
insert into `archercompetition` values ('A471','AA50','2022-10-06 03:04:39');
insert into `archercompetition` values ('A248','AA50','2022-10-17 15:33:58');
insert into `archercompetition` values ('A392','WA90','2022-02-11 01:59:37');
insert into `archercompetition` values ('A250','AA40','2022-02-03 15:32:27');
insert into `archercompetition` values ('A037','WA90','2023-02-28 12:25:30');
insert into `archercompetition` values ('A214','WA60','2021-11-02 00:40:30');
insert into `archercompetition` values ('A409','WA60','2021-11-11 23:41:00');
insert into `archercompetition` values ('A185','WA90','2022-04-04 11:42:05');
insert into `archercompetition` values ('A358','AA50','2022-02-11 05:33:02');
insert into `archercompetition` values ('A379','WA70','2021-10-10 12:26:46');
insert into `archercompetition` values ('A193','AA40','2021-07-11 04:07:57');
insert into `archercompetition` values ('A404','AA50','2022-10-17 15:33:58');
insert into `archercompetition` values ('A205','WA70','2021-05-20 00:18:07');
insert into `archercompetition` values ('A471','WA70','2023-06-04 14:55:05');
insert into `archercompetition` values ('A457','AA40','2021-07-25 21:13:38');
insert into `archercompetition` values ('A499','AA40','2021-06-05 06:38:15');
insert into `archercompetition` values ('A080','WA60','2021-12-30 05:49:50');
insert into `archercompetition` values ('A348','AA40','2022-10-02 18:22:35');
insert into `archercompetition` values ('A232','WA60','2022-05-28 13:16:30');
insert into `archercompetition` values ('A459','WA90','2023-05-20 04:59:36');
insert into `archercompetition` values ('A126','WA60','2021-06-13 00:52:27');
insert into `archercompetition` values ('A123','WA90','2021-04-05 22:06:17');
insert into `archercompetition` values ('A308','AA40','2021-09-21 01:46:44');
insert into `archercompetition` values ('A260','WA60','2022-09-13 21:22:23');
insert into `archercompetition` values ('A135','AA40','2023-05-21 11:27:46');
insert into `archercompetition` values ('A092','WA90','2022-03-09 13:07:37');
insert into `archercompetition` values ('A170','WA60','2022-10-01 15:23:51');
insert into `archercompetition` values ('A482','AA50','2021-03-06 07:25:41');
insert into `archercompetition` values ('A099','AA40','2021-10-03 16:55:25');
insert into `archercompetition` values ('A198','AA50','2021-02-08 14:31:00');
insert into `archercompetition` values ('A042','AA50','2023-02-23 16:42:01');
insert into `archercompetition` values ('A341','WA70','2022-09-24 10:09:04');
insert into `archercompetition` values ('A465','WA90','2023-05-03 13:07:05');
insert into `archercompetition` values ('A115','WA90','2023-04-01 00:20:00');
insert into `archercompetition` values ('A437','WA60','2021-03-15 00:45:41');
insert into `archercompetition` values ('A302','WA60','2022-12-22 03:41:18');
insert into `archercompetition` values ('A426','WA60','2021-07-01 01:22:36');
insert into `archercompetition` values ('A082','AA40','2022-05-17 05:46:22');
insert into `archercompetition` values ('A154','AA40','2022-01-28 09:11:33');
insert into `archercompetition` values ('A245','WA70','2021-08-08 17:15:55');
insert into `archercompetition` values ('A117','WA90','2022-01-29 23:29:53');
insert into `archercompetition` values ('A335','WA70','2022-03-16 23:37:55');
insert into `archercompetition` values ('A128','WA90','2023-06-11 14:53:57');
insert into `archercompetition` values ('A320','AA50','2023-06-15 14:48:03');
insert into `archercompetition` values ('A024','AA40','2021-05-21 15:10:11');
insert into `archercompetition` values ('A089','WA60','2021-01-18 06:12:55');
insert into `archercompetition` values ('A233','WA70','2023-03-23 12:03:58');
insert into `archercompetition` values ('A098','AA50','2021-08-30 12:20:37');
insert into `archercompetition` values ('A236','AA50','2023-06-18 04:45:59');
insert into `archercompetition` values ('A374','WA90','2021-09-25 11:34:14');
insert into `archercompetition` values ('A175','AA50','2022-10-06 03:04:39');
insert into `archercompetition` values ('A500','WA60','2022-08-08 07:50:04');
insert into `archercompetition` values ('A097','AA50','2022-09-12 21:54:05');
insert into `archercompetition` values ('A243','WA60','2021-03-15 00:45:41');
insert into `archercompetition` values ('A202','WA60','2022-07-05 01:47:29');
insert into `archercompetition` values ('A417','WA70','2023-03-27 02:42:50');
insert into `archercompetition` values ('A174','AA50','2021-08-27 23:28:19');
insert into `archercompetition` values ('A138','AA50','2022-04-20 15:49:01');
insert into `archercompetition` values ('A369','WA70','2021-03-24 00:05:45');
insert into `archercompetition` values ('A466','WA60','2022-02-05 08:50:49');
insert into `archercompetition` values ('A075','AA40','2021-04-02 22:41:07');
insert into `archercompetition` values ('A073','WA60','2022-05-28 13:16:30');
insert into `archercompetition` values ('A478','WA90','2023-05-20 19:23:29');
insert into `archercompetition` values ('A413','WA90','2023-05-03 13:04:07');
insert into `archercompetition` values ('A231','AA50','2021-02-19 16:27:51');
insert into `archercompetition` values ('A334','AA40','2021-05-21 15:10:11');
insert into `archercompetition` values ('A095','WA90','2021-05-20 01:16:19');
insert into `archercompetition` values ('A282','WA60','2021-12-30 05:49:50');

insert into `archercompetition` values ('A260','AA40','2021-02-25 04:29:28');
insert into `archercompetition` values ('A440','WA70','2023-03-23 12:03:58');
insert into `archercompetition` values ('A327','WA70','2021-11-21 17:39:33');
insert into `archercompetition` values ('A180','WA60','2021-03-14 14:49:36');
insert into `archercompetition` values ('A495','AA50','2022-09-12 21:54:05');
insert into `archercompetition` values ('A468','AA50','2022-10-17 15:33:58');
insert into `archercompetition` values ('A254','WA70','2023-06-11 15:57:30');
insert into `archercompetition` values ('A474','WA90','2022-03-06 09:05:03');
insert into `archercompetition` values ('A184','AA40','2022-01-16 04:43:37');
insert into `archercompetition` values ('A090','AA40','2023-02-01 23:32:09');
insert into `archercompetition` values ('A442','AA40','2022-01-28 09:11:33');
insert into `archercompetition` values ('A301','WA60','2021-01-18 06:12:55');
insert into `archercompetition` values ('A166','WA90','2022-06-27 04:03:20');
insert into `archercompetition` values ('A407','WA90','2021-12-24 20:09:49');
insert into `archercompetition` values ('A096','WA60','2022-05-22 08:33:42');
insert into `archercompetition` values ('A321','AA40','2021-06-10 07:14:59');
insert into `archercompetition` values ('A329','WA70','2023-02-09 22:55:11');
insert into `archercompetition` values ('A201','WA70','2022-11-18 12:24:39');
insert into `archercompetition` values ('A114','WA70','2022-02-04 01:57:00');
insert into `archercompetition` values ('A028','WA90','2022-06-29 08:37:23');
insert into `archercompetition` values ('A012','AA40','2021-10-15 08:49:22');
insert into `archercompetition` values ('A304','AA50','2023-01-25 00:59:28');
insert into `archercompetition` values ('A493','WA60','2022-12-22 03:41:18');
insert into `archercompetition` values ('A278','WA70','2021-02-03 23:50:03');
insert into `archercompetition` values ('A412','WA70','2022-06-08 22:11:30');
insert into `archercompetition` values ('A159','WA90','2023-02-28 12:25:30');
insert into `archercompetition` values ('A033','WA60','2021-11-11 23:41:00');
insert into `archercompetition` values ('A218','AA40','2022-02-16 02:46:58');
insert into `archercompetition` values ('A464','AA50','2022-06-13 01:31:03');
insert into `archercompetition` values ('A352','WA60','2021-06-13 00:52:27');
insert into `archercompetition` values ('A078','WA70','2023-03-12 04:21:17');
insert into `archercompetition` values ('A446','WA90','2021-11-10 08:08:44');
insert into `archercompetition` values ('A367','WA60','2023-05-10 21:02:13');
insert into `archercompetition` values ('A037','WA60','2022-08-08 07:50:04');
insert into `archercompetition` values ('A045','WA90','2022-03-06 09:05:03');
insert into `archercompetition` values ('A293','WA90','2023-05-20 04:59:36');
insert into `archercompetition` values ('A052','WA90','2023-01-30 03:10:56');
insert into `archercompetition` values ('A312','AA50','2021-11-25 17:51:51');
insert into `archercompetition` values ('A108','WA60','2021-06-13 00:52:27');
insert into `archercompetition` values ('A443','WA90','2022-06-27 04:03:20');
insert into `archercompetition` values ('A039','WA60','2021-06-19 21:06:21');
insert into `archercompetition` values ('A184','AA40','2022-01-28 09:11:33');
insert into `archercompetition` values ('A229','WA70','2021-01-04 23:38:31');
insert into `archercompetition` values ('A015','AA40','2021-10-21 00:06:39');
insert into `archercompetition` values ('A381','WA70','2022-07-30 14:09:03');
insert into `archercompetition` values ('A138','WA60','2022-02-01 07:38:57');
insert into `archercompetition` values ('A308','WA70','2022-09-23 10:17:33');
insert into `archercompetition` values ('A357','WA90','2023-04-16 12:05:50');
insert into `archercompetition` values ('A309','AA50','2021-10-25 07:55:58');
insert into `archercompetition` values ('A343','WA70','2021-12-04 05:15:14');
insert into `archercompetition` values ('A288','WA60','2021-10-26 13:58:23');
insert into `archercompetition` values ('A423','WA90','2021-11-26 11:27:18');
insert into `archercompetition` values ('A349','WA90','2022-01-18 13:45:28');
insert into `archercompetition` values ('A219','AA50','2022-10-17 15:33:58');
insert into `archercompetition` values ('A498','WA60','2023-04-14 18:54:11');
insert into `archercompetition` values ('A146','WA70','2023-02-07 19:28:43');
insert into `archercompetition` values ('A285','WA60','2022-09-13 21:22:23');
insert into `archercompetition` values ('A421','WA70','2023-06-11 15:57:30');
insert into `archercompetition` values ('A330','AA50','2021-08-27 23:28:19');
insert into `archercompetition` values ('A127','AA50','2023-01-25 00:59:28');

insert into `archercompetition` values ('A247','WA60','2021-08-24 00:04:47');
insert into `archercompetition` values ('A347','AA40','2023-05-21 11:27:46');
insert into `archercompetition` values ('A494','WA60','2023-05-31 10:06:11');
insert into `archercompetition` values ('A344','AA40','2022-01-16 04:43:37');
insert into `archercompetition` values ('A407','WA90','2022-01-29 23:29:53');
insert into `archercompetition` values ('A361','WA90','2022-01-06 13:14:41');
insert into `archercompetition` values ('A264','AA40','2021-02-25 04:29:28');
insert into `archercompetition` values ('A342','WA60','2021-08-16 06:19:51');
insert into `archercompetition` values ('A398','WA60','2021-09-30 10:54:06');
insert into `archercompetition` values ('A379','WA90','2021-12-24 16:46:25');
insert into `archercompetition` values ('A416','WA70','2021-04-12 19:31:05');
insert into `archercompetition` values ('A154','WA60','2021-07-01 01:22:36');
insert into `archercompetition` values ('A252','AA50','2021-08-30 12:20:37');
insert into `archercompetition` values ('A447','WA90','2021-12-15 11:23:52');
insert into `archercompetition` values ('A411','AA40','2021-02-28 23:15:38');
insert into `archercompetition` values ('A106','WA70','2022-11-05 12:06:51');
insert into `archercompetition` values ('A126','AA40','2022-11-25 07:06:51');
insert into `archercompetition` values ('A034','AA50','2022-10-06 03:04:39');
insert into `archercompetition` values ('A258','WA60','2021-10-20 15:47:59');
insert into `archercompetition` values ('A430','WA60','2022-03-19 00:03:49');
insert into `archercompetition` values ('A133','WA90','2023-05-20 19:23:29');
insert into `archercompetition` values ('A057','WA90','2021-09-25 11:34:14');
insert into `archercompetition` values ('A142','AA50','2021-07-20 17:41:25');
insert into `archercompetition` values ('A482','WA60','2022-03-19 00:03:49');
insert into `archercompetition` values ('A082','WA60','2022-05-23 12:34:51');
insert into `archercompetition` values ('A218','AA50','2022-06-13 01:31:03');
insert into `archercompetition` values ('A431','AA40','2021-04-17 19:43:56');
insert into `archercompetition` values ('A274','AA50','2023-01-25 00:59:28');
insert into `archercompetition` values ('A025','AA50','2021-12-06 18:35:25');
insert into `archercompetition` values ('A230','AA40','2021-02-28 23:15:38');
insert into `archercompetition` values ('A321','WA70','2021-04-12 19:31:05');
insert into `archercompetition` values ('A301','WA60','2021-09-30 10:54:07');
insert into `archercompetition` values ('A332','WA60','2023-06-19 16:41:01');
insert into `archercompetition` values ('A357','AA50','2022-11-18 06:47:20');
insert into `archercompetition` values ('A128','WA70','2023-02-07 19:28:43');
insert into `archercompetition` values ('A209','WA60','2021-08-16 06:19:51');
insert into `archercompetition` values ('A225','WA90','2022-02-11 01:59:37');
insert into `archercompetition` values ('A179','WA90','2023-05-03 13:04:07');
insert into `archercompetition` values ('A181','WA70','2021-12-04 05:15:14');
insert into `archercompetition` values ('A038','WA70','2023-01-12 19:43:47');
insert into `archercompetition` values ('A392','WA70','2022-12-05 21:06:23');
insert into `archercompetition` values ('A077','AA50','2022-02-11 05:33:02');
insert into `archercompetition` values ('A093','WA90','2022-02-10 15:36:52');
insert into `archercompetition` values ('A188','AA50','2022-09-12 21:54:05');
insert into `archercompetition` values ('A089','WA70','2022-12-19 00:09:07');
insert into `archercompetition` values ('A074','WA70','2023-06-11 15:57:30');
insert into `archercompetition` values ('A256','WA70','2023-02-09 22:55:11');
insert into `archercompetition` values ('A203','WA90','2021-08-17 06:43:53');
insert into `archercompetition` values ('A339','AA40','2021-06-05 06:38:15');
insert into `archercompetition` values ('A391','WA70','2021-01-04 23:38:31');
insert into `archercompetition` values ('A269','WA90','2023-05-20 04:59:36');
insert into `archercompetition` values ('A121','WA70','2022-02-12 00:21:43');
insert into `archercompetition` values ('A163','AA50','2021-07-20 17:41:25');
insert into `archercompetition` values ('A236','WA90','2023-02-28 12:25:30');
insert into `archercompetition` values ('A426','WA60','2021-07-01 01:22:37');
insert into `archercompetition` values ('A176','AA50','2023-02-23 16:42:01');
insert into `archercompetition` values ('A435','AA40','2022-10-02 18:22:35');
insert into `archercompetition` values ('A449','WA60','2021-01-18 06:12:55');
insert into `archercompetition` values ('A059','AA50','2021-04-27 23:24:31');
insert into `archercompetition` values ('A262','WA60','2021-03-15 00:45:41');
insert into `archercompetition` values ('A329','AA50','2021-02-08 14:31:00');
insert into `archercompetition` values ('A380','WA70','2022-11-18 12:24:39');
insert into `archercompetition` values ('A219','AA50','2023-01-22 10:34:30');
insert into `archercompetition` values ('A429','WA60','2022-12-22 03:41:18');
insert into `archercompetition` values ('A050','WA60','2022-08-16 17:43:59');
insert into `archercompetition` values ('A483','WA70','2023-01-19 11:01:25');
insert into `archercompetition` values ('A085','AA50','2023-06-13 09:54:09');
insert into `archercompetition` values ('A127','AA50','2022-01-15 10:29:14');
insert into `archercompetition` values ('A251','WA60','2022-07-05 01:47:29');
insert into `archercompetition` values ('A044','AA50','2023-02-07 13:49:20');
insert into `archercompetition` values ('A423','WA60','2022-06-26 19:09:34');
insert into `archercompetition` values ('A277','WA70','2022-05-04 11:15:29');
insert into `archercompetition` values ('A363','WA60','2022-03-06 11:49:45');
insert into `archercompetition` values ('A263','WA60','2022-10-01 15:23:51');
insert into `archercompetition` values ('A269','AA40','2023-05-21 11:27:46');
insert into `archercompetition` values ('A166','WA60','2021-11-02 00:40:30');
insert into `archercompetition` values ('A248','WA70','2021-04-12 19:31:05');
insert into `archercompetition` values ('A193','AA40','2021-09-21 01:46:44');
insert into `archercompetition` values ('A175','AA50','2022-02-11 05:33:02');
insert into `archercompetition` values ('A347','AA40','2021-07-15 01:35:42');
insert into `archercompetition` values ('A038','WA70','2022-12-05 21:06:23');
insert into `archercompetition` values ('A461','WA90','2022-09-28 06:57:41');
insert into `archercompetition` values ('A238','AA40','2021-02-28 23:15:38');
insert into `archercompetition` values ('A297','WA70','2022-02-04 01:57:00');
insert into `archercompetition` values ('A136','AA40','2023-02-01 23:32:09');
insert into `archercompetition` values ('A493','AA50','2021-12-06 18:35:25');
insert into `archercompetition` values ('A336','WA90','2021-07-22 00:01:14');
insert into `archercompetition` values ('A080','WA60','2022-02-05 08:50:49');
insert into `archercompetition` values ('A334','AA50','2023-01-22 10:34:30');
insert into `archercompetition` values ('A061','WA60','2022-06-17 18:26:09');
insert into `archercompetition` values ('A385','AA40','2021-04-26 14:09:28');
insert into `archercompetition` values ('A206','WA60','2021-06-19 21:06:21');
insert into `archercompetition` values ('A201','AA50','2021-12-11 03:41:15');
insert into `archercompetition` values ('A143','WA60','2022-08-16 17:43:59');
insert into `archercompetition` values ('A066','WA90','2023-02-03 11:47:39');
insert into `archercompetition` values ('A087','WA90','2022-03-06 09:05:03');
insert into `archercompetition` values ('A338','WA60','2021-10-26 13:58:23');
insert into `archercompetition` values ('A307','WA60','2021-03-15 00:45:41');
insert into `archercompetition` values ('A023','AA40','2021-05-21 15:10:11');
insert into `archercompetition` values ('A219','WA90','2022-01-06 13:14:41');
insert into `archercompetition` values ('A156','WA70','2021-08-08 17:15:55');
insert into `archercompetition` values ('A073','AA50','2023-02-23 16:42:01');
insert into `archercompetition` values ('A228','WA70','2021-10-10 12:26:46');
insert into `archercompetition` values ('A454','WA90','2021-12-24 20:09:49');
insert into `archercompetition` values ('A051','AA50','2022-07-01 14:46:08');
insert into `archercompetition` values ('A304','WA90','2021-04-05 22:06:17');
insert into `archercompetition` values ('A500','WA70','2021-10-25 12:38:54');
insert into `archercompetition` values ('A117','AA40','2023-06-14 21:30:25');
insert into `archercompetition` values ('A449','WA70','2022-03-16 23:37:55');
insert into `archercompetition` values ('A119','WA70','2022-05-13 05:56:12');
insert into `archercompetition` values ('A017','AA40','2022-02-16 02:46:58');
insert into `archercompetition` values ('A458','WA60','2021-07-22 08:07:01');
insert into `archercompetition` values ('A360','WA70','2022-04-06 07:32:33');
insert into `archercompetition` values ('A100','WA70','2023-02-07 00:15:44');
insert into `archercompetition` values ('A343','AA40','2022-01-28 09:11:34');
insert into `archercompetition` values ('A279','WA60','2022-12-22 03:41:18');
insert into `archercompetition` values ('A446','WA70','2022-05-15 05:06:09');
insert into `archercompetition` values ('A262','AA50','2022-04-20 15:49:01');
insert into `archercompetition` values ('A442','AA50','2023-06-15 14:48:03');
insert into `archercompetition` values ('A060','WA60','2023-05-31 10:06:11');
insert into `archercompetition` values ('A235','AA50','2021-08-30 12:20:37');
insert into `archercompetition` values ('A164','WA60','2022-06-21 12:27:46');
insert into `archercompetition` values ('A251','AA40','2022-12-12 08:42:48');
insert into `archercompetition` values ('A354','AA50','2022-04-20 15:49:01');
insert into `archercompetition` values ('A125','WA60','2021-10-20 15:47:59');
insert into `archercompetition` values ('A176','WA70','2022-06-08 22:11:30');
insert into `archercompetition` values ('A272','AA50','2021-12-06 18:35:25');
insert into `archercompetition` values ('A431','WA60','2021-03-14 14:49:36');
insert into `archercompetition` values ('A233','WA90','2022-02-11 01:59:37');
insert into `archercompetition` values ('A310','AA40','2022-11-25 07:06:51');
insert into `archercompetition` values ('A171','WA90','2022-06-12 08:33:24');
insert into `archercompetition` values ('A267','WA90','2021-12-15 11:23:52');
insert into `archercompetition` values ('A487','WA90','2022-03-09 13:07:38');
insert into `archercompetition` values ('A116','WA60','2023-03-05 03:57:53');
insert into `archercompetition` values ('A014','WA60','2021-03-14 03:15:49');
insert into `archercompetition` values ('A471','AA40','2023-06-14 21:30:25');
insert into `archercompetition` values ('A293','AA40','2022-09-25 01:38:19');
insert into `archercompetition` values ('A079','WA90','2022-02-10 15:36:52');
insert into `archercompetition` values ('A135','AA40','2023-02-24 19:09:43');
insert into `archercompetition` values ('A273','WA70','2022-02-12 00:21:43');
insert into `archercompetition` values ('A444','AA50','2022-06-13 01:31:03');
insert into `archercompetition` values ('A200','AA40','2021-03-03 14:03:33');
insert into `archercompetition` values ('A247','WA60','2021-05-06 10:00:07');
insert into `archercompetition` values ('A271','AA40','2021-10-03 16:55:25');
insert into `archercompetition` values ('A442','AA40','2021-10-21 00:06:39');
insert into `archercompetition` values ('A398','WA70','2022-02-04 01:57:00');
insert into `archercompetition` values ('A013','AA40','2021-07-11 04:07:57');
insert into `archercompetition` values ('A099','WA90','2022-01-18 13:45:28');
insert into `archercompetition` values ('A235','WA60','2023-06-19 16:41:01');
insert into `archercompetition` values ('A348','WA90','2023-04-16 12:05:50');
insert into `archercompetition` values ('A042','AA40','2021-02-25 04:29:28');
insert into `archercompetition` values ('A256','AA40','2022-03-31 11:20:28');
insert into `archercompetition` values ('A484','WA90','2023-02-03 11:47:39');
insert into `archercompetition` values ('A419','WA70','2022-11-05 12:06:51');
insert into `archercompetition` values ('A492','AA40','2022-06-07 16:31:13');
insert into `archercompetition` values ('A286','WA90','2023-01-30 03:10:56');
insert into `archercompetition` values ('A307','WA70','2022-05-04 11:15:29');
insert into `archercompetition` values ('A170','AA40','2022-01-28 09:11:33');
insert into `archercompetition` values ('A318','WA70','2022-05-13 05:56:12');
insert into `archercompetition` values ('A486','WA70','2023-03-23 12:03:58');
insert into `archercompetition` values ('A304','WA60','2021-09-30 10:54:06');
insert into `archercompetition` values ('A150','WA90','2023-05-20 19:23:29');
insert into `archercompetition` values ('A488','WA60','2023-04-14 18:54:11');
insert into `archercompetition` values ('A366','AA40','2022-06-30 17:46:36');
insert into `archercompetition` values ('A449','AA50','2022-01-01 03:19:13');
insert into `archercompetition` values ('A434','AA50','2021-07-19 08:16:55');
insert into `archercompetition` values ('A333','WA70','2021-10-25 12:38:54');
insert into `archercompetition` values ('A178','WA60','2021-11-11 23:41:00');
insert into `archercompetition` values ('A140','AA50','2021-04-27 23:24:31');
insert into `archercompetition` values ('A066','WA90','2021-12-21 04:53:41');
insert into `archercompetition` values ('A497','AA40','2021-05-21 15:10:11');
insert into `archercompetition` values ('A446','WA90','2022-03-06 09:05:03');
insert into `archercompetition` values ('A083','AA40','2022-02-17 09:21:36');
insert into `archercompetition` values ('A481','WA60','2022-04-18 22:11:04');
insert into `archercompetition` values ('A386','AA50','2022-11-27 00:44:34');
insert into `archercompetition` values ('A205','WA60','2023-03-05 03:57:53');
insert into `archercompetition` values ('A480','AA40','2021-10-15 08:49:22');
insert into `archercompetition` values ('A095','WA60','2021-08-24 00:04:47');
insert into `archercompetition` values ('A071','WA70','2022-11-18 12:24:39');
insert into `archercompetition` values ('A153','AA40','2022-02-19 08:48:40');
insert into `archercompetition` values ('A260','WA90','2021-11-10 08:08:44');
insert into `archercompetition` values ('A267','AA40','2022-09-25 01:38:19');
insert into `archercompetition` values ('A407','AA40','2021-10-21 00:06:39');
insert into `archercompetition` values ('A271','WA60','2021-06-13 00:52:27');
insert into `archercompetition` values ('A459','AA40','2022-01-28 09:11:33');
insert into `archercompetition` values ('A376','WA70','2023-02-07 00:15:44');
insert into `archercompetition` values ('A356','AA50','2022-02-11 05:33:02');
insert into `archercompetition` values ('A072','AA50','2023-01-25 00:59:28');
insert into `archercompetition` values ('A313','WA90','2022-03-23 19:57:13');
insert into `archercompetition` values ('A023','AA40','2021-07-15 01:35:42');
insert into `archercompetition` values ('A422','WA60','2022-12-22 03:41:18');
insert into `archercompetition` values ('A309','WA90','2021-11-26 11:27:18');
insert into `archercompetition` values ('A432','WA90','2023-05-20 04:59:36');
insert into `archercompetition` values ('A168','AA50','2022-01-24 02:30:58');
insert into `archercompetition` values ('A233','WA90','2023-05-03 13:07:05');
insert into `archercompetition` values ('A052','WA90','2022-02-11 01:59:37');
insert into `archercompetition` values ('A428','WA60','2021-08-17 21:34:30');
insert into `archercompetition` values ('A065','WA70','2022-06-08 22:11:30');
insert into `archercompetition` values ('A487','WA70','2023-01-12 19:43:47');
insert into `archercompetition` values ('A170','WA70','2021-01-02 05:42:59');
insert into `archercompetition` values ('A424','WA70','2022-11-29 14:08:54');
insert into `archercompetition` values ('A419','WA90','2022-09-28 06:57:41');
insert into `archercompetition` values ('A469','WA60','2022-03-19 00:03:49');
insert into `archercompetition` values ('A180','AA50','2022-09-12 21:54:05');
insert into `archercompetition` values ('A488','WA70','2023-04-16 04:02:26');
insert into `archercompetition` values ('A300','AA40','2021-06-10 07:14:59');
insert into `archercompetition` values ('A132','WA90','2021-04-05 22:06:17');
insert into `archercompetition` values ('A019','AA40','2022-09-13 23:25:09');
insert into `archercompetition` values ('A268','WA90','2023-05-20 19:23:29');
insert into `archercompetition` values ('A259','AA50','2023-02-07 13:49:20');
insert into `archercompetition` values ('A451','AA40','2022-06-30 17:46:36');
insert into `archercompetition` values ('A075','WA70','2022-07-30 14:09:03');
insert into `archercompetition` values ('A007','WA70','2021-08-08 17:15:55');
insert into `archercompetition` values ('A362','AA40','2021-04-26 14:09:28');
insert into `archercompetition` values ('A433','WA70','2023-01-19 11:01:25');
insert into `archercompetition` values ('A381','AA50','2021-03-06 07:25:41');
insert into `archercompetition` values ('A283','AA40','2022-05-17 05:46:22');
insert into `archercompetition` values ('A448','WA90','2021-12-15 11:23:52');
insert into `archercompetition` values ('A197','WA70','2021-10-25 12:38:54');
insert into `archercompetition` values ('A431','AA50','2021-07-19 08:16:55');
insert into `archercompetition` values ('A063','WA60','2022-07-05 01:47:29');
insert into `archercompetition` values ('A351','WA60','2022-05-23 12:34:51');
insert into `archercompetition` values ('A026','WA70','2022-02-04 01:57:00');
insert into `archercompetition` values ('A109','WA70','2023-03-12 04:21:17');
insert into `archercompetition` values ('A233','WA70','2022-09-24 10:09:04');
insert into `archercompetition` values ('A334','WA70','2023-03-27 02:42:50');
insert into `archercompetition` values ('A312','WA60','2022-03-19 00:03:49');
insert into `archercompetition` values ('A301','WA60','2021-08-17 21:34:30');
insert into `archercompetition` values ('A318','WA60','2021-12-25 09:53:37');
insert into `archercompetition` values ('A416','AA50','2021-06-09 02:23:35');
insert into `archercompetition` values ('A225','WA70','2021-10-10 12:26:46');
insert into `archercompetition` values ('A499','AA40','2021-10-21 00:06:39');
insert into `archercompetition` values ('A069','AA50','2022-01-15 10:29:14');
insert into `archercompetition` values ('A383','WA60','2021-11-02 00:40:30');
insert into `archercompetition` values ('A376','WA90','2022-07-19 10:58:53');
insert into `archercompetition` values ('A377','WA70','2022-02-04 01:57:00');
insert into `archercompetition` values ('A105','AA50','2022-01-24 02:30:58');
insert into `archercompetition` values ('A402','AA40','2022-02-03 15:32:27');
insert into `archercompetition` values ('A060','AA40','2022-05-17 05:46:22');
insert into `archercompetition` values ('A208','AA50','2021-08-27 23:28:19');
insert into `archercompetition` values ('A252','WA90','2023-06-11 14:53:57');
insert into `archercompetition` values ('A337','AA40','2022-03-31 11:20:28');
insert into `archercompetition` values ('A124','WA70','2022-09-23 10:17:33');
insert into `archercompetition` values ('A384','AA40','2022-06-30 17:46:36');
insert into `archercompetition` values ('A283','WA70','2021-04-12 19:31:05');
insert into `archercompetition` values ('A316','WA60','2022-03-06 11:49:45');
insert into `archercompetition` values ('A418','AA40','2021-07-11 04:07:57');
insert into `archercompetition` values ('A147','WA60','2021-09-30 10:54:06');
insert into `archercompetition` values ('A192','WA70','2022-11-18 12:24:39');
insert into `archercompetition` values ('A009','AA50','2023-01-22 10:34:30');
insert into `archercompetition` values ('A122','AA50','2022-04-20 15:49:01');
insert into `archercompetition` values ('A379','WA60','2021-05-06 10:00:07');
insert into `archercompetition` values ('A408','WA90','2023-05-20 04:59:36');
insert into `archercompetition` values ('A391','AA50','2021-02-19 16:27:52');
insert into `archercompetition` values ('A302','WA90','2022-06-27 04:03:20');
insert into `archercompetition` values ('A214','WA90','2022-03-23 19:57:13');
insert into `archercompetition` values ('A389','WA90','2021-08-17 06:43:53');
insert into `archercompetition` values ('A328','WA60','2023-05-31 10:06:11');
insert into `archercompetition` values ('A451','WA60','2021-01-18 06:12:55');
insert into `archercompetition` values ('A464','AA40','2023-02-24 19:09:43');
insert into `archercompetition` values ('A058','AA50','2022-07-01 14:46:08');
insert into `archercompetition` values ('A370','WA70','2021-02-03 23:50:03');
insert into `archercompetition` values ('A188','WA60','2021-03-15 00:45:41');
insert into `archercompetition` values ('A498','WA60','2022-02-01 07:38:57');
insert into `archercompetition` values ('A274','WA70','2021-11-21 17:39:33');
insert into `archercompetition` values ('A184','WA60','2022-12-22 03:41:18');
insert into `archercompetition` values ('A170','AA50','2022-11-18 06:47:20');
insert into `archercompetition` values ('A160','WA70','2021-05-20 00:18:07');
insert into `archercompetition` values ('A450','WA70','2021-03-24 00:05:45');
insert into `archercompetition` values ('A130','WA70','2023-03-23 12:03:58');
insert into `archercompetition` values ('A023','WA90','2021-11-10 08:08:44');
insert into `archercompetition` values ('A071','AA50','2021-07-20 17:41:25');
insert into `archercompetition` values ('A145','WA60','2021-03-14 03:15:49');
insert into `archercompetition` values ('A321','WA90','2022-07-19 10:58:53');
insert into `archercompetition` values ('A388','WA70','2022-06-08 22:11:30');
insert into `archercompetition` values ('A472','AA40','2022-02-17 09:21:36');
insert into `archercompetition` values ('A352','WA70','2022-11-05 12:06:51');
insert into `archercompetition` values ('A214','WA90','2023-04-16 12:05:50');
insert into `archercompetition` values ('A095','AA40','2022-05-02 14:02:22');
insert into `archercompetition` values ('A378','WA70','2023-02-07 00:15:44');
insert into `archercompetition` values ('A474','AA40','2022-11-26 19:54:21');
insert into `archercompetition` values ('A153','AA50','2021-11-25 17:51:51');
insert into `archercompetition` values ('A371','WA60','2022-11-21 01:44:14');
insert into `archercompetition` values ('A136','AA40','2021-03-03 14:03:33');
insert into `archercompetition` values ('A487','AA50','2021-07-20 17:41:25');
insert into `archercompetition` values ('A127','WA60','2022-06-21 12:27:46');
insert into `archercompetition` values ('A231','WA60','2021-03-14 14:49:36');
insert into `archercompetition` values ('A261','AA50','2023-02-23 16:42:01');
insert into `archercompetition` values ('A239','WA70','2022-11-18 12:24:39');
insert into `archercompetition` values ('A440','AA50','2021-10-25 07:55:58');
insert into `archercompetition` values ('A264','AA50','2022-10-17 15:33:58');
insert into `archercompetition` values ('A431','WA90','2021-08-17 06:43:53');
insert into `archercompetition` values ('A133','AA50','2021-07-19 08:16:55');
insert into `archercompetition` values ('A059','WA60','2022-07-05 01:47:29');
insert into `archercompetition` values ('A449','WA90','2023-02-28 12:25:30');
insert into `archercompetition` values ('A292','WA90','2022-06-29 08:37:23');
insert into `archercompetition` values ('A237','WA90','2022-03-06 09:05:03');
insert into `archercompetition` values ('A319','WA90','2023-05-20 19:23:29');
insert into `archercompetition` values ('A201','WA90','2023-05-03 13:07:05');
insert into `archercompetition` values ('A411','AA50','2023-04-27 00:37:26');
insert into `archercompetition` values ('A091','AA40','2021-10-15 08:49:22');
insert into `archercompetition` values ('A428','WA70','2021-02-03 23:50:03');
insert into `archercompetition` values ('A124','AA50','2023-06-18 04:45:59');
insert into `archercompetition` values ('A329','AA50','2022-06-13 01:31:03');
insert into `archercompetition` values ('A436','WA70','2021-05-20 00:18:07');
insert into `archercompetition` values ('A333','AA40','2021-12-27 15:50:11');
insert into `archercompetition` values ('A014','WA60','2023-06-19 16:41:01');
insert into `archercompetition` values ('A450','WA70','2023-03-27 02:42:50');
insert into `archercompetition` values ('A121','AA50','2022-04-20 15:49:01');
insert into `archercompetition` values ('A311','AA40','2022-03-31 11:20:28');
insert into `archercompetition` values ('A446','WA60','2022-04-18 22:11:04');
insert into `archercompetition` values ('A168','WA60','2022-05-22 08:33:42');
insert into `archercompetition` values ('A475','WA70','2023-02-07 19:28:43');
insert into `archercompetition` values ('A315','WA90','2021-11-26 11:27:18');
insert into `archercompetition` values ('A018','WA70','2022-02-12 00:21:43');
insert into `archercompetition` values ('A343','WA90','2022-01-29 23:29:53');
insert into `archercompetition` values ('A336','WA90','2021-12-15 11:23:52');
insert into `archercompetition` values ('A263','AA40','2021-05-21 15:10:11');
insert into `archercompetition` values ('A175','AA50','2021-03-06 07:25:41');
insert into `archercompetition` values ('A131','WA70','2021-08-08 17:15:55');
insert into `archercompetition` values ('A465','WA90','2021-04-05 22:06:17');
insert into `archercompetition` values ('A137','WA70','2023-03-12 04:21:17');
insert into `archercompetition` values ('A013','WA90','2022-06-12 08:33:24');
insert into `archercompetition` values ('A374','WA60','2022-08-16 17:43:59');
insert into `archercompetition` values ('A363','WA70','2022-11-05 12:06:51');
insert into `archercompetition` values ('A316','AA40','2022-02-17 09:21:36');
insert into `archercompetition` values ('A320','AA50','2021-02-19 16:27:51');
insert into `archercompetition` values ('A329','AA50','2021-02-08 14:31:01');
insert into `archercompetition` values ('A383','WA90','2021-12-24 20:09:49');
insert into `archercompetition` values ('A417','WA90','2021-11-26 11:27:18');
insert into `archercompetition` values ('A365','AA40','2021-12-27 15:50:11');
insert into `archercompetition` values ('A109','AA50','2021-07-20 17:41:25');
insert into `archercompetition` values ('A175','AA40','2021-05-21 15:10:11');
insert into `archercompetition` values ('A487','WA90','2021-05-20 01:16:19');
insert into `archercompetition` values ('A223','WA90','2023-04-16 12:05:50');
insert into `archercompetition` values ('A461','AA50','2022-11-27 00:44:34');
insert into `archercompetition` values ('A497','WA60','2022-03-19 00:03:49');
insert into `archercompetition` values ('A384','AA40','2021-10-03 16:55:25');
insert into `archercompetition` values ('A496','AA50','2021-11-25 17:51:51');
insert into `archercompetition` values ('A311','AA50','2022-09-08 01:01:56');
insert into `archercompetition` values ('A020','AA50','2021-04-27 23:24:31');
insert into `archercompetition` values ('A048','AA40','2022-06-30 17:46:36');
insert into `archercompetition` values ('A094','WA60','2022-09-13 21:22:23');
insert into `archercompetition` values ('A287','WA70','2023-06-04 14:55:05');
insert into `archercompetition` values ('A192','AA40','2021-04-02 22:41:07');
insert into `archercompetition` values ('A148','WA70','2022-04-06 07:32:33');
insert into `archercompetition` values ('A263','WA60','2021-05-06 10:00:07');
insert into `archercompetition` values ('A267','WA70','2021-10-25 12:38:54');
insert into `archercompetition` values ('A307','WA90','2022-01-06 13:14:41');
insert into `archercompetition` values ('A437','AA50','2021-06-09 02:23:35');
insert into `archercompetition` values ('A394','WA70','2022-05-13 05:56:12');
insert into `archercompetition` values ('A500','AA40','2021-07-15 01:35:42');
insert into `archercompetition` values ('A340','WA70','2023-03-27 02:42:50');
insert into `archercompetition` values ('A057','AA50','2022-04-27 16:31:04');
insert into `archercompetition` values ('A493','WA90','2022-06-12 08:33:24');
insert into `archercompetition` values ('A117','WA90','2021-04-05 22:06:17');
insert into `archercompetition` values ('A309','WA70','2021-10-10 12:26:46');
insert into `archercompetition` values ('A246','AA40','2021-04-17 19:43:56');
insert into `archercompetition` values ('A170','WA60','2022-05-23 12:34:51');
insert into `archercompetition` values ('A260','AA40','2022-05-17 05:46:22');
insert into `archercompetition` values ('A079','WA70','2022-11-29 14:08:54');
insert into `archercompetition` values ('A046','WA90','2023-02-28 12:25:30');
insert into `archercompetition` values ('A197','AA50','2022-06-13 01:31:04');
insert into `archercompetition` values ('A235','WA90','2021-11-10 08:08:44');
insert into `archercompetition` values ('A432','WA60','2021-05-30 16:49:25');
insert into `archercompetition` values ('A303','WA90','2022-07-19 10:58:53');
insert into `archercompetition` values ('A332','AA40','2021-12-26 04:39:48');
insert into `archercompetition` values ('A310','WA60','2022-11-21 01:44:14');
insert into `archercompetition` values ('A174','WA90','2021-12-24 16:46:25');
insert into `archercompetition` values ('A021','WA60','2021-10-20 15:47:59');
insert into `archercompetition` values ('A032','WA90','2021-08-17 06:43:53');
insert into `archercompetition` values ('A206','WA70','2021-04-12 19:31:06');
insert into `archercompetition` values ('A262','AA40','2022-12-12 08:42:48');
insert into `archercompetition` values ('A181','AA40','2021-12-26 04:39:48');
insert into `archercompetition` values ('A204','AA40','2022-09-13 23:25:09');
insert into `archercompetition` values ('A428','WA70','2021-01-04 23:38:31');
insert into `archercompetition` values ('A055','AA40','2022-11-25 07:06:51');
insert into `archercompetition` values ('A274','WA70','2021-02-03 23:50:03');
insert into `archercompetition` values ('A159','AA40','2021-07-25 21:13:38');
insert into `archercompetition` values ('A034','WA90','2022-06-27 04:03:20');
insert into `archercompetition` values ('A350','AA50','2022-01-15 10:29:14');
insert into `archercompetition` values ('A201','WA60','2021-08-24 00:04:47');
insert into `archercompetition` values ('A387','WA60','2021-01-18 06:12:55');
insert into `archercompetition` values ('A113','WA60','2023-03-05 03:57:53');
insert into `archercompetition` values ('A339','WA60','2022-09-13 21:22:23');
insert into `archercompetition` values ('A087','WA70','2023-02-07 19:28:43');
insert into `archercompetition` values ('A038','AA50','2023-04-27 00:37:26');
insert into `archercompetition` values ('A493','AA50','2022-01-01 03:19:13');
insert into `archercompetition` values ('A450','AA40','2021-07-11 04:07:57');
insert into `archercompetition` values ('A033','AA40','2023-02-24 19:09:43');
insert into `archercompetition` values ('A186','WA60','2021-05-30 16:49:25');
insert into `archercompetition` values ('A009','AA50','2021-08-30 12:20:37');
insert into `archercompetition` values ('A114','WA60','2022-08-08 07:50:04');
insert into `archercompetition` values ('A355','AA50','2021-12-11 03:41:15');
insert into `archercompetition` values ('A392','AA40','2021-07-15 01:35:42');
insert into `archercompetition` values ('A061','AA40','2021-02-25 04:29:28');
insert into `archercompetition` values ('A260','WA90','2021-11-06 19:09:07');
insert into `archercompetition` values ('A488','WA60','2021-08-17 21:34:30');
insert into `archercompetition` values ('A447','AA40','2023-05-21 11:27:46');
insert into `archercompetition` values ('A222','AA50','2023-06-18 04:45:59');
insert into `archercompetition` values ('A471','WA90','2023-04-16 12:05:50');
insert into `archercompetition` values ('A463','AA40','2021-04-02 22:41:07');
insert into `archercompetition` values ('A172','AA40','2021-09-21 01:46:44');
insert into `archercompetition` values ('A460','WA60','2021-05-06 10:00:07');
insert into `archercompetition` values ('A301','WA90','2021-11-10 08:08:44');
insert into `archercompetition` values ('A138','WA90','2021-05-20 01:16:19');
insert into `archercompetition` values ('A219','WA90','2022-02-10 15:36:52');
insert into `archercompetition` values ('A299','WA70','2023-06-11 15:57:30');
insert into `archercompetition` values ('A246','WA70','2022-05-13 05:56:12');
insert into `archercompetition` values ('A079','WA70','2023-06-04 14:55:05');
insert into `archercompetition` values ('A394','AA50','2022-07-01 14:46:08');
insert into `archercompetition` values ('A359','WA90','2022-01-18 13:45:28');
insert into `archercompetition` values ('A066','WA70','2022-06-08 22:11:30');
insert into `archercompetition` values ('A127','WA60','2022-12-22 03:41:18');
insert into `archercompetition` values ('A014','AA50','2021-11-06 05:31:23');
insert into `archercompetition` values ('A102','WA70','2021-05-20 00:18:07');
insert into `archercompetition` values ('A490','WA70','2022-09-23 10:17:33');
insert into `archercompetition` values ('A473','AA40','2022-06-30 17:46:36');
insert into `archercompetition` values ('A456','AA50','2022-02-23 17:57:16');
insert into `archercompetition` values ('A325','AA40','2021-05-21 15:10:11');
insert into `archercompetition` values ('A451','WA60','2021-12-25 09:53:37');
insert into `archercompetition` values ('A409','WA60','2021-03-14 14:49:36');
insert into `archercompetition` values ('A351','WA70','2022-04-06 07:32:33');

