-- MySQL dump 10.13  Distrib 8.0.30, for Win64 (x86_64)
--
-- Host: localhost    Database: archery
-- ------------------------------------------------------
-- Server version	8.0.30

/*!40101 SET @OLD_CHARACTER_SET_CLIENT=@@CHARACTER_SET_CLIENT */;
/*!40101 SET @OLD_CHARACTER_SET_RESULTS=@@CHARACTER_SET_RESULTS */;
/*!40101 SET @OLD_COLLATION_CONNECTION=@@COLLATION_CONNECTION */;
/*!50503 SET NAMES utf8 */;
/*!40103 SET @OLD_TIME_ZONE=@@TIME_ZONE */;
/*!40103 SET TIME_ZONE='+00:00' */;
/*!40014 SET @OLD_UNIQUE_CHECKS=@@UNIQUE_CHECKS, UNIQUE_CHECKS=0 */;
/*!40014 SET @OLD_FOREIGN_KEY_CHECKS=@@FOREIGN_KEY_CHECKS, FOREIGN_KEY_CHECKS=0 */;
/*!40101 SET @OLD_SQL_MODE=@@SQL_MODE, SQL_MODE='NO_AUTO_VALUE_ON_ZERO' */;
/*!40111 SET @OLD_SQL_NOTES=@@SQL_NOTES, SQL_NOTES=0 */;

--
-- Table structure for table `archer`
--

DROP TABLE IF EXISTS `archer`;
/*!40101 SET @saved_cs_client     = @@character_set_client */;
/*!50503 SET character_set_client = utf8mb4 */;
CREATE TABLE `archer` (
  `archerID` varchar(10) NOT NULL,
  `clubID` varchar(10) NOT NULL,
  `archerFname` varchar(20) DEFAULT NULL,
  `archerLname` varchar(20) DEFAULT NULL,
  `gender` enum('M','F','O') DEFAULT NULL,
  `age` int DEFAULT NULL,
  `emailAddress` varchar(255) DEFAULT NULL,
  `dateJoined` datetime DEFAULT NULL,
  `phoneNumber` int DEFAULT NULL,
  PRIMARY KEY (`archerID`),
  KEY `archer_fk1_idx` (`clubID`),
  CONSTRAINT `archer_fk1` FOREIGN KEY (`clubID`) REFERENCES `club` (`clubID`) ON DELETE RESTRICT ON UPDATE CASCADE
) ENGINE=InnoDB DEFAULT CHARSET=utf8mb4 COLLATE=utf8mb4_0900_ai_ci;
/*!40101 SET character_set_client = @saved_cs_client */;

--
-- Dumping data for table `archer`
--

LOCK TABLES `archer` WRITE;
/*!40000 ALTER TABLE `archer` DISABLE KEYS */;
INSERT INTO `archer` VALUES ('A001','swin101','Jun Wee','Tan','M',18,'101231636@student.swin.edu.au','2023-05-03 00:00:00',401314520),('A002','swin101','Nikola','Markoski','M',20,'103617636@student.swin.edu.au','2023-05-04 00:00:00',435590988),('A003','swin101','Jane','Doe','M',18,'example@gmail.com','2023-05-04 00:00:00',911),('A004','uwa101','Adam','Shan','M',17,'DIGBICK@yahoo.com','2016-02-02 00:00:00',401111111),('A005','fu101','Lenore','Rosson','F',58,'lrosson4@techcrunch.com','2014-02-14 14:01:56',480968627),('A006','cqu101','Marena','Marjot','F',37,'mmarjot5@auda.org.au','2010-02-10 15:56:03',484085990),('A007','uq101','Pace','Pulhoster','M',28,'ppulhoster6@slate.com','2008-10-03 22:43:23',424252105),('A008','rmitu101','Wandie','Haestier','F',14,'whaestier7@comsenz.com','2001-12-16 03:53:24',449836941),('A009','fua101','Simeon','Restieaux','M',12,'srestieaux8@umn.edu','2004-01-24 07:15:45',487165970),('A010','mu101','Gibby','Sauvain','M',52,'gsauvain9@ameblo.jp','2005-01-30 14:49:29',445602236),('A011','us101','Loree','Phonix','F',75,'lphonixa@linkedin.com','2007-10-31 07:48:19',469866191),('A012','ud101','Jaime','Gomersall','O',75,'jgomersallb@nationalgeographic.com','2004-11-05 16:07:18',421442769),('A013','uw101','Ty','Reyburn','M',32,'treyburnc@google.co.uk','2018-02-05 05:34:47',471390548),('A014','mu101','Clare','Stove','F',33,'cstoved@shinystat.com','2001-09-05 04:28:34',436558736),('A015','anu101','Vally','Howell','F',43,'vhowelle@gmpg.org','2005-06-22 07:50:25',463378538),('A016','usc101','Karlik','Mulvihill','M',74,'kmulvihillf@tmall.com','2008-08-29 23:09:33',422818058),('A017','unsw101','Kathie','Knocker','F',11,'kknockerg@theglobeandmail.com','2021-09-10 12:31:42',447366924),('A018','vu101','Jenni','Treby','F',13,'jtrebyh@ft.com','2020-01-27 18:28:20',461436326),('A019','csu101','Ermina','Olver','F',65,'eolveri@tinyurl.com','2014-12-09 20:00:59',451683482),('A020','uc101','Salvatore','Stopps','M',35,'sstoppsj@icq.com','2004-11-21 15:34:36',439439263),('A021','swin101','Melosa','Asche','F',70,'maschek@hp.com','2010-06-13 09:28:07',456763781),('A022','cdu101','Lamar','Heigl','M',34,'lheigll@naver.com','2002-08-18 23:32:15',445701401),('A023','qut101','Hurley','Lassells','M',60,'hlassellsm@constantcontact.com','2014-07-26 17:15:03',411241151),('A024','uwa101','Darcy','Gleeton','F',65,'dgleetonn@state.tx.us','2000-02-11 22:15:08',418493513),('A025','mu101','Kiele','Karlolak','F',37,'kkarlolako@boston.com','2006-01-07 04:19:10',416002711),('A026','uw101','Dania','Swan','F',38,'dswanp@naver.com','2018-04-08 20:41:19',471057457),('A027','ecu101','Renell','Andrioni','F',62,'randrioniq@technorati.com','2006-01-07 09:46:32',435885090),('A028','usq101','Elsie','Salzberger','F',47,'esalzbergerr@va.gov','2021-01-06 14:14:16',498184739),('A029','cmu101','Godfree','Campos','M',24,'gcamposs@aboutads.info','2019-01-31 23:35:50',464134564),('A030','um101','Gloriana','Faltskog','O',51,'gfaltskogt@xinhuanet.com','2001-11-30 03:17:54',475385705),('A031','swin101','Emelda','Planks','F',69,'eplanksu@plala.or.jp','2016-01-31 21:51:00',474179558),('A032','ut101','Juliana','Fayerman','F',62,'jfayermanv@time.com','2015-04-13 13:59:39',479460121),('A033','ud101','Abraham','Pring','M',67,'apringw@reference.com','2002-09-23 03:43:07',450081408),('A034','unsw101','Gerrard','Ritmeyer','M',39,'gritmeyerx@blogger.com','2002-12-24 14:49:03',492722089),('A035','tua101','Noelyn','Bielfeld','F',60,'nbielfeldy@quantcast.com','2013-07-26 14:49:19',464050181),('A036','usc101','Herbert','Jeduch','M',24,'hjeduchz@bandcamp.com','2003-06-23 07:29:47',417588467),('A037','anu101','Chevalier','Fidgeon','M',76,'cfidgeon10@wikia.com','2022-11-28 07:15:50',473565414),('A038','scu101','Coop','Sollett','M',75,'csollett11@phoca.cz','2010-04-24 23:05:03',428488774),('A039','us101','Pearce','Nani','M',11,'pnani12@nifty.com','2013-07-27 21:54:01',467817994),('A040','bu101','Gretel','Cawthra','F',56,'gcawthra13@pen.io','2019-07-17 20:47:26',494923892),('A041','mu101','Gwendolen','Coopman','F',25,'gcoopman14@shop-pro.jp','2007-08-19 13:37:09',467558056),('A042','un101','Benjamin','Issatt','M',50,'bissatt15@guardian.co.uk','2004-09-10 14:41:54',459332089),('A043','ua101','Danit','Minor','F',19,'dminor16@issuu.com','2016-05-05 20:49:35',486451046),('A044','uwa101','Selena','Kroger','F',58,'skroger17@nba.com','2018-01-28 06:58:59',469090020),('A045','une101','See','Windebank','M',15,'swindebank18@howstuffworks.com','2021-03-07 02:12:00',421633861),('A046','fua101','Rois','Girardengo','F',11,'rgirardengo19@ning.com','2015-07-23 13:03:22',487582377),('A047','mu101','Rochette','Camelin','O',18,'rcamelin1a@is.gd','2011-05-18 01:32:38',453109145),('A048','usa101','Silvain','Burehill','M',57,'sburehill1b@state.tx.us','2012-09-07 03:05:15',470084834),('A049','qut101','Arty','Bassil','M',52,'abassil1c@army.mil','2012-07-17 03:22:06',467136535),('A050','uq101','Latisha','Pitrelli','F',76,'lpitrelli1d@soup.io','2006-06-09 02:29:10',427166933),('A051','ltu101','Granthem','Haynes','M',62,'ghaynes1e@youtube.com','2017-05-07 22:36:33',415814791),('A052','bu101','Sayer','O\' Culligan','M',56,'soculligan1f@webnode.com','2001-09-03 13:36:06',482478926),('A053','uwa101','Archambault','Olpin','M',17,'aolpin1g@mac.com','2018-07-12 02:55:37',431627386),('A054','scu101','Annice','Drohan','F',32,'adrohan1h@fda.gov','2017-09-06 15:01:41',494906736),('A055','tua101','Allan','Mintrim','M',37,'amintrim1i@mozilla.com','2022-12-28 05:08:52',452125104),('A056','usa101','Gaelan','Idney','O',49,'gidney1j@comsenz.com','2013-05-23 16:42:33',492307818),('A057','cu101','Janelle','Jex','F',12,'jjex1k@typepad.com','2001-10-02 22:58:59',437534463),('A058','qut101','Lanna','Leckie','F',44,'lleckie1l@japanpost.jp','2021-09-01 15:53:48',430258685),('A059','mu101','Johannes','Sergison','M',56,'jsergison1m@angelfire.com','2015-02-09 11:58:58',422067308),('A060','cmu101','Sharona','Jukes','F',33,'sjukes1n@sina.com.cn','2000-06-01 18:54:29',473853894),('A061','cdu101','Gerta','Best','F',18,'gbest1o@telegraph.co.uk','2007-08-24 23:35:01',446975243),('A062','ecu101','Pernell','Byre','M',21,'pbyre1p@mit.edu','2017-09-11 04:08:36',424514810),('A063','acu101','Gram','Sebrens','M',64,'gsebrens1q@histats.com','2003-08-15 07:06:09',430648336),('A064','swin101','Lucho','Anscombe','O',79,'lanscombe1r@gov.uk','2020-02-07 21:44:58',413565391),('A065','fu101','Valeria','Ayliff','O',49,'vayliff1s@goodreads.com','2012-05-25 12:09:58',423299006),('A066','usq101','Sherm','Jelphs','M',58,'sjelphs1t@msn.com','2018-12-18 08:37:30',481594045),('A067','unsw101','Ive','Dillway','M',22,'idillway1u@arizona.edu','2007-05-06 04:53:52',448965539),('A068','jcu101','Isidor','Spriggen','M',31,'ispriggen1v@army.mil','2005-09-01 20:44:24',425278974),('A069','du101','Shirleen','Fredson','F',20,'sfredson1w@paypal.com','2014-05-18 13:48:25',485733480),('A070','rmitu101','Sonia','Hebblewaite','F',31,'shebblewaite1x@zdnet.com','2017-06-23 10:44:36',479875152),('A071','anu101','Marlon','Botterman','M',11,'mbotterman1y@infoseek.co.jp','2018-11-30 10:29:00',472399322),('A072','usc101','Inesita','Luca','F',78,'iluca1z@home.pl','2014-10-09 13:29:58',432463044),('A073','uq101','Carolyne','Attwell','F',75,'cattwell20@loc.gov','2014-11-07 13:15:11',450506937),('A074','mu101','Juditha','Cahan','O',42,'jcahan21@vkontakte.ru','2022-06-09 19:23:28',434848218),('A075','swin101','Tore','Gales','M',77,'tgales22@berkeley.edu','2010-02-14 22:42:24',431129820),('A076','bu101','Loydie','Huetson','M',80,'lhuetson23@wiley.com','2008-05-11 23:53:43',470370360),('A077','du101','Stacee','Scammonden','F',23,'sscammonden24@gizmodo.com','2021-10-05 15:39:58',480733153),('A078','fua101','Freddy','Aikin','F',60,'faikin25@rakuten.co.jp','2002-11-01 18:11:07',447420660),('A079','wsu101','Xerxes','Robbel','M',71,'xrobbel26@princeton.edu','2013-06-02 21:50:33',437816570),('A080','tua101','Goldia','Leggat','F',20,'gleggat27@smugmug.com','2020-04-11 04:35:51',487072519),('A081','swin101','Bernetta','Speaks','F',66,'bspeaks28@alexa.com','2012-12-03 12:15:17',424072079),('A082','vu101','Elise','Odlin','F',76,'eodlin29@gravatar.com','2021-01-08 09:14:33',422051385),('A083','ua101','Sawyere','Downer','M',23,'sdowner2a@bandcamp.com','2004-07-17 15:46:40',496354810),('A084','csu101','Clea','Kayzer','F',20,'ckayzer2b@amazonaws.com','2022-11-12 00:55:14',489420819),('A085','cmu101','Dermot','Hamshar','M',28,'dhamshar2c@networkadvertising.org','2018-07-26 16:39:35',430087544),('A086','acu101','Lorain','Bunten','F',29,'lbunten2d@oaic.gov.au','2021-06-05 21:19:05',490164892),('A087','unsw101','Creight','Fendlow','M',18,'cfendlow2e@engadget.com','2005-08-07 20:50:14',422911990),('A088','mu101','Lin','Wellen','M',63,'lwellen2f@census.gov','2000-09-19 14:13:12',441505927),('A089','us101','Olia','Shelliday','F',15,'oshelliday2g@google.ru','2020-11-21 09:31:43',424444659),('A090','qut101','Aldwin','Girardengo','M',38,'agirardengo2h@hao123.com','2020-06-21 09:22:40',438232774),('A091','fu101','Blondelle','Grinnov','F',47,'bgrinnov2i@pen.io','2017-11-17 10:12:45',463722537),('A092','usq101','Penny','Tomley','F',24,'ptomley2j@umich.edu','2017-02-08 15:46:54',488293142),('A093','unda101','Oby','Margrett','M',68,'omargrett2k@nytimes.com','2021-08-13 04:41:53',458046476),('A094','mu101','Valaree','Bartot','F',67,'vbartot2l@ucla.edu','2021-09-14 02:16:11',475550011),('A095','gu101','Joly','Middle','F',26,'jmiddle2m@netvibes.com','2021-01-25 11:46:01',437457599),('A096','ud101','Denice','Yashaev','F',53,'dyashaev2n@imdb.com','2014-08-30 14:55:26',472986446),('A097','ltu101','Madella','Garman','F',39,'mgarman2o@nasa.gov','2006-08-31 03:09:11',430039999),('A098','usc101','Avery','Borrill','M',70,'aborrill2p@umn.edu','2005-10-01 08:20:07',491561619),('A099','fua101','Marius','Piccop','M',74,'mpiccop2q@hp.com','2014-11-07 16:06:57',436143210),('A100','cqu101','Sherm','Djorevic','M',80,'sdjorevic2r@europa.eu','2019-12-13 06:31:49',492899524),('A101','un101','Dedra','Pouck','F',28,'dpouck2s@phoca.cz','2005-05-26 04:40:39',419829102),('A102','uc101','Gray','Gouldbourn','M',52,'ggouldbourn2t@sogou.com','2006-05-05 04:01:59',413051931),('A103','wsu101','Rozina','Casford','F',73,'rcasford2u@economist.com','2008-05-05 13:02:16',486850221),('A104','unda101','Jessalin','Echelle','F',69,'jechelle2v@army.mil','2019-04-03 14:59:27',417708382),('A105','cu101','Zacharias','Digger','M',11,'zdigger2w@shutterfly.com','2003-03-03 06:44:09',443233568),('A106','vu101','Jedediah','Pedden','M',61,'jpedden2x@networksolutions.com','2002-06-23 22:10:43',456199315),('A107','une101','Herbert','Dumphrey','M',24,'hdumphrey2y@yahoo.com','2001-07-12 08:30:55',441749659),('A108','uw101','Cassaundra','Cayser','F',54,'ccayser2z@dmoz.org','2018-02-10 12:41:34',439720372),('A109','mu101','Bab','Chalk','F',27,'bchalk30@rakuten.co.jp','2001-06-19 17:04:52',445228234),('A110','csu101','Licha','Heyworth','F',55,'lheyworth31@nba.com','2012-05-18 09:23:59',453137397),('A111','cmu101','Zahara','Syder','F',73,'zsyder32@redcross.org','2014-07-28 20:02:22',463261390),('A112','um101','Rodrique','Ivashnikov','M',60,'rivashnikov33@nifty.com','2002-04-24 12:01:52',429242498),('A113','gu101','Eberto','Patillo','M',42,'epatillo34@discovery.com','2000-12-03 02:13:04',491613519),('A114','usc101','Hadlee','Heisham','M',31,'hheisham35@unc.edu','2021-07-27 06:33:39',454717195),('A115','rmitu101','Jo','Pawfoot','M',21,'jpawfoot36@tamu.edu','2000-09-24 06:33:16',451742349),('A116','fua101','Gerianne','Poulden','O',54,'gpoulden37@usda.gov','2000-05-05 05:39:24',492144434),('A117','uq101','Kellina','Duffield','F',19,'kduffield38@utexas.edu','2017-06-22 14:08:42',484844885),('A118','ut101','Rosalinde','Jamson','O',72,'rjamson39@i2i.jp','2016-11-07 23:45:29',466704364),('A119','fu101','Amelita','Raddan','O',29,'araddan3a@hexun.com','2007-01-25 06:00:29',480142450),('A120','uwa101','Kris','Ikin','M',27,'kikin3b@nps.gov','2017-07-11 07:19:43',415705267),('A121','usa101','Pascale','Burress','M',59,'pburress3c@fastcompany.com','2000-08-04 13:30:17',458452504),('A122','cdu101','Tess','Robiot','F',72,'trobiot3d@fastcompany.com','2012-06-05 14:55:34',463735277),('A123','tua101','Winnah','Tawn','F',68,'wtawn3e@google.com.br','2018-02-24 16:26:48',455121850),('A124','acu101','Bethena','Brazil','F',41,'bbrazil3f@house.gov','2010-08-10 04:46:03',486497152),('A125','du101','Alejandra','Cant','F',76,'acant3g@opera.com','2005-05-29 02:30:18',431977658),('A126','fu101','Charlotte','McTrustrie','F',15,'cmctrustrie3h@facebook.com','2018-12-28 16:49:33',460444842),('A127','cdu101','Daffie','Blyth','F',47,'dblyth3i@a8.net','2009-05-19 23:33:20',420396241),('A128','mu101','Kendell','Bottlestone','M',33,'kbottlestone3j@tamu.edu','2000-04-19 19:56:52',439087873),('A129','ecu101','Stephanus','Simondson','M',10,'ssimondson3k@ifeng.com','2008-09-02 09:09:48',452403592),('A130','unsw101','Alfreda','Manis','F',21,'amanis3l@jiathis.com','2003-01-30 03:59:20',436811718),('A131','usc101','Cathryn','Channon','O',45,'cchannon3m@guardian.co.uk','2010-04-04 03:53:21',474348143),('A132','fua101','Aimil','Pilbury','F',74,'apilbury3n@spotify.com','2021-08-12 06:43:01',418696584),('A133','gu101','Joye','Tschiersch','F',45,'jtschiersch3o@pen.io','2003-08-16 02:13:20',454387113),('A134','ltu101','Palmer','Try','M',15,'ptry3p@homestead.com','2011-10-12 10:28:11',450452574),('A135','cqu101','Hans','McNelis','M',17,'hmcnelis3q@jugem.jp','2000-12-30 11:56:47',463370742),('A136','usq101','Skipton','Killough','M',32,'skillough3r@senate.gov','2001-01-29 23:08:01',485091172),('A137','usa101','Sacha','Deverson','F',23,'sdeverson3s@photobucket.com','2017-06-29 02:07:19',472285601),('A138','uwa101','Doralia','Sumsion','F',25,'dsumsion3t@wufoo.com','2017-12-26 04:08:20',417854902),('A139','ua101','Clementine','Govey','F',28,'cgovey3u@trellian.com','2006-11-19 23:37:12',478168885),('A140','swin101','Yulma','Laycock','M',37,'ylaycock3v@cbslocal.com','2022-02-18 01:52:57',425728086),('A141','cu101','Deanna','De Meis','F',34,'ddemeis3w@cloudflare.com','2009-05-09 02:00:45',478520625),('A142','vu101','Constantine','Morillas','F',77,'cmorillas3x@facebook.com','2016-12-21 18:47:43',426053896),('A143','fua101','Shandy','Playhill','F',12,'splayhill3y@statcounter.com','2010-10-09 08:38:58',449067263),('A144','swin101','Karolina','Southcombe','F',38,'ksouthcombe3z@google.it','2011-09-20 09:24:52',450077837),('A145','tua101','Ann','Ramsbottom','O',37,'aramsbottom40@miitbeian.gov.cn','2005-12-24 06:17:52',457588048),('A146','jcu101','Spencer','Delong','M',16,'sdelong41@sourceforge.net','2020-01-22 02:39:25',416340630),('A147','uw101','Maryl','Cawsy','O',64,'mcawsy42@nytimes.com','2006-06-10 05:48:54',444445990),('A148','mu101','Geneva','Channer','O',32,'gchanner43@simplemachines.org','2016-08-26 01:20:41',480157200),('A149','un101','Bernard','Fletcher','M',64,'bfletcher44@bravesites.com','2021-10-02 00:36:00',462311557),('A150','scu101','Damon','Nestle','M',53,'dnestle45@blinklist.com','2000-02-05 01:43:52',410089443),('A151','jcu101','Reagan','Karolczyk','M',14,'rkarolczyk46@pen.io','2005-06-17 10:43:16',447129210),('A152','csu101','Isak','Ludovici','M',48,'iludovici47@ox.ac.uk','2017-09-14 17:23:35',426769534),('A153','mu101','Shanta','Fraser','F',19,'sfraser48@hp.com','2005-03-20 21:05:22',458656346),('A154','rmitu101','Nolie','Aleswell','O',50,'naleswell49@soundcloud.com','2015-06-15 10:14:39',482236081),('A155','swin101','Ailis','Buckell','F',41,'abuckell4a@dell.com','2014-11-12 07:44:04',453468366),('A156','uwa101','Loretta','Cumber','F',45,'lcumber4b@mediafire.com','2000-07-31 18:16:32',472244300),('A157','bu101','Laryssa','Da Costa','F',53,'ldacosta4c@tuttocitta.it','2009-04-02 23:15:14',494433123),('A158','uc101','Morgan','Pyne','F',24,'mpyne4d@lulu.com','2020-09-21 07:29:17',474675710),('A159','uw101','Maximo','Boas','M',75,'mboas4e@cdbaby.com','2004-09-10 22:15:48',436102030),('A160','ud101','Hunfredo','Bridgett','M',80,'hbridgett4f@vistaprint.com','2005-10-10 19:36:34',499187755),('A161','cu101','Geralda','Willicott','F',52,'gwillicott4g@github.io','2008-09-05 07:27:07',448407533),('A162','us101','Anetta','Pottell','F',73,'apottell4h@soundcloud.com','2018-06-13 15:08:34',413587281),('A163','swin101','Cullin','Ryland','M',65,'cryland4i@house.gov','2016-04-08 13:25:20',438644752),('A164','vu101','Petrina','Colomb','F',68,'pcolomb4j@opensource.org','2002-04-15 07:03:10',446657789),('A165','usa101','Sydney','Simononsky','F',28,'ssimononsky4k@t.co','2006-04-01 14:14:56',427297775),('A166','acu101','Sunny','Loines','F',30,'sloines4l@weibo.com','2009-04-11 21:44:08',452456473),('A167','ecu101','Trip','Hambleton','M',78,'thambleton4m@domainmarket.com','2000-09-17 21:19:48',496615782),('A168','unda101','Magdaia','Dabnot','F',13,'mdabnot4n@blogger.com','2018-01-27 14:20:17',437090115),('A169','du101','Anthony','Hinckley','M',35,'ahinckley4o@surveymonkey.com','2012-04-11 20:03:08',437894027),('A170','un101','Heddie','Carlens','F',48,'hcarlens4p@statcounter.com','2013-06-19 21:06:47',412468883),('A171','qut101','Hanna','Reeme','F',35,'hreeme4q@washington.edu','2003-08-20 02:35:35',454709907),('A172','fu101','Manon','Cussen','F',43,'mcussen4r@google.com.au','2015-06-07 03:12:07',429576410),('A173','cdu101','Armstrong','Haversum','M',61,'ahaversum4s@nhs.uk','2005-04-20 15:04:56',437390291),('A174','scu101','Christoffer','Rapkins','M',74,'crapkins4t@yellowpages.com','2012-02-21 04:34:14',440520006),('A175','ltu101','Liana','Rentoll','F',67,'lrentoll4u@amazon.co.uk','2001-10-19 17:56:47',445030273),('A176','bu101','Greggory','Clouston','O',47,'gclouston4v@nature.com','2005-05-19 21:18:46',449044494),('A177','usa101','Neddie','Stockford','M',71,'nstockford4w@ezinearticles.com','2009-09-10 22:03:05',466697596),('A178','scu101','Edsel','Durand','M',19,'edurand4x@meetup.com','2004-08-02 18:36:20',495946439),('A179','vu101','Chadd','Castiglioni','O',79,'ccastiglioni4y@shop-pro.jp','2000-04-27 14:23:43',411874910),('A180','cdu101','Albina','Thandi','F',11,'athandi4z@mlb.com','2010-10-02 08:26:40',475458044),('A181','mu101','Christel','Gillbard','F',79,'cgillbard50@go.com','2019-11-28 05:46:20',438312143),('A182','rmitu101','Sergeant','Bohlje','M',18,'sbohlje51@youtube.com','2012-10-15 19:50:58',468573752),('A183','jcu101','Ulrike','Levington','F',39,'ulevington52@nydailynews.com','2009-08-03 12:49:01',446332266),('A184','us101','Tobie','Tonkes','M',18,'ttonkes53@squidoo.com','2022-08-19 14:04:36',443998559),('A185','gu101','Wallas','Zupo','M',38,'wzupo54@cbsnews.com','2006-11-22 05:23:58',468510927),('A186','uwa101','Greg','Gilbard','M',61,'ggilbard55@indiatimes.com','2008-11-11 12:02:26',413505886),('A187','un101','Emmett','Pinkett','M',29,'epinkett56@microsoft.com','2013-02-15 06:18:08',485523093),('A188','mu101','Bennett','Kerbey','M',69,'bkerbey57@house.gov','2000-03-04 06:20:39',481756286),('A189','swin101','Jaimie','Camfield','M',36,'jcamfield58@patch.com','2001-06-16 00:52:50',415797057),('A190','cqu101','Kaylil','Prestie','F',41,'kprestie59@comcast.net','2021-10-01 11:01:39',437533586),('A191','usq101','Foss','Hellyar','M',78,'fhellyar5a@1und1.de','2001-11-24 17:59:30',459334445),('A192','cu101','Kakalina','Peachey','F',62,'kpeachey5b@dyndns.org','2015-05-09 11:56:08',480364406),('A193','ltu101','Sauveur','Harget','M',28,'sharget5c@instagram.com','2022-07-10 04:50:31',483459648),('A194','ut101','Siobhan','Sheron','F',50,'ssheron5d@sogou.com','2003-11-06 00:04:28',423503693),('A195','fu101','Bobbi','Earnshaw','F',75,'bearnshaw5e@sphinn.com','2005-09-07 14:15:46',443102435),('A196','ecu101','Eddie','Attlee','O',22,'eattlee5f@noaa.gov','2001-07-28 19:25:24',440429579),('A197','uw101','Sher','Corbet','F',19,'scorbet5g@delicious.com','2004-02-25 15:23:45',411416499),('A198','qut101','Kaylyn','Greensmith','F',21,'kgreensmith5h@tinyurl.com','2014-07-24 15:31:30',497230546),('A199','mu101','Jerrilyn','Cranston','O',51,'jcranston5i@apple.com','2021-12-21 15:25:01',468357810),('A200','usc101','Shantee','Janusik','F',14,'sjanusik5j@ocn.ne.jp','2003-08-08 02:13:22',436300005),('A201','fua101','Vinni','McNamee','F',56,'vmcnamee5k@cbc.ca','2009-03-28 07:15:08',447198982),('A202','scu101','Kip','Ingman','M',61,'kingman5l@ovh.net','2004-12-19 01:23:51',450756534),('A203','unda101','Charmain','Childerhouse','F',74,'cchilderhouse5m@zdnet.com','2003-10-30 18:54:51',477031539),('A204','mu101','Tonya','Scandred','F',11,'tscandred5n@nba.com','2014-12-03 08:07:20',416393863),('A205','gu101','Godart','Bogey','O',30,'gbogey5o@cyberchimps.com','2022-02-02 12:58:57',432478184),('A206','tua101','Carin','Dietzler','F',10,'cdietzler5p@irs.gov','2000-06-30 17:40:37',474606218),('A207','ecu101','Joletta','Weeden','F',79,'jweeden5q@cbsnews.com','2021-12-17 19:29:24',423451136),('A208','fua101','Terry','Noah','M',56,'tnoah5r@examiner.com','2018-10-17 04:09:10',448784476),('A209','usq101','Hubie','Halgarth','O',53,'hhalgarth5s@opera.com','2021-08-06 20:39:50',460891628),('A210','swin101','Marty','Kolczynski','M',59,'mkolczynski5t@1und1.de','2015-07-29 03:33:02',421663571),('A211','qut101','Skyler','Leng','M',74,'sleng5u@google.com.hk','2015-10-27 19:36:43',426861469),('A212','unsw101','Vaughn','Whatmough','M',17,'vwhatmough5v@ask.com','2008-01-07 21:30:44',419065621),('A213','ltu101','Gale','Gonneau','M',44,'ggonneau5w@aol.com','2007-04-21 19:09:20',433603728),('A214','ua101','Andre','Aberkirder','M',14,'aaberkirder5x@theatlantic.com','2022-07-25 03:46:13',440753678),('A215','usc101','Eward','Rushbrook','M',65,'erushbrook5y@privacy.gov.au','2006-01-20 05:59:28',441846303),('A216','cdu101','Constantino','Rumney','M',13,'crumney5z@aol.com','2014-09-19 14:47:24',436950847),('A217','rmitu101','Edna','Scamadin','F',55,'escamadin60@fastcompany.com','2018-12-29 19:56:54',470731706),('A218','uw101','Bing','Witchalls','M',24,'bwitchalls61@kickstarter.com','2018-07-07 04:08:11',442230047),('A219','uq101','Nannette','Whymark','F',42,'nwhymark62@washington.edu','2021-01-17 15:41:49',422193200),('A220','acu101','Prissie','Glazzard','F',51,'pglazzard63@prnewswire.com','2018-03-11 10:26:04',448727579),('A221','uc101','Carlin','Glennard','M',10,'cglennard64@reuters.com','2022-10-31 23:50:21',488750370),('A222','cqu101','Tracey','Avramovitz','F',25,'tavramovitz65@psu.edu','2020-02-09 09:07:58',486846063),('A223','anu101','Cariotta','McGinnis','F',46,'cmcginnis66@army.mil','2001-11-23 23:04:23',425351738),('A224','usa101','Fern','De-Ville','F',55,'fdeville67@cmu.edu','2008-09-15 11:41:23',410129409),('A225','bu101','Quincey','Moodycliffe','O',40,'qmoodycliffe68@woothemes.com','2008-02-22 14:36:25',464773238),('A226','unda101','Hilarius','Jelliman','M',32,'hjelliman69@chron.com','2016-02-15 01:04:38',414142243),('A227','cdu101','Mala','Dudliston','O',29,'mdudliston6a@diigo.com','2003-12-12 03:28:19',487087868),('A228','bu101','Melony','Scanlan','F',22,'mscanlan6b@rambler.ru','2020-05-17 18:36:34',499102449),('A229','mu101','Niccolo','Orta','M',69,'norta6c@google.com.hk','2009-12-13 11:36:13',431203017),('A230','un101','Etta','Le Guin','F',61,'eleguin6d@theguardian.com','2018-07-23 00:22:26',491341474),('A231','scu101','Washington','Pawlowicz','M',26,'wpawlowicz6e@lulu.com','2012-08-23 07:42:55',463532132),('A232','swin101','Cybil','Carver','F',47,'ccarver6f@theatlantic.com','2008-11-19 05:46:19',455055303),('A233','fua101','Lenka','Fitzroy','F',39,'lfitzroy6g@blog.com','2004-02-07 13:22:40',481908570),('A234','swin101','Woody','Halfhide','M',53,'whalfhide6h@delicious.com','2015-04-01 07:27:13',488974713),('A235','fu101','Dame','McKendry','M',25,'dmckendry6i@jigsy.com','2019-05-16 18:20:25',481545885),('A236','jcu101','Lauren','Ghiron','M',60,'lghiron6j@ted.com','2003-03-02 02:46:04',417902116),('A237','ua101','Shep','Cartwright','M',70,'scartwright6k@wikimedia.org','2018-08-04 19:07:29',476907787),('A238','ecu101','Aldridge','Bambridge','M',56,'abambridge6l@hibu.com','2003-05-27 01:18:42',430146762),('A239','ltu101','Hilly','Messenbird','M',77,'hmessenbird6m@free.fr','2014-10-09 12:02:05',499071722),('A240','tua101','Kameko','Luca','F',26,'kluca6n@miitbeian.gov.cn','2016-05-26 08:05:17',457864594),('A241','unsw101','Lorita','Rider','F',40,'lrider6o@delicious.com','2000-06-22 12:44:03',449701712),('A242','uwa101','Grannie','de Voiels','M',59,'gdevoiels6p@twitpic.com','2004-01-19 10:28:38',414456546),('A243','uq101','Alena','Teall','F',9,'ateall6q@adobe.com','2009-02-03 20:20:35',425259994),('A244','cqu101','Selestina','Landre','O',49,'slandre6r@squidoo.com','2021-01-07 23:59:17',424554486),('A245','mu101','Moss','Mager','M',30,'mmager6s@who.int','2021-08-08 14:12:26',436317193),('A246','acu101','Emmanuel','Ost','M',78,'eost6t@prlog.org','2016-03-19 11:07:15',493036427),('A247','csu101','Gunilla','Joye','F',12,'gjoye6u@amazon.co.jp','2013-11-02 08:09:45',456378658),('A248','une101','Binnie','Farrar','F',20,'bfarrar6v@ameblo.jp','2018-11-15 05:46:27',412818094),('A249','vu101','Kimmi','Downing','F',47,'kdowning6w@ibm.com','2016-07-19 14:11:11',499393614),('A250','anu101','Lefty','Matias','M',50,'lmatias6x@yellowbook.com','2017-05-26 00:24:45',465579935),('A251','vu101','Marylynne','O\'Hoolahan','F',62,'mohoolahan6y@reverbnation.com','2015-11-20 01:22:18',464465951),('A252','tua101','Bill','Baldelli','M',20,'bbaldelli6z@ning.com','2009-08-25 23:14:55',472017197),('A253','ltu101','Silvio','Belsham','M',65,'sbelsham70@php.net','2007-09-15 04:50:08',496462049),('A254','us101','Rosina','Gresty','F',15,'rgresty71@oracle.com','2007-08-23 16:35:53',488437546),('A255','cmu101','Flss','Blaylock','F',27,'fblaylock72@sbwire.com','2016-01-17 19:45:06',433948470),('A256','uc101','Ronalda','Grumley','F',52,'rgrumley73@nature.com','2001-03-02 16:22:14',420807978),('A257','une101','Vin','Doidge','F',54,'vdoidge74@moonfruit.com','2008-12-08 10:24:39',478705668),('A258','jcu101','Marco','Pridgeon','M',32,'mpridgeon75@cyberchimps.com','2011-04-10 07:35:24',454449762),('A259','ut101','Malena','Jirka','F',31,'mjirka76@rakuten.co.jp','2010-08-03 21:39:58',498021267),('A260','scu101','Ilysa','Tutsell','F',37,'itutsell77@cargocollective.com','2008-10-15 23:42:14',469216158),('A261','ecu101','Tildie','Lunge','F',75,'tlunge78@umn.edu','2021-10-20 06:26:47',435287898),('A262','cdu101','Terrel','Fleury','M',53,'tfleury79@un.org','2009-06-09 01:40:18',469850590),('A263','uw101','Humfrey','Larkby','M',64,'hlarkby7a@mediafire.com','2020-10-13 14:55:57',476835906),('A264','csu101','Damon','Kinnock','M',73,'dkinnock7b@cbslocal.com','2005-08-04 21:21:24',497602341),('A265','um101','Lance','Geindre','M',18,'lgeindre7c@sourceforge.net','2007-01-31 04:35:49',440671791),('A266','swin101','Roxi','Aspinwall','F',68,'raspinwall7d@ebay.co.uk','2013-07-01 13:48:28',465754259),('A267','uq101','Graeme','Wichard','M',78,'gwichard7e@bizjournals.com','2009-10-28 23:51:25',416630179),('A268','gu101','Terry','Sheivels','M',55,'tsheivels7f@latimes.com','2015-02-10 09:58:03',440394034),('A269','uwa101','Daven','Bollans','M',57,'dbollans7g@mozilla.org','2018-06-30 15:16:57',418274710),('A270','usa101','Yale','Blomfield','M',44,'yblomfield7h@ucsd.edu','2021-08-28 17:03:56',497221002),('A271','cqu101','Teodorico','Garley','M',78,'tgarley7i@nsw.gov.au','2020-06-13 19:02:57',474023782),('A272','acu101','Padraic','Jordi','M',80,'pjordi7j@hc360.com','2009-08-28 01:56:47',470304458),('A273','anu101','Carolyne','Lecordier','F',38,'clecordier7k@sina.com.cn','2013-08-30 18:09:31',460107493),('A274','du101','Madella','Cockling','F',67,'mcockling7l@ocn.ne.jp','2018-11-02 10:56:48',497701990),('A275','unda101','Alameda','Cunniam','F',23,'acunniam7m@diigo.com','2021-03-02 03:24:21',421406932),('A276','swin101','Kellie','Loughead','F',20,'kloughead7n@samsung.com','2003-04-05 11:19:42',480241767),('A277','tua101','Alikee','Santacrole','F',41,'asantacrole7o@photobucket.com','2010-11-28 13:03:17',434736256),('A278','us101','Frannie','Perview','M',70,'fperview7p@nifty.com','2019-11-10 04:28:58',457626274),('A279','fua101','Tabbitha','Hanford','F',47,'thanford7q@constantcontact.com','2021-09-30 15:04:50',415577615),('A280','um101','Barbette','Kleisle','O',58,'bkleisle7r@1688.com','2018-03-01 18:12:58',431707614),('A281','uq101','Carole','Girodin','F',30,'cgirodin7s@dell.com','2005-07-16 16:44:53',429120157),('A282','usq101','Kristin','Burch','F',33,'kburch7t@youtube.com','2016-09-26 10:33:32',482406173),('A283','uw101','Vern','Leadstone','M',65,'vleadstone7u@cbsnews.com','2002-06-01 22:59:12',476486392),('A284','mu101','Tessy','Kinnon','F',24,'tkinnon7v@ucsd.edu','2011-02-04 20:13:57',464094736),('A285','mu101','Ryan','Hanwell','M',38,'rhanwell7w@blogtalkradio.com','2005-04-04 13:00:51',433921849),('A286','cu101','Jeanette','Eggerton','F',14,'jeggerton7x@quantcast.com','2009-12-28 02:22:22',462976326),('A287','unda101','Liam','Shorthill','M',16,'lshorthill7y@macromedia.com','2021-12-13 03:14:17',431783032),('A288','ud101','Shir','Greengrass','F',77,'sgreengrass7z@eventbrite.com','2010-07-16 15:02:52',483436146),('A289','usc101','Caro','Frame','F',22,'cframe80@ox.ac.uk','2004-08-19 14:11:40',422385283),('A290','gu101','Ardene','Gaynor','F',34,'agaynor81@moonfruit.com','2015-01-05 10:28:54',467798129),('A291','usa101','Barton','Fernie','M',78,'bfernie82@apache.org','2011-11-01 21:23:42',423589465),('A292','cmu101','Emmi','Shuttleworth','F',11,'eshuttleworth83@archive.org','2007-07-05 11:42:05',418851623),('A293','csu101','Rosella','Lewson','F',11,'rlewson84@ucoz.ru','2017-10-13 09:21:18',496193637),('A294','qut101','Diarmid','Gwilym','M',21,'dgwilym85@usnews.com','2005-04-08 10:31:28',422720200),('A295','jcu101','Rutledge','Cubberley','M',34,'rcubberley86@businesswire.com','2011-04-15 21:23:06',438409114),('A296','ut101','Darlene','Chrismas','F',49,'dchrismas87@latimes.com','2007-12-09 10:16:19',457567690),('A297','acu101','Nikolia','Sharple','F',15,'nsharple88@dailymotion.com','2006-03-02 20:52:17',461984887),('A298','swin101','Kurtis','Bennetto','M',36,'kbennetto89@google.cn','2015-09-05 09:48:50',474209921),('A299','bu101','Isa','Foxall','M',49,'ifoxall8a@live.com','2016-12-24 17:33:58',451880077),('A300','cdu101','Allx','Dreng','F',14,'adreng8b@i2i.jp','2000-06-18 19:04:59',489482194),('A301','un101','Danice','Schettini','F',42,'dschettini8c@nih.gov','2010-11-16 12:20:43',465625556),('A302','tua101','Guido','Whitlock','M',64,'gwhitlock8d@imdb.com','2018-02-08 07:44:13',454428745),('A303','ltu101','Terra','Alenshev','F',40,'talenshev8e@ft.com','2000-07-13 20:54:00',431217760),('A304','cmu101','Vladimir','Bulcock','M',36,'vbulcock8f@ucoz.com','2004-10-02 18:33:18',416241168),('A305','mu101','Conny','Dunne','M',44,'cdunne8g@pagesperso-orange.fr','2003-07-30 04:16:26',415945225),('A306','mu101','Cirilo','Doherty','M',36,'cdoherty8h@illinois.edu','2004-02-26 00:14:46',471274516),('A307','mu101','Cristian','Rexworthy','M',56,'crexworthy8i@123-reg.co.uk','2002-12-23 16:56:38',479137013),('A308','um101','Tawsha','Grimsdell','F',35,'tgrimsdell8j@last.fm','2010-03-11 19:42:42',453045845),('A309','usq101','Brande','Facey','F',30,'bfacey8k@msu.edu','2006-04-27 00:08:39',418725499),('A310','csu101','Eleanor','Tomaszczyk','F',29,'etomaszczyk8l@foxnews.com','2006-09-23 10:01:23',420760338),('A311','anu101','Riva','Wohlers','F',54,'rwohlers8m@china.com.cn','2004-01-03 14:50:20',454113346),('A312','bu101','Dulcy','Sackur','F',70,'dsackur8n@cafepress.com','2000-05-26 08:04:29',428399125),('A313','vu101','Barron','Francais','M',54,'bfrancais8o@1und1.de','2022-06-21 18:27:01',464788155),('A314','une101','Gill','Bazylets','M',63,'gbazylets8p@sbwire.com','2021-05-11 11:19:19',410082469),('A315','ut101','Connie','Bidewell','M',39,'cbidewell8q@g.co','2004-05-25 03:08:00',433120994),('A316','unsw101','Wilfrid','Perelli','M',18,'wperelli8r@xrea.com','2007-12-30 06:29:36',496256200),('A317','du101','Katine','Aleksic','F',78,'kaleksic8s@npr.org','2011-05-12 02:02:18',498725491),('A318','ua101','Raddy','Daglish','M',65,'rdaglish8t@newsvine.com','2004-05-12 08:27:06',429779225),('A319','wsu101','Cassaundra','Skrines','F',68,'cskrines8u@blogspot.com','2005-12-13 08:01:50',480992351),('A320','fu101','Petunia','Sowter','F',73,'psowter8v@cafepress.com','2017-10-07 19:47:12',499058197),('A321','cqu101','Allister','Lehmann','M',20,'alehmann8w@goo.ne.jp','2019-04-26 09:20:03',499536667),('A322','scu101','Kacy','Incogna','F',50,'kincogna8x@icq.com','2009-06-03 11:12:46',499908298),('A323','ud101','Alvinia','Palley','F',53,'apalley8y@dmoz.org','2022-12-12 16:27:46',491678600),('A324','swin101','Tiena','Clendening','F',32,'tclendening8z@liveinternet.ru','2000-07-28 17:58:36',494846288),('A325','acu101','Celestina','Woodhouse','F',53,'cwoodhouse90@answers.com','2007-09-20 10:32:10',441152368),('A326','mu101','Branden','Salvidge','O',57,'bsalvidge91@typepad.com','2008-04-12 10:22:47',411758626),('A327','bu101','Rakel','Faires','F',14,'rfaires92@amazon.com','2018-01-09 11:04:59',494607990),('A328','us101','Cecily','Sowten','F',18,'csowten93@ycombinator.com','2008-02-21 06:06:27',491373974),('A329','uwa101','Hillery','Appleby','M',31,'happleby94@marriott.com','2015-05-09 02:29:53',484124381),('A330','ud101','Erasmus','Kleszinski','M',72,'ekleszinski95@myspace.com','2012-07-05 06:26:51',411939603),('A331','um101','Elias','Gerrelt','M',60,'egerrelt96@abc.net.au','2018-05-24 22:34:34',431152588),('A332','usq101','Pate','Cotterell','M',69,'pcotterell97@sbwire.com','2006-12-20 12:47:21',418785208),('A333','ltu101','Alexis','MacDearmont','M',11,'amacdearmont98@answers.com','2011-09-18 23:33:44',471461553),('A334','gu101','Herbie','Edmonson','M',30,'hedmonson99@addthis.com','2000-10-31 22:17:27',452685766),('A335','ua101','Shoshanna','Leeman','F',21,'sleeman9a@free.fr','2011-03-10 14:23:25',499862204),('A336','uq101','Cherida','Gibbings','F',76,'cgibbings9b@illinois.edu','2019-02-09 05:18:39',468413609),('A337','fua101','Elbertine','Wyllcock','F',46,'ewyllcock9c@apache.org','2006-08-10 11:14:25',473103652),('A338','du101','Lisbeth','Harper','F',79,'lharper9d@hubpages.com','2002-10-04 22:21:20',489714100),('A339','anu101','Allx','Danaher','O',39,'adanaher9e@arstechnica.com','2019-06-24 17:42:23',471304046),('A340','jcu101','Arni','Lubomirski','M',29,'alubomirski9f@ebay.co.uk','2013-07-04 20:50:03',478543626),('A341','cqu101','Zita','Clemmey','F',40,'zclemmey9g@sun.com','2000-08-27 06:18:18',444931200),('A342','mu101','Sherye','Kemmis','F',45,'skemmis9h@geocities.com','2006-08-16 20:10:51',474002365),('A343','acu101','Zared','Arkell','M',10,'zarkell9i@bing.com','2013-12-20 14:47:34',415738786),('A344','fua101','Edithe','Le Maitre','F',76,'elemaitre9j@opensource.org','2021-03-16 00:55:10',499743866),('A345','mu101','Flemming','Langrish','M',38,'flangrish9k@unc.edu','2020-09-02 00:18:56',472863665),('A346','cdu101','Muire','Lening','O',46,'mlening9l@blogger.com','2011-08-28 07:40:24',421139029),('A347','uw101','Zorina','Vigrass','F',66,'zvigrass9m@constantcontact.com','2018-03-04 16:44:18',445868513),('A348','unsw101','Ethan','Manby','M',11,'emanby9n@springer.com','2011-07-29 23:47:45',414169791),('A349','un101','Raddy','Granville','M',72,'rgranville9o@vkontakte.ru','2012-10-24 06:09:21',444026311),('A350','fu101','Tobi','Legier','F',13,'tlegier9p@etsy.com','2019-03-29 23:40:42',413474648),('A351','gu101','Aundrea','MacElroy','F',51,'amacelroy9q@wisc.edu','2022-08-12 00:06:11',460113498),('A352','fua101','Barry','Ramalho','F',45,'bramalho9r@hostgator.com','2011-01-26 11:55:45',438680295),('A353','bu101','Shea','Woolacott','M',24,'swoolacott9s@independent.co.uk','2002-12-04 21:45:40',419952346),('A354','cdu101','Jolie','Conybear','F',68,'jconybear9t@t-online.de','2007-04-09 15:12:09',412022983),('A355','us101','Vilhelmina','Lambourne','F',9,'vlambourne9u@nydailynews.com','2015-09-16 12:43:45',443725047),('A356','anu101','Tadd','Pearce','M',33,'tpearce9v@kickstarter.com','2016-03-05 11:58:46',459139568),('A357','uc101','Drugi','Lavers','M',37,'dlavers9w@blogs.com','2011-09-15 08:09:57',477490053),('A358','mu101','Kelby','Raywood','M',35,'kraywood9x@usgs.gov','2010-10-03 23:52:49',446876265),('A359','usa101','Rosabella','Stewart','F',50,'rstewart9y@wordpress.org','2010-09-05 15:23:00',459776453),('A360','uq101','Paton','Kittiman','M',52,'pkittiman9z@utexas.edu','2013-01-06 06:25:56',452599721),('A361','ua101','Gusta','Dalligan','O',19,'gdalligana0@mysql.com','2016-03-20 23:34:56',417516881),('A362','cqu101','Meir','Topley','O',70,'mtopleya1@forbes.com','2022-05-21 21:35:25',469074817),('A363','jcu101','Ashlin','Dorot','M',21,'adorota2@1und1.de','2016-03-06 04:39:05',477601126),('A364','mu101','Aloysia','Paddison','O',11,'apaddisona3@de.vu','2007-06-21 19:35:38',493618230),('A365','un101','Jenn','Applegarth','F',24,'japplegartha4@ocn.ne.jp','2004-10-04 19:15:07',491493304),('A366','une101','Cristy','Cambden','F',50,'ccambdena5@elegantthemes.com','2018-01-12 08:31:00',450783503),('A367','uwa101','Elena','Fidell','F',67,'efidella6@pen.io','2002-08-21 09:21:21',418245468),('A368','usc101','Belvia','Halsworth','F',78,'bhalswortha7@gravatar.com','2008-07-13 21:18:36',445966686),('A369','du101','Jase','Braunton','M',64,'jbrauntona8@sphinn.com','2000-04-17 21:44:56',447688394),('A370','fu101','Selie','Hovenden','F',33,'shovendena9@cnet.com','2022-09-03 17:01:47',431469082),('A371','uw101','Tirrell','Devennie','M',45,'tdevennieaa@irs.gov','2014-06-16 07:01:20',496192189),('A372','unda101','Benedict','Phalp','M',43,'bphalpab@people.com.cn','2004-12-11 06:26:27',448901340),('A373','wsu101','Melisenda','Sarjent','F',34,'msarjentac@omniture.com','2008-03-04 20:19:50',457350617),('A374','ut101','Malcolm','Nottle','M',47,'mnottlead@blogtalkradio.com','2014-04-23 20:39:15',440080697),('A375','csu101','Maia','Tilliards','O',26,'mtilliardsae@soundcloud.com','2003-08-18 07:04:05',478354263),('A376','cmu101','Warner','Boulstridge','M',54,'wboulstridgeaf@com.com','2011-03-05 15:49:05',485309148),('A377','bu101','Murial','Sloane','F',79,'msloaneag@blogspot.com','2021-09-30 19:32:59',498963841),('A378','fu101','Phoebe','Abbe','O',30,'pabbeah@tripadvisor.com','2018-03-31 02:35:27',455022606),('A379','uwa101','Cati','Asple','F',63,'caspleai@ezinearticles.com','2018-10-29 20:39:14',419974063),('A380','unda101','Ailene','Higgonet','F',62,'ahiggonetaj@google.nl','2015-02-21 16:39:42',421566473),('A381','uq101','Meyer','Schneidau','M',56,'mschneidauak@tuttocitta.it','2021-11-20 14:17:09',459743743),('A382','du101','Filippo','Britee','M',62,'fbriteeal@bing.com','2014-07-01 15:55:04',469109774),('A383','usa101','Sella','Hacon','F',43,'shaconam@google.cn','2014-12-07 05:00:17',454252490),('A384','unsw101','Joelle','Dashwood','F',34,'jdashwoodan@psu.edu','2020-05-12 13:47:30',430968879),('A385','acu101','Etta','Gontier','F',17,'egontierao@bloomberg.com','2003-05-07 07:24:53',473273731),('A386','ud101','Ardath','O\'Moylane','F',41,'aomoylaneap@google.es','2015-03-19 09:59:29',469218887),('A387','ltu101','Sonny','Sorey','F',53,'ssoreyaq@patch.com','2006-09-23 18:09:56',490585099),('A388','uw101','Liliane','Ditty','F',73,'ldittyar@macromedia.com','2009-12-24 16:10:49',457920122),('A389','fua101','Eloisa','Thurner','F',78,'ethurneras@cnbc.com','2015-03-23 03:35:21',414026178),('A390','une101','Netty','Bultitude','F',59,'nbultitudeat@guardian.co.uk','2019-09-30 21:09:48',481549401),('A391','mu101','Jolene','Silcock','F',56,'jsilcockau@craigslist.org','2017-08-29 00:15:37',423633783),('A392','cqu101','Eden','Thornton-Dewhirst','F',75,'ethorntondewhirstav@nytimes.com','2007-06-08 10:59:59',412720237),('A393','wsu101','Thebault','Spinozzi','M',61,'tspinozziaw@ox.ac.uk','2007-01-04 22:45:37',435474118),('A394','swin101','Kristin','Gillham','F',29,'kgillhamax@cnet.com','2014-07-09 00:22:50',465861034),('A395','tua101','Magnum','Raigatt','M',48,'mraigattay@canalblog.com','2010-03-03 22:15:02',412991779),('A396','un101','Marga','Longdon','F',48,'mlongdonaz@moonfruit.com','2001-05-07 14:11:30',493546785),('A397','ua101','Verine','Tolomio','F',20,'vtolomiob0@baidu.com','2005-12-11 01:28:54',468447894),('A398','usc101','Sylvia','Boniface','F',12,'sbonifaceb1@booking.com','2015-11-24 19:21:05',494847051),('A399','scu101','Devi','Moores','F',21,'dmooresb2@intel.com','2020-12-13 20:41:57',464927515),('A400','uc101','Alleyn','Whapples','O',75,'awhapplesb3@yelp.com','2017-08-23 05:47:54',495161545),('A401','ud101','Erek','Schruyer','M',76,'eschruyerb4@parallels.com','2011-04-19 16:41:34',486783133),('A402','mu101','Cori','Pentland','F',41,'cpentlandb5@chronoengine.com','2004-09-15 11:11:47',450829918),('A403','cmu101','Merissa','Ryles','F',52,'mrylesb6@t.co','2009-04-14 13:04:06',429025161),('A404','usc101','Sileas','Hyman','F',40,'shymanb7@pagesperso-orange.fr','2016-02-29 15:12:02',474751720),('A405','gu101','Gael','Martonfi','F',32,'gmartonfib8@narod.ru','2009-08-28 16:23:25',488726363),('A406','fua101','Heinrick','Filippo','O',41,'hfilippob9@etsy.com','2013-06-01 08:09:52',418298203),('A407','fua101','Wilden','Ionesco','M',22,'wionescoba@netvibes.com','2016-04-15 12:18:35',470237310),('A408','usq101','Ulberto','Siveyer','M',35,'usiveyerbb@netlog.com','2000-03-10 13:34:36',488516015),('A409','jcu101','Gardie','Egleton','M',51,'gegletonbc@phpbb.com','2005-01-15 03:53:49',418393763),('A410','une101','Sherlocke','Cheetam','M',42,'scheetambd@furl.net','2000-11-29 21:42:15',450435578),('A411','csu101','Perkin','Mesias','M',37,'pmesiasbe@storify.com','2007-03-15 04:46:26',481117670),('A412','bu101','Shanie','Lysaght','F',38,'slysaghtbf@fastcompany.com','2018-01-02 21:57:36',471259157),('A413','scu101','Liza','Furlonge','O',36,'lfurlongebg@angelfire.com','2012-09-27 18:12:09',468995193),('A414','fu101','Wileen','Rablen','F',44,'wrablenbh@alexa.com','2014-02-06 01:54:36',483200539),('A415','ecu101','Ardelle','Biaggioni','F',12,'abiaggionibi@ow.ly','2012-10-28 12:29:44',472083181),('A416','uq101','Meade','Coytes','F',50,'mcoytesbj@answers.com','2015-05-01 08:38:46',495783320),('A417','anu101','Randi','Yeowell','M',58,'ryeowellbk@ning.com','2002-05-30 01:12:02',421456409),('A418','du101','Richmound','Pury','M',67,'rpurybl@facebook.com','2019-06-28 19:02:07',431879925),('A419','wsu101','Lydia','Pilger','F',43,'lpilgerbm@bloglines.com','2022-12-17 20:11:34',445530188),('A420','vu101','Granthem','Wulfinger','M',33,'gwulfingerbn@prnewswire.com','2008-10-15 05:08:58',453359190),('A421','rmitu101','Kenton','Capaldi','M',66,'kcapaldibo@mayoclinic.com','2011-08-30 15:12:54',477250394),('A422','ut101','Demott','Gratton','M',59,'dgrattonbp@flavors.me','2013-07-10 21:46:22',450029980),('A423','un101','Humfrey','Whitwood','M',25,'hwhitwoodbq@flavors.me','2018-03-30 02:01:38',415055479),('A424','mu101','Gusella','Kolak','F',62,'gkolakbr@boston.com','2009-12-31 07:39:34',420097946),('A425','cqu101','Enrika','Mosedall','F',37,'emosedallbs@networkadvertising.org','2020-09-06 05:18:55',486136295),('A426','wsu101','Jillian','Millwater','O',64,'jmillwaterbt@europa.eu','2017-04-09 19:28:33',476745469),('A427','qut101','Euell','felip','O',26,'efelipbu@ifeng.com','2005-04-27 18:45:58',430272328),('A428','vu101','Ariel','Dyas','M',75,'adyasbv@google.com.hk','2007-09-12 01:01:50',472933008),('A429','ecu101','Laney','Mulliss','O',13,'lmullissbw@skyrock.com','2014-10-02 21:08:45',414776170),('A430','uc101','Barbra','Glazzard','F',21,'bglazzardbx@hubpages.com','2003-05-16 01:34:50',450943722),('A431','scu101','Codi','Blesing','O',9,'cblesingby@jugem.jp','2016-04-07 13:55:03',414989202),('A432','cu101','Ursulina','Braferton','F',36,'ubrafertonbz@si.edu','2020-09-14 08:06:54',498001016),('A433','uw101','Brinn','Kiebes','O',46,'bkiebesc0@mysql.com','2017-08-21 15:03:19',483637993),('A434','une101','Blondell','Eyeington','O',30,'beyeingtonc1@statcounter.com','2007-09-17 03:45:49',431773092),('A435','jcu101','Clark','Mayou','M',58,'cmayouc2@earthlink.net','2002-03-27 13:44:31',423580343),('A436','uwa101','Richart','Brockman','M',39,'rbrockmanc3@unblog.fr','2021-09-15 21:53:54',443111973),('A437','ut101','Ogden','McGeechan','M',14,'omcgeechanc4@google.de','2007-03-22 23:12:51',420156191),('A438','acu101','Claudianus','Peasnone','M',51,'cpeasnonec5@arstechnica.com','2011-07-29 20:44:48',451073633),('A439','fu101','Adi','Hilley','F',67,'ahilleyc6@php.net','2015-03-09 11:32:29',422917605),('A440','un101','Margeaux','Ellesworth','F',67,'mellesworthc7@nyu.edu','2008-01-19 11:26:16',468904597),('A441','us101','Della','Pigne','F',18,'dpignec8@illinois.edu','2005-02-21 13:24:48',421643873),('A442','ltu101','Jacinta','Wrennall','F',43,'jwrennallc9@freewebs.com','2018-08-28 06:53:54',433982575),('A443','mu101','Olly','Stiller','M',18,'ostillerca@arstechnica.com','2000-11-29 15:00:36',467867895),('A444','swin101','Micky','Armor','O',35,'marmorcb@google.nl','2008-09-06 00:36:07',422153549),('A445','usa101','Talya','Eddies','F',73,'teddiescc@ucla.edu','2005-04-26 06:27:34',430808467),('A446','cdu101','Sigfrid','Moakes','M',23,'smoakescd@vk.com','2019-10-08 00:02:33',482982089),('A447','mu101','Denny','Fiddy','M',77,'dfiddyce@miitbeian.gov.cn','2011-10-26 04:44:16',467698720),('A448','ua101','Ethelind','Rickaby','F',48,'erickabycf@youku.com','2007-09-19 10:39:45',490440618),('A449','gu101','Mendel','Skures','M',48,'mskurescg@yellowbook.com','2007-09-17 14:23:39',490448184),('A450','usc101','Felita','Kendrick','F',64,'fkendrickch@biglobe.ne.jp','2012-11-20 14:12:39',432708425),('A451','unsw101','Ashby','Stert','M',35,'astertci@photobucket.com','2001-04-10 19:56:53',413688874),('A452','ut101','Farly','Dorn','M',20,'fdorncj@163.com','2008-02-25 07:24:42',450034085),('A453','gu101','Omar','Petken','M',14,'opetkenck@yellowpages.com','2015-01-04 19:05:46',453708204),('A454','bu101','Dennet','Claughton','M',37,'dclaughtoncl@bandcamp.com','2006-09-04 01:31:35',496305588),('A455','mu101','Emanuel','Drewry','M',47,'edrewrycm@bravesites.com','2010-01-07 08:53:21',462033388),('A456','jcu101','Lorelei','Seabrocke','F',36,'lseabrockecn@nhs.uk','2019-08-28 01:05:30',417211985),('A457','un101','Yetty','Mold','F',38,'ymoldco@sina.com.cn','2013-07-10 13:42:54',458150705),('A458','uwa101','Antonietta','Azam','F',50,'aazamcp@sina.com.cn','2010-04-14 14:38:49',441474158),('A459','scu101','Terencio','California','M',49,'tcaliforniacq@usa.gov','2012-11-27 19:05:02',432869842),('A460','vu101','Kala','Wrate','F',44,'kwratecr@sina.com.cn','2016-11-23 20:37:01',412303270),('A461','unda101','Roxanne','Hornbuckle','O',78,'rhornbucklecs@home.pl','2008-08-24 06:46:41',468691666),('A462','mu101','Hewitt','Augustus','M',41,'haugustusct@chronoengine.com','2011-10-08 02:46:42',429788536),('A463','us101','Corby','Maving','M',78,'cmavingcu@tuttocitta.it','2003-06-22 01:25:10',477919274),('A464','mu101','Dacie','MacKowle','F',73,'dmackowlecv@multiply.com','2001-06-13 07:14:48',497972943),('A465','qut101','Nert','McNysche','F',44,'nmcnyschecw@mysql.com','2000-01-03 04:28:18',494277763),('A466','usc101','Guido','Elstob','O',80,'gelstobcx@exblog.jp','2016-12-27 03:05:03',445186297),('A467','cqu101','Kelsy','Lowes','F',9,'klowescy@elpais.com','2020-06-26 20:20:31',416513293),('A468','ua101','Petronella','Skamal','F',53,'pskamalcz@rambler.ru','2018-08-08 02:49:08',476850895),('A469','acu101','Esmeralda','Bromwich','F',44,'ebromwichd0@bravesites.com','2013-03-05 21:35:20',438282839),('A470','swin101','Muffin','Kinchin','O',41,'mkinchind1@wordpress.com','2007-09-17 16:38:33',457397476),('A471','uq101','Moria','Caghy','F',43,'mcaghyd2@wikimedia.org','2019-05-30 04:56:31',448730377),('A472','fua101','Felicdad','Hooke','F',29,'fhooked3@technorati.com','2000-07-26 04:30:28',454162386),('A473','cu101','Wanids','Anthoney','F',17,'wanthoneyd4@abc.net.au','2003-04-18 05:05:25',480936117),('A474','wsu101','Karim','Cominello','O',51,'kcominellod5@networkadvertising.org','2000-07-23 14:21:23',457638853),('A475','cdu101','Cassey','Choldcroft','F',21,'ccholdcroftd6@imgur.com','2019-02-01 07:05:43',488408956),('A476','ud101','Xavier','Noto','M',24,'xnotod7@amazon.co.jp','2014-02-10 14:28:35',422969477),('A477','unsw101','Johnathon','Lodeke','M',54,'jlodeked8@sakura.ne.jp','2007-04-11 03:13:30',411304134),('A478','bu101','Gav','Steddall','M',34,'gsteddalld9@earthlink.net','2009-08-24 13:16:43',445360852),('A479','usc101','Garv','Whiteland','M',49,'gwhitelandda@google.com.hk','2018-05-18 08:23:47',492872349),('A480','tua101','Malena','Durnan','F',59,'mdurnandb@moonfruit.com','2014-06-28 19:32:48',434238714),('A481','usa101','Sol','Satyford','M',49,'ssatyforddc@java.com','2004-10-06 10:45:36',463886521),('A482','mu101','Vonni','Edelman','F',52,'vedelmandd@smugmug.com','2000-02-12 16:25:38',478418993),('A483','qut101','Roch','Bagniuk','F',71,'rbagniukde@howstuffworks.com','2015-10-22 14:37:46',433702959),('A484','csu101','Mignonne','Esposi','O',72,'mesposidf@dell.com','2009-06-20 05:25:53',411329421),('A485','fua101','Tiler','Babber','M',60,'tbabberdg@independent.co.uk','2008-09-08 22:08:17',422788302),('A486','ltu101','Hilary','Alaway','F',47,'halawaydh@scientificamerican.com','2017-06-27 13:12:28',497708327),('A487','cqu101','Bennie','Bilney','M',38,'bbilneydi@youku.com','2000-08-31 07:54:56',412073550),('A488','fu101','Shalna','McNish','F',37,'smcnishdj@japanpost.jp','2016-09-15 19:29:43',468397891),('A489','swin101','Tucker','Angear','M',37,'tangeardk@statcounter.com','2012-03-26 20:13:16',467225581),('A490','anu101','Rosalinde','Giraldon','F',41,'rgiraldondl@ezinearticles.com','2012-05-26 21:20:08',470392092),('A491','wsu101','Parrnell','Dunkley','O',15,'pdunkleydm@google.com.au','2011-12-11 23:43:22',472616255),('A492','uw101','Orelle','Abbatt','F',44,'oabbattdn@epa.gov','2001-11-28 07:13:34',415197196),('A493','rmitu101','Rickert','Lubman','M',79,'rlubmando@i2i.jp','2012-01-20 00:46:32',475548170),('A494','ut101','Joyann','Kiely','F',13,'jkielydp@addtoany.com','2017-03-04 16:05:27',436597513),('A495','une101','Ossie','Morando','O',53,'omorandodq@infoseek.co.jp','2004-01-07 11:19:42',444586314),('A496','gu101','Rubetta','Rubrow','O',35,'rrubrowdr@wikispaces.com','2020-07-23 21:19:17',452674374),('A497','us101','Sibylle','Gonnel','F',55,'sgonnelds@e-recht24.de','2013-11-04 03:31:27',477077150),('A498','acu101','Rebekkah','Vardon','F',36,'rvardondt@wisc.edu','2015-08-15 15:54:41',410541391),('A499','uc101','Fiorenze','Blazy','F',65,'fblazydu@kickstarter.com','2008-08-29 12:04:49',471220372),('A500','uq101','Sandor','Radwell','M',68,'sradwelldv@usatoday.com','2020-04-01 22:59:37',471220375);
/*!40000 ALTER TABLE `archer` ENABLE KEYS */;
UNLOCK TABLES;

--
-- Table structure for table `archercompetition`
--

DROP TABLE IF EXISTS `archercompetition`;
/*!40101 SET @saved_cs_client     = @@character_set_client */;
/*!50503 SET character_set_client = utf8mb4 */;
CREATE TABLE `archercompetition` (
  `archerID` varchar(10) NOT NULL,
  `competitionID` varchar(10) NOT NULL,
  `joinCompetitionDate` datetime NOT NULL,
  PRIMARY KEY (`archerID`,`competitionID`,`joinCompetitionDate`),
  KEY `archercompetition_fk2_idx` (`competitionID`),
  CONSTRAINT `archercompetition_fk1` FOREIGN KEY (`archerID`) REFERENCES `archer` (`archerID`) ON DELETE RESTRICT ON UPDATE CASCADE,
  CONSTRAINT `archercompetition_fk2` FOREIGN KEY (`competitionID`) REFERENCES `competition` (`competitionID`) ON DELETE RESTRICT ON UPDATE CASCADE
) ENGINE=InnoDB DEFAULT CHARSET=utf8mb4 COLLATE=utf8mb4_0900_ai_ci;
/*!40101 SET character_set_client = @saved_cs_client */;

--
-- Dumping data for table `archercompetition`
--

LOCK TABLES `archercompetition` WRITE;
/*!40000 ALTER TABLE `archercompetition` DISABLE KEYS */;
INSERT INTO `archercompetition` VALUES ('A005','AA40','2022-05-02 14:02:22'),('A006','AA40','2021-07-11 04:07:57'),('A007','AA40','2022-02-17 09:21:36'),('A009','AA40','2021-02-28 23:15:38'),('A009','AA40','2022-11-26 19:54:21'),('A012','AA40','2021-10-15 08:49:22'),('A013','AA40','2021-07-11 04:07:57'),('A015','AA40','2021-10-21 00:06:39'),('A016','AA40','2021-04-17 19:43:56'),('A016','AA40','2021-07-25 21:13:38'),('A017','AA40','2022-02-16 02:46:58'),('A018','AA40','2022-01-28 09:11:33'),('A019','AA40','2021-07-11 04:07:57'),('A019','AA40','2022-09-13 23:25:09'),('A020','AA40','2022-11-25 07:06:51'),('A023','AA40','2021-03-03 14:03:33'),('A023','AA40','2021-05-21 15:10:11'),('A023','AA40','2021-07-15 01:35:42'),('A023','AA40','2022-01-16 04:43:37'),('A024','AA40','2021-05-21 15:10:11'),('A025','AA40','2021-07-25 21:13:38'),('A025','AA40','2021-09-21 01:46:44'),('A025','AA40','2022-09-13 23:25:09'),('A026','AA40','2022-01-16 04:43:37'),('A026','AA40','2022-11-25 07:06:51'),('A029','AA40','2021-02-25 04:29:28'),('A029','AA40','2021-02-25 04:29:29'),('A029','AA40','2021-09-21 01:46:44'),('A029','AA40','2022-11-25 07:06:51'),('A030','AA40','2021-10-03 16:55:25'),('A030','AA40','2021-12-26 04:39:48'),('A031','AA40','2022-02-19 08:48:40'),('A033','AA40','2021-09-21 01:46:44'),('A033','AA40','2023-02-24 19:09:43'),('A034','AA40','2021-07-25 21:13:38'),('A034','AA40','2022-09-13 23:25:09'),('A038','AA40','2022-02-19 08:48:40'),('A042','AA40','2021-02-25 04:29:28'),('A044','AA40','2022-02-19 08:48:40'),('A048','AA40','2021-04-26 14:09:28'),('A048','AA40','2022-06-30 17:46:36'),('A050','AA40','2022-01-16 04:43:37'),('A053','AA40','2022-02-17 09:21:36'),('A053','AA40','2023-05-15 17:11:00'),('A055','AA40','2022-11-25 07:06:51'),('A056','AA40','2022-08-08 14:51:31'),('A060','AA40','2021-09-21 01:46:44'),('A060','AA40','2022-05-17 05:46:22'),('A061','AA40','2021-02-25 04:29:28'),('A061','AA40','2022-02-19 08:48:40'),('A062','AA40','2021-12-26 04:39:48'),('A064','AA40','2023-05-21 11:27:46'),('A065','AA40','2021-05-21 15:10:11'),('A066','AA40','2021-12-26 04:39:48'),('A066','AA40','2022-12-12 08:42:48'),('A067','AA40','2022-01-28 09:11:33'),('A068','AA40','2021-04-26 14:09:28'),('A068','AA40','2022-10-02 18:22:35'),('A071','AA40','2022-02-03 15:32:27'),('A072','AA40','2021-10-03 16:55:25'),('A073','AA40','2021-06-05 06:38:15'),('A075','AA40','2021-04-02 22:41:07'),('A075','AA40','2021-05-21 15:10:11'),('A076','AA40','2022-05-17 05:46:22'),('A076','AA40','2022-08-08 14:51:31'),('A077','AA40','2022-02-19 08:48:40'),('A078','AA40','2021-03-03 14:03:33'),('A080','AA40','2022-08-08 14:51:31'),('A082','AA40','2022-05-17 05:46:22'),('A083','AA40','2022-01-28 09:11:33'),('A083','AA40','2022-02-17 09:21:36'),('A086','AA40','2023-02-01 23:32:09'),('A090','AA40','2023-02-01 23:32:09'),('A091','AA40','2021-10-15 08:49:22'),('A091','AA40','2023-06-14 21:30:25'),('A094','AA40','2022-12-12 08:42:48'),('A095','AA40','2022-05-02 14:02:22'),('A097','AA40','2021-09-21 01:46:44'),('A099','AA40','2021-10-03 16:55:25'),('A099','AA40','2022-03-31 11:20:28'),('A099','AA40','2023-05-21 11:27:46'),('A101','AA40','2021-07-15 01:35:42'),('A101','AA40','2021-10-03 16:55:25'),('A107','AA40','2021-04-26 14:09:28'),('A107','AA40','2023-05-21 11:27:46'),('A108','AA40','2021-07-11 04:07:57'),('A116','AA40','2021-02-28 23:15:38'),('A117','AA40','2023-06-14 21:30:25'),('A122','AA40','2021-10-21 00:06:39'),('A122','AA40','2023-05-15 17:11:00'),('A125','AA40','2021-06-10 07:14:59'),('A126','AA40','2022-09-25 01:38:19'),('A126','AA40','2022-11-25 07:06:51'),('A128','AA40','2021-07-11 04:07:57'),('A128','AA40','2022-11-26 19:54:21'),('A129','AA40','2022-10-02 18:22:35'),('A131','AA40','2022-08-08 14:51:31'),('A132','AA40','2021-02-25 04:29:28'),('A132','AA40','2022-12-12 08:42:48'),('A134','AA40','2021-02-25 04:29:28'),('A134','AA40','2021-10-03 16:55:25'),('A135','AA40','2022-09-25 01:38:19'),('A135','AA40','2023-02-24 19:09:43'),('A135','AA40','2023-05-21 11:27:46'),('A136','AA40','2021-03-03 14:03:33'),('A136','AA40','2023-02-01 23:32:09'),('A137','AA40','2021-12-27 15:50:11'),('A139','AA40','2022-02-16 02:46:58'),('A146','AA40','2021-02-25 04:29:28'),('A148','AA40','2023-05-21 11:27:46'),('A153','AA40','2022-02-19 08:48:40'),('A153','AA40','2022-09-13 23:25:09'),('A154','AA40','2022-01-28 09:11:33'),('A155','AA40','2022-06-07 16:31:13'),('A157','AA40','2021-04-26 14:09:28'),('A157','AA40','2022-01-16 04:43:37'),('A159','AA40','2021-07-25 21:13:38'),('A160','AA40','2021-07-11 04:07:57'),('A160','AA40','2022-10-02 18:22:35'),('A161','AA40','2022-01-28 09:11:33'),('A162','AA40','2021-02-28 23:15:38'),('A162','AA40','2021-10-03 16:55:25'),('A163','AA40','2021-06-10 07:14:59'),('A164','AA40','2022-09-25 01:38:19'),('A165','AA40','2021-06-05 06:38:15'),('A166','AA40','2022-02-17 09:21:36'),('A170','AA40','2022-01-28 09:11:33'),('A171','AA40','2022-09-13 23:25:09'),('A172','AA40','2021-09-21 01:46:44'),('A173','AA40','2022-01-28 09:11:33'),('A174','AA40','2021-04-02 22:41:07'),('A174','AA40','2021-10-21 00:06:39'),('A175','AA40','2021-05-21 15:10:11'),('A176','AA40','2022-01-28 09:11:33'),('A176','AA40','2022-03-31 11:20:28'),('A180','AA40','2022-03-31 11:20:28'),('A181','AA40','2021-12-26 04:39:48'),('A182','AA40','2021-07-25 21:13:38'),('A184','AA40','2022-01-16 04:43:37'),('A184','AA40','2022-01-28 09:11:33'),('A186','AA40','2021-06-10 07:14:59'),('A187','AA40','2021-09-21 01:46:44'),('A187','AA40','2023-06-14 21:30:25'),('A189','AA40','2022-01-28 09:11:33'),('A190','AA40','2022-02-16 02:46:58'),('A192','AA40','2021-04-02 22:41:07'),('A192','AA40','2023-02-24 19:09:43'),('A193','AA40','2021-07-11 04:07:57'),('A193','AA40','2021-09-21 01:46:44'),('A194','AA40','2023-06-14 21:30:25'),('A195','AA40','2021-10-21 00:06:39'),('A195','AA40','2022-11-26 19:54:21'),('A196','AA40','2023-05-15 17:11:00'),('A199','AA40','2022-09-13 23:25:09'),('A200','AA40','2021-03-03 14:03:33'),('A201','AA40','2022-03-31 11:20:28'),('A201','AA40','2023-02-24 19:09:43'),('A202','AA40','2021-03-03 14:03:33'),('A202','AA40','2022-06-30 17:46:36'),('A203','AA40','2021-12-27 15:50:11'),('A204','AA40','2022-09-13 23:25:09'),('A205','AA40','2022-05-02 14:02:22'),('A207','AA40','2022-10-02 18:22:35'),('A209','AA40','2021-12-26 04:39:48'),('A209','AA40','2023-02-01 23:32:09'),('A210','AA40','2022-08-08 14:51:31'),('A211','AA40','2022-10-02 18:22:35'),('A212','AA40','2022-11-25 07:06:51'),('A214','AA40','2021-02-28 23:15:38'),('A214','AA40','2021-07-15 01:35:42'),('A218','AA40','2022-02-16 02:46:58'),('A218','AA40','2023-02-24 19:09:43'),('A219','AA40','2021-06-05 06:38:15'),('A222','AA40','2021-02-28 23:15:38'),('A223','AA40','2021-10-15 08:49:22'),('A226','AA40','2022-08-08 14:51:31'),('A226','AA40','2022-12-12 08:42:48'),('A229','AA40','2021-07-25 21:13:38'),('A229','AA40','2022-06-30 17:46:36'),('A229','AA40','2022-09-25 01:38:19'),('A230','AA40','2021-02-28 23:15:38'),('A230','AA40','2022-09-13 23:25:09'),('A232','AA40','2023-05-21 11:27:46'),('A236','AA40','2021-04-26 14:09:28'),('A238','AA40','2021-02-28 23:15:38'),('A240','AA40','2023-02-01 23:32:09'),('A240','AA40','2023-02-24 19:09:43'),('A241','AA40','2023-02-24 19:09:43'),('A244','AA40','2022-02-03 15:32:27'),('A245','AA40','2022-05-17 05:46:22'),('A246','AA40','2021-04-17 19:43:56'),('A247','AA40','2021-09-21 01:46:44'),('A250','AA40','2021-07-11 04:07:57'),('A250','AA40','2022-02-03 15:32:27'),('A250','AA40','2023-05-21 11:27:46'),('A251','AA40','2022-12-12 08:42:48'),('A252','AA40','2022-12-12 08:42:48'),('A255','AA40','2021-06-05 06:38:15'),('A256','AA40','2022-03-31 11:20:28'),('A258','AA40','2021-10-15 08:49:22'),('A258','AA40','2021-12-27 15:50:11'),('A258','AA40','2022-09-25 01:38:19'),('A260','AA40','2021-02-25 04:29:28'),('A260','AA40','2022-05-17 05:46:22'),('A262','AA40','2022-12-12 08:42:48'),('A263','AA40','2021-05-21 15:10:11'),('A264','AA40','2021-02-25 04:29:28'),('A264','AA40','2023-02-01 23:32:09'),('A264','AA40','2023-05-21 11:27:46'),('A265','AA40','2022-05-17 05:46:22'),('A267','AA40','2021-12-27 15:50:11'),('A267','AA40','2022-09-25 01:38:19'),('A268','AA40','2021-02-28 23:15:38'),('A268','AA40','2022-02-16 02:46:58'),('A269','AA40','2023-05-21 11:27:46'),('A271','AA40','2021-10-03 16:55:25'),('A275','AA40','2021-12-26 04:39:48'),('A275','AA40','2023-05-21 11:27:46'),('A277','AA40','2022-02-16 02:46:58'),('A277','AA40','2022-08-08 14:51:31'),('A278','AA40','2021-03-03 14:03:33'),('A282','AA40','2022-01-16 04:43:37'),('A282','AA40','2022-11-25 07:06:51'),('A283','AA40','2022-01-16 04:43:37'),('A283','AA40','2022-03-31 11:20:28'),('A283','AA40','2022-05-17 05:46:22'),('A284','AA40','2021-02-28 23:15:38'),('A284','AA40','2022-12-12 08:42:48'),('A291','AA40','2021-12-26 04:39:48'),('A291','AA40','2022-06-07 16:31:13'),('A292','AA40','2021-09-21 01:46:44'),('A293','AA40','2022-09-25 01:38:19'),('A295','AA40','2021-02-28 23:15:38'),('A296','AA40','2022-11-26 19:54:21'),('A298','AA40','2022-10-02 18:22:35'),('A300','AA40','2021-03-03 14:03:33'),('A300','AA40','2021-06-10 07:14:59'),('A304','AA40','2021-03-03 14:03:33'),('A305','AA40','2021-06-10 07:14:59'),('A307','AA40','2021-12-26 04:39:48'),('A307','AA40','2022-02-19 08:48:40'),('A307','AA40','2022-11-25 07:06:51'),('A308','AA40','2021-09-21 01:46:44'),('A309','AA40','2022-01-28 09:11:33'),('A310','AA40','2022-02-16 02:46:58'),('A310','AA40','2022-11-25 07:06:51'),('A311','AA40','2022-03-31 11:20:28'),('A312','AA40','2021-07-15 01:35:42'),('A312','AA40','2022-02-17 09:21:36'),('A314','AA40','2022-11-25 07:06:51'),('A316','AA40','2022-02-17 09:21:36'),('A317','AA40','2021-12-26 04:39:48'),('A320','AA40','2022-02-17 09:21:36'),('A321','AA40','2021-06-10 07:14:59'),('A323','AA40','2021-04-17 19:43:56'),('A323','AA40','2022-02-16 02:46:58'),('A325','AA40','2021-05-21 15:10:11'),('A325','AA40','2022-01-28 09:11:33'),('A332','AA40','2021-12-26 04:39:48'),('A333','AA40','2021-12-26 04:39:48'),('A333','AA40','2021-12-27 15:50:11'),('A333','AA40','2022-09-13 23:25:09'),('A334','AA40','2021-05-21 15:10:11'),('A335','AA40','2021-12-27 15:50:11'),('A335','AA40','2022-11-26 19:54:21'),('A336','AA40','2022-05-02 14:02:22'),('A337','AA40','2021-04-26 14:09:28'),('A337','AA40','2021-05-21 15:10:11'),('A337','AA40','2022-03-31 11:20:28'),('A337','AA40','2023-02-24 19:09:43'),('A339','AA40','2021-06-05 06:38:15'),('A339','AA40','2022-12-12 08:42:48'),('A340','AA40','2021-04-26 14:09:28'),('A340','AA40','2021-04-26 14:09:29'),('A343','AA40','2022-01-28 09:11:33'),('A343','AA40','2022-01-28 09:11:34'),('A344','AA40','2021-04-26 14:09:28'),('A344','AA40','2022-01-16 04:43:37'),('A347','AA40','2021-07-15 01:35:42'),('A347','AA40','2023-05-21 11:27:46'),('A348','AA40','2021-05-21 15:10:11'),('A348','AA40','2022-10-02 18:22:35'),('A348','AA40','2023-06-14 21:30:25'),('A352','AA40','2021-04-17 19:43:56'),('A352','AA40','2022-01-16 04:43:37'),('A353','AA40','2022-06-30 17:46:36'),('A355','AA40','2022-11-25 07:06:51'),('A356','AA40','2021-07-11 04:07:57'),('A357','AA40','2021-12-26 04:39:48'),('A360','AA40','2021-06-10 07:14:59'),('A360','AA40','2021-10-03 16:55:25'),('A361','AA40','2022-05-02 14:02:22'),('A362','AA40','2021-04-26 14:09:28'),('A363','AA40','2021-10-21 00:06:39'),('A365','AA40','2021-12-27 15:50:11'),('A366','AA40','2022-06-30 17:46:36'),('A367','AA40','2021-04-17 19:43:56'),('A367','AA40','2021-12-26 04:39:48'),('A367','AA40','2022-12-12 08:42:48'),('A368','AA40','2022-02-03 15:32:27'),('A368','AA40','2023-02-01 23:32:09'),('A369','AA40','2022-10-02 18:22:35'),('A369','AA40','2023-06-14 21:30:25'),('A371','AA40','2022-05-17 05:46:22'),('A378','AA40','2021-06-05 06:38:15'),('A382','AA40','2022-05-17 05:46:22'),('A384','AA40','2021-10-03 16:55:25'),('A384','AA40','2022-06-30 17:46:36'),('A384','AA40','2023-02-24 19:09:43'),('A385','AA40','2021-04-26 14:09:28'),('A386','AA40','2021-02-25 04:29:28'),('A388','AA40','2022-06-30 17:46:36'),('A392','AA40','2021-07-15 01:35:42'),('A396','AA40','2021-07-15 01:35:42'),('A396','AA40','2022-08-08 14:51:31'),('A396','AA40','2023-05-15 17:11:00'),('A397','AA40','2021-07-15 01:35:42'),('A399','AA40','2021-03-03 14:03:33'),('A400','AA40','2023-06-14 21:30:25'),('A401','AA40','2021-07-11 04:07:57'),('A402','AA40','2021-04-02 22:41:07'),('A402','AA40','2022-02-03 15:32:27'),('A402','AA40','2023-02-01 23:32:09'),('A403','AA40','2021-03-03 14:03:33'),('A403','AA40','2022-02-19 08:48:40'),('A404','AA40','2021-06-05 06:38:15'),('A407','AA40','2021-06-05 06:38:15'),('A407','AA40','2021-09-21 01:46:44'),('A407','AA40','2021-10-21 00:06:39'),('A409','AA40','2023-05-15 17:11:00'),('A411','AA40','2021-02-28 23:15:38'),('A414','AA40','2021-04-17 19:43:56'),('A414','AA40','2022-01-28 09:11:33'),('A414','AA40','2022-02-19 08:48:40'),('A415','AA40','2022-11-25 07:06:51'),('A416','AA40','2021-04-26 14:09:28'),('A416','AA40','2022-06-07 16:31:13'),('A416','AA40','2022-06-30 17:46:36'),('A418','AA40','2021-07-11 04:07:57'),('A419','AA40','2021-10-15 08:49:22'),('A420','AA40','2023-06-14 21:30:25'),('A421','AA40','2021-04-26 14:09:28'),('A422','AA40','2021-03-03 14:03:33'),('A423','AA40','2023-05-21 11:27:46'),('A425','AA40','2022-02-19 08:48:40'),('A427','AA40','2022-03-31 11:20:28'),('A429','AA40','2021-06-05 06:38:15'),('A431','AA40','2021-04-17 19:43:56'),('A433','AA40','2023-02-01 23:32:09'),('A435','AA40','2022-10-02 18:22:35'),('A435','AA40','2022-11-25 07:06:51'),('A436','AA40','2022-02-16 02:46:58'),('A436','AA40','2022-06-30 17:46:36'),('A439','AA40','2022-11-25 07:06:51'),('A440','AA40','2022-09-13 23:25:09'),('A441','AA40','2021-04-26 14:09:28'),('A442','AA40','2021-10-21 00:06:39'),('A442','AA40','2022-01-28 09:11:33'),('A442','AA40','2022-02-17 09:21:36'),('A444','AA40','2023-05-15 17:11:00'),('A447','AA40','2021-10-21 00:06:39'),('A447','AA40','2023-05-21 11:27:46'),('A448','AA40','2021-04-26 14:09:28'),('A449','AA40','2021-10-03 16:55:25'),('A450','AA40','2021-04-02 22:41:07'),('A450','AA40','2021-07-11 04:07:57'),('A450','AA40','2021-07-15 01:35:42'),('A451','AA40','2022-06-30 17:46:36'),('A452','AA40','2021-06-05 06:38:15'),('A456','AA40','2022-08-08 14:51:31'),('A457','AA40','2021-07-25 21:13:38'),('A458','AA40','2022-11-26 19:54:21'),('A459','AA40','2021-09-21 01:46:44'),('A459','AA40','2022-01-28 09:11:33'),('A459','AA40','2022-03-31 11:20:28'),('A461','AA40','2022-05-17 05:46:22'),('A463','AA40','2021-04-02 22:41:07'),('A463','AA40','2021-07-11 04:07:57'),('A464','AA40','2023-02-24 19:09:43'),('A469','AA40','2021-12-27 15:50:11'),('A470','AA40','2022-03-31 11:20:28'),('A471','AA40','2023-02-01 23:32:09'),('A471','AA40','2023-06-14 21:30:25'),('A472','AA40','2021-12-26 04:39:48'),('A472','AA40','2022-02-17 09:21:36'),('A472','AA40','2022-09-25 01:38:19'),('A473','AA40','2021-02-25 04:29:28'),('A473','AA40','2022-06-30 17:46:36'),('A474','AA40','2022-11-26 19:54:21'),('A475','AA40','2021-04-17 19:43:56'),('A475','AA40','2022-02-17 09:21:36'),('A478','AA40','2022-06-07 16:31:13'),('A480','AA40','2021-04-17 19:43:56'),('A480','AA40','2021-10-15 08:49:22'),('A481','AA40','2022-11-26 19:54:21'),('A484','AA40','2021-09-21 01:46:44'),('A485','AA40','2021-06-05 06:38:15'),('A487','AA40','2021-04-26 14:09:28'),('A489','AA40','2021-04-26 14:09:28'),('A489','AA40','2021-09-21 01:46:44'),('A489','AA40','2022-02-03 15:32:27'),('A492','AA40','2021-02-28 23:15:38'),('A492','AA40','2021-04-17 19:43:56'),('A492','AA40','2022-06-07 16:31:13'),('A495','AA40','2023-05-21 11:27:46'),('A497','AA40','2021-04-17 19:43:56'),('A497','AA40','2021-05-21 15:10:11'),('A499','AA40','2021-03-03 14:03:33'),('A499','AA40','2021-06-05 06:38:15'),('A499','AA40','2021-10-21 00:06:39'),('A500','AA40','2021-07-15 01:35:42'),('A500','AA40','2023-02-01 23:32:09'),('A005','AA50','2022-04-19 02:28:47'),('A005','AA50','2023-06-18 04:45:59'),('A006','AA50','2022-07-01 14:46:08'),('A009','AA50','2021-08-27 23:28:19'),('A009','AA50','2021-08-30 12:20:37'),('A009','AA50','2021-12-11 03:41:15'),('A009','AA50','2022-02-11 05:33:02'),('A009','AA50','2023-01-22 10:34:30'),('A014','AA50','2021-08-30 12:20:37'),('A014','AA50','2021-11-06 05:31:23'),('A018','AA50','2021-02-08 14:31:00'),('A020','AA50','2021-04-27 23:24:31'),('A020','AA50','2023-06-18 04:45:59'),('A021','AA50','2022-02-11 05:33:02'),('A021','AA50','2022-04-20 15:49:01'),('A021','AA50','2023-01-22 10:34:30'),('A023','AA50','2023-01-22 10:34:30'),('A024','AA50','2021-11-25 17:51:51'),('A025','AA50','2021-12-06 18:35:25'),('A028','AA50','2022-10-06 03:04:39'),('A030','AA50','2022-01-24 02:30:58'),('A034','AA50','2021-02-08 14:31:00'),('A034','AA50','2022-10-06 03:04:39'),('A038','AA50','2023-04-27 00:37:26'),('A039','AA50','2022-10-17 15:33:58'),('A042','AA50','2023-02-23 16:42:01'),('A043','AA50','2022-01-01 03:19:13'),('A044','AA50','2023-02-07 13:49:20'),('A048','AA50','2022-01-01 03:19:13'),('A051','AA50','2022-07-01 14:46:08'),('A056','AA50','2021-07-20 17:41:25'),('A057','AA50','2022-01-24 02:30:58'),('A057','AA50','2022-04-27 16:31:04'),('A058','AA50','2021-12-11 03:41:15'),('A058','AA50','2022-07-01 14:46:08'),('A059','AA50','2021-04-27 23:24:31'),('A059','AA50','2023-04-27 00:37:26'),('A061','AA50','2021-04-27 23:24:31'),('A061','AA50','2021-04-27 23:24:32'),('A062','AA50','2021-12-11 03:41:15'),('A069','AA50','2022-01-15 10:29:14'),('A070','AA50','2022-10-17 15:33:58'),('A071','AA50','2021-07-20 17:41:25'),('A071','AA50','2022-07-01 14:46:08'),('A072','AA50','2023-01-25 00:59:28'),('A073','AA50','2023-02-23 16:42:01'),('A074','AA50','2021-10-25 07:55:58'),('A075','AA50','2021-02-19 16:27:51'),('A076','AA50','2021-08-27 23:28:19'),('A077','AA50','2021-10-25 07:55:58'),('A077','AA50','2022-02-11 05:33:02'),('A082','AA50','2023-02-23 16:42:01'),('A083','AA50','2022-09-12 21:54:05'),('A084','AA50','2022-09-12 21:54:05'),('A085','AA50','2021-06-09 02:23:35'),('A085','AA50','2023-06-13 09:54:09'),('A088','AA50','2022-09-12 21:54:05'),('A094','AA50','2021-02-08 14:31:00'),('A094','AA50','2022-06-13 01:31:03'),('A096','AA50','2021-12-11 03:41:15'),('A096','AA50','2023-06-18 04:45:59'),('A097','AA50','2022-09-12 21:54:05'),('A098','AA50','2021-08-30 12:20:37'),('A102','AA50','2022-01-15 10:29:14'),('A102','AA50','2022-01-15 10:29:15'),('A102','AA50','2022-02-11 05:33:02'),('A102','AA50','2022-02-23 17:57:16'),('A104','AA50','2022-11-18 06:47:20'),('A105','AA50','2022-01-24 02:30:58'),('A105','AA50','2022-09-12 21:54:05'),('A106','AA50','2023-01-22 10:34:30'),('A107','AA50','2022-02-11 05:33:02'),('A109','AA50','2021-07-20 17:41:25'),('A110','AA50','2022-01-01 03:19:13'),('A111','AA50','2023-01-25 00:59:28'),('A112','AA50','2021-12-06 18:35:25'),('A113','AA50','2021-08-30 12:20:37'),('A113','AA50','2021-12-06 18:35:25'),('A114','AA50','2021-02-08 14:31:00'),('A117','AA50','2022-11-27 00:44:34'),('A120','AA50','2021-07-20 17:41:25'),('A120','AA50','2021-11-25 17:51:51'),('A121','AA50','2021-06-09 02:23:35'),('A121','AA50','2022-04-20 15:49:01'),('A122','AA50','2022-04-20 15:49:01'),('A122','AA50','2023-04-27 00:37:26'),('A123','AA50','2022-02-11 05:33:02'),('A124','AA50','2023-06-18 04:45:59'),('A125','AA50','2022-04-19 02:28:47'),('A127','AA50','2022-01-15 10:29:14'),('A127','AA50','2023-01-25 00:59:28'),('A128','AA50','2023-04-27 00:37:26'),('A131','AA50','2022-01-01 03:19:13'),('A132','AA50','2021-02-19 16:27:51'),('A132','AA50','2021-06-09 02:23:35'),('A132','AA50','2022-04-27 16:31:04'),('A133','AA50','2021-07-19 08:16:55'),('A134','AA50','2022-11-27 00:44:34'),('A137','AA50','2022-01-15 10:29:14'),('A137','AA50','2023-06-18 04:45:59'),('A138','AA50','2022-04-20 15:49:01'),('A139','AA50','2022-01-24 02:30:58'),('A140','AA50','2021-04-27 23:24:31'),('A142','AA50','2021-07-20 17:41:25'),('A143','AA50','2022-01-15 10:29:14'),('A143','AA50','2022-09-08 01:01:56'),('A144','AA50','2022-11-18 06:47:20'),('A151','AA50','2022-01-15 10:29:14'),('A152','AA50','2022-02-11 05:33:02'),('A152','AA50','2022-07-01 14:46:08'),('A153','AA50','2021-11-25 17:51:51'),('A153','AA50','2023-01-25 00:59:28'),('A154','AA50','2023-01-22 10:34:30'),('A163','AA50','2021-07-20 17:41:25'),('A165','AA50','2021-12-06 18:35:25'),('A165','AA50','2022-04-27 16:31:04'),('A166','AA50','2022-01-01 03:19:13'),('A168','AA50','2022-01-24 02:30:58'),('A170','AA50','2022-10-06 03:04:39'),('A170','AA50','2022-11-18 06:47:20'),('A171','AA50','2022-02-23 17:57:16'),('A173','AA50','2021-12-06 18:35:25'),('A173','AA50','2021-12-11 03:41:15'),('A173','AA50','2022-04-20 15:49:01'),('A173','AA50','2022-10-06 03:04:39'),('A174','AA50','2021-08-27 23:28:19'),('A174','AA50','2022-11-27 00:44:34'),('A175','AA50','2021-03-06 07:25:41'),('A175','AA50','2022-02-11 05:33:02'),('A175','AA50','2022-06-13 01:31:03'),('A175','AA50','2022-10-06 03:04:39'),('A176','AA50','2023-02-23 16:42:01'),('A177','AA50','2023-06-18 04:45:59'),('A180','AA50','2022-09-12 21:54:05'),('A182','AA50','2023-02-07 13:49:20'),('A183','AA50','2022-09-12 21:54:05'),('A187','AA50','2021-08-27 23:28:19'),('A187','AA50','2021-10-25 07:55:58'),('A188','AA50','2022-09-12 21:54:05'),('A188','AA50','2023-02-23 16:42:01'),('A189','AA50','2022-09-12 21:54:05'),('A190','AA50','2021-11-25 17:51:51'),('A193','AA50','2022-01-15 10:29:14'),('A193','AA50','2023-04-27 00:37:26'),('A194','AA50','2021-10-25 07:55:58'),('A196','AA50','2021-07-19 08:16:55'),('A196','AA50','2022-01-24 02:30:58'),('A197','AA50','2022-06-13 01:31:03'),('A197','AA50','2022-06-13 01:31:04'),('A197','AA50','2023-06-15 14:48:03'),('A198','AA50','2021-02-08 14:31:00'),('A198','AA50','2022-10-17 15:33:58'),('A199','AA50','2021-08-27 23:28:19'),('A201','AA50','2021-12-11 03:41:15'),('A202','AA50','2022-07-01 14:46:08'),('A204','AA50','2021-02-19 16:27:51'),('A206','AA50','2022-01-15 10:29:14'),('A208','AA50','2021-08-27 23:28:19'),('A209','AA50','2021-02-19 16:27:51'),('A210','AA50','2023-04-27 00:37:26'),('A211','AA50','2022-10-17 15:33:58'),('A211','AA50','2023-04-27 00:37:26'),('A217','AA50','2022-09-08 01:01:56'),('A218','AA50','2022-06-13 01:31:03'),('A219','AA50','2022-10-17 15:33:58'),('A219','AA50','2023-01-22 10:34:30'),('A221','AA50','2023-04-27 00:37:26'),('A222','AA50','2021-07-19 08:16:55'),('A222','AA50','2022-02-11 05:33:02'),('A222','AA50','2023-06-18 04:45:59'),('A224','AA50','2022-02-11 05:33:02'),('A225','AA50','2022-04-20 15:49:01'),('A225','AA50','2022-04-27 16:31:04'),('A225','AA50','2022-11-27 00:44:34'),('A226','AA50','2021-04-27 23:24:31'),('A226','AA50','2022-02-23 17:57:16'),('A231','AA50','2021-02-19 16:27:51'),('A235','AA50','2021-08-30 12:20:37'),('A236','AA50','2023-06-18 04:45:59'),('A237','AA50','2021-11-25 17:51:51'),('A237','AA50','2022-09-08 01:01:56'),('A238','AA50','2021-07-20 17:41:25'),('A239','AA50','2022-01-15 10:29:14'),('A240','AA50','2021-12-06 18:35:25'),('A242','AA50','2023-02-23 16:42:01'),('A243','AA50','2022-01-01 03:19:13'),('A247','AA50','2023-02-07 13:49:20'),('A248','AA50','2021-12-11 03:41:15'),('A248','AA50','2022-10-17 15:33:58'),('A252','AA50','2021-08-30 12:20:37'),('A254','AA50','2022-07-01 14:46:08'),('A257','AA50','2021-06-09 02:23:35'),('A257','AA50','2021-11-06 05:31:23'),('A257','AA50','2021-12-11 03:41:15'),('A258','AA50','2021-06-09 02:23:35'),('A259','AA50','2023-02-07 13:49:20'),('A260','AA50','2022-09-12 21:54:05'),('A260','AA50','2023-06-18 04:45:59'),('A261','AA50','2023-02-23 16:42:01'),('A262','AA50','2022-04-20 15:49:01'),('A264','AA50','2021-11-06 05:31:23'),('A264','AA50','2022-02-23 17:57:16'),('A264','AA50','2022-10-17 15:33:58'),('A272','AA50','2021-12-06 18:35:25'),('A274','AA50','2022-04-19 02:28:47'),('A274','AA50','2023-01-25 00:59:28'),('A275','AA50','2022-01-01 03:19:13'),('A277','AA50','2021-11-25 17:51:51'),('A278','AA50','2021-12-06 18:35:25'),('A278','AA50','2022-01-01 03:19:13'),('A279','AA50','2021-12-06 18:35:25'),('A279','AA50','2023-02-23 16:42:01'),('A281','AA50','2022-11-18 06:47:20'),('A281','AA50','2023-02-07 13:49:20'),('A282','AA50','2021-08-27 23:28:19'),('A287','AA50','2021-08-30 12:20:37'),('A290','AA50','2021-07-19 08:16:55'),('A290','AA50','2022-04-27 16:31:04'),('A295','AA50','2022-07-01 14:46:08'),('A296','AA50','2022-04-20 15:49:01'),('A301','AA50','2022-01-15 10:29:14'),('A302','AA50','2023-06-18 04:45:59'),('A304','AA50','2021-12-06 18:35:25'),('A304','AA50','2023-01-25 00:59:28'),('A306','AA50','2022-10-17 15:33:58'),('A306','AA50','2023-01-22 10:34:30'),('A307','AA50','2021-02-08 14:31:00'),('A308','AA50','2022-04-20 15:49:01'),('A309','AA50','2021-10-25 07:55:58'),('A310','AA50','2021-11-25 17:51:51'),('A310','AA50','2022-11-18 06:47:20'),('A311','AA50','2022-09-08 01:01:56'),('A311','AA50','2022-09-12 21:54:05'),('A312','AA50','2021-11-25 17:51:51'),('A312','AA50','2023-02-23 16:42:01'),('A314','AA50','2023-02-23 16:42:01'),('A315','AA50','2021-06-09 02:23:35'),('A319','AA50','2022-09-12 21:54:05'),('A320','AA50','2021-02-19 16:27:51'),('A320','AA50','2023-06-15 14:48:03'),('A322','AA50','2021-06-09 02:23:35'),('A324','AA50','2023-01-25 00:59:28'),('A326','AA50','2022-01-24 02:30:58'),('A326','AA50','2023-01-25 00:59:28'),('A328','AA50','2021-11-25 17:51:51'),('A328','AA50','2023-06-13 09:54:09'),('A329','AA50','2021-02-08 14:31:00'),('A329','AA50','2021-02-08 14:31:01'),('A329','AA50','2022-06-13 01:31:03'),('A330','AA50','2021-08-27 23:28:19'),('A330','AA50','2022-07-01 14:46:08'),('A330','AA50','2022-11-27 00:44:34'),('A331','AA50','2022-01-24 02:30:58'),('A334','AA50','2021-02-19 16:27:51'),('A334','AA50','2023-01-22 10:34:30'),('A336','AA50','2021-11-25 17:51:51'),('A337','AA50','2022-04-19 02:28:47'),('A338','AA50','2022-02-11 05:33:02'),('A342','AA50','2021-02-19 16:27:51'),('A346','AA50','2021-12-11 03:41:15'),('A348','AA50','2023-02-07 13:49:20'),('A350','AA50','2021-02-08 14:31:00'),('A350','AA50','2022-01-15 10:29:14'),('A351','AA50','2023-01-25 00:59:28'),('A352','AA50','2022-04-19 02:28:47'),('A354','AA50','2022-04-20 15:49:01'),('A355','AA50','2021-12-11 03:41:15'),('A356','AA50','2022-02-11 05:33:02'),('A357','AA50','2021-04-27 23:24:31'),('A357','AA50','2022-11-18 06:47:20'),('A358','AA50','2022-02-11 05:33:02'),('A359','AA50','2022-04-20 15:49:01'),('A361','AA50','2021-06-09 02:23:35'),('A362','AA50','2023-04-27 00:37:26'),('A364','AA50','2021-11-06 05:31:23'),('A364','AA50','2022-01-15 10:29:14'),('A365','AA50','2021-10-25 07:55:58'),('A371','AA50','2021-12-06 18:35:25'),('A371','AA50','2023-01-25 00:59:28'),('A372','AA50','2022-04-27 16:31:04'),('A374','AA50','2022-04-19 02:28:47'),('A376','AA50','2021-07-20 17:41:25'),('A376','AA50','2022-09-08 01:01:56'),('A381','AA50','2021-03-06 07:25:41'),('A381','AA50','2023-02-07 13:49:20'),('A382','AA50','2022-10-17 15:33:58'),('A383','AA50','2023-06-13 09:54:09'),('A384','AA50','2021-11-06 05:31:23'),('A385','AA50','2022-11-27 00:44:34'),('A386','AA50','2021-10-25 07:55:58'),('A386','AA50','2022-11-27 00:44:34'),('A389','AA50','2021-11-25 17:51:51'),('A391','AA50','2021-02-19 16:27:51'),('A391','AA50','2021-02-19 16:27:52'),('A394','AA50','2022-07-01 14:46:08'),('A400','AA50','2021-11-25 17:51:51'),('A400','AA50','2022-04-19 02:28:47'),('A403','AA50','2023-02-07 13:49:20'),('A404','AA50','2022-04-20 15:49:01'),('A404','AA50','2022-10-17 15:33:58'),('A405','AA50','2022-11-27 00:44:34'),('A405','AA50','2023-01-25 00:59:28'),('A410','AA50','2023-06-18 04:45:59'),('A411','AA50','2022-09-12 21:54:05'),('A411','AA50','2023-04-27 00:37:26'),('A412','AA50','2023-06-15 14:48:03'),('A413','AA50','2022-11-27 00:44:34'),('A416','AA50','2021-06-09 02:23:35'),('A416','AA50','2022-11-27 00:44:34'),('A420','AA50','2022-01-24 02:30:58'),('A423','AA50','2022-11-27 00:44:34'),('A424','AA50','2021-02-08 14:31:00'),('A425','AA50','2021-07-19 08:16:55'),('A426','AA50','2022-11-27 00:44:34'),('A427','AA50','2022-10-06 03:04:39'),('A429','AA50','2021-08-30 12:20:37'),('A429','AA50','2023-02-07 13:49:20'),('A430','AA50','2021-08-30 12:20:37'),('A431','AA50','2021-03-06 07:25:41'),('A431','AA50','2021-04-27 23:24:31'),('A431','AA50','2021-07-19 08:16:55'),('A434','AA50','2021-07-19 08:16:55'),('A435','AA50','2021-04-27 23:24:31'),('A435','AA50','2021-11-25 17:51:51'),('A435','AA50','2022-10-06 03:04:39'),('A436','AA50','2022-01-15 10:29:14'),('A437','AA50','2021-06-09 02:23:35'),('A439','AA50','2021-06-09 02:23:35'),('A439','AA50','2022-02-23 17:57:16'),('A439','AA50','2022-04-27 16:31:04'),('A440','AA50','2021-10-25 07:55:58'),('A442','AA50','2023-02-23 16:42:01'),('A442','AA50','2023-06-15 14:48:03'),('A444','AA50','2022-06-13 01:31:03'),('A445','AA50','2023-04-27 00:37:26'),('A448','AA50','2022-10-17 15:33:58'),('A448','AA50','2023-01-22 10:34:30'),('A449','AA50','2022-01-01 03:19:13'),('A449','AA50','2023-04-27 00:37:26'),('A450','AA50','2022-02-11 05:33:02'),('A451','AA50','2022-11-27 00:44:34'),('A455','AA50','2022-10-06 03:04:39'),('A455','AA50','2023-04-27 00:37:26'),('A456','AA50','2022-02-23 17:57:16'),('A457','AA50','2023-06-18 04:45:59'),('A460','AA50','2021-02-08 14:31:00'),('A461','AA50','2022-11-27 00:44:34'),('A462','AA50','2022-01-01 03:19:13'),('A464','AA50','2022-06-13 01:31:03'),('A468','AA50','2022-10-17 15:33:58'),('A471','AA50','2022-10-06 03:04:39'),('A478','AA50','2021-11-25 17:51:51'),('A478','AA50','2023-02-23 16:42:01'),('A479','AA50','2021-02-08 14:31:00'),('A479','AA50','2022-02-11 05:33:02'),('A482','AA50','2021-03-06 07:25:41'),('A485','AA50','2022-11-27 00:44:34'),('A487','AA50','2021-07-20 17:41:25'),('A489','AA50','2022-06-13 01:31:03'),('A492','AA50','2021-06-09 02:23:35'),('A493','AA50','2021-11-25 17:51:51'),('A493','AA50','2021-12-06 18:35:25'),('A493','AA50','2022-01-01 03:19:13'),('A494','AA50','2022-04-27 16:31:04'),('A494','AA50','2023-02-23 16:42:01'),('A495','AA50','2022-02-11 05:33:02'),('A495','AA50','2022-09-12 21:54:05'),('A496','AA50','2021-03-06 07:25:41'),('A496','AA50','2021-07-19 08:16:55'),('A496','AA50','2021-11-25 17:51:51'),('A496','AA50','2022-02-23 17:57:16'),('A496','AA50','2023-02-07 13:49:20'),('A497','AA50','2021-06-09 02:23:35'),('A500','AA50','2023-06-18 04:45:59'),('A004','Perth','2016-02-02 00:00:00'),('A005','WA60','2021-07-01 01:22:36'),('A007','WA60','2021-11-02 00:40:30'),('A011','WA60','2021-08-17 21:34:30'),('A012','WA60','2021-08-16 06:19:51'),('A014','WA60','2021-03-14 03:15:49'),('A014','WA60','2021-08-24 00:04:47'),('A014','WA60','2023-06-19 16:41:01'),('A016','WA60','2021-05-06 10:00:07'),('A016','WA60','2023-05-31 10:06:11'),('A017','WA60','2022-06-17 18:26:09'),('A018','WA60','2021-05-30 16:49:25'),('A019','WA60','2023-04-14 18:54:11'),('A021','WA60','2021-08-24 00:04:47'),('A021','WA60','2021-10-20 15:47:59'),('A021','WA60','2021-10-26 13:58:23'),('A022','WA60','2023-05-31 10:06:11'),('A025','WA60','2021-10-20 15:47:59'),('A027','WA60','2021-10-26 13:58:23'),('A030','WA60','2021-06-19 21:06:21'),('A032','WA60','2023-05-10 21:02:13'),('A033','WA60','2021-11-11 23:41:00'),('A033','WA60','2023-05-10 21:02:13'),('A035','WA60','2021-10-20 15:47:59'),('A035','WA60','2021-12-25 09:53:37'),('A037','WA60','2022-08-08 07:50:04'),('A039','WA60','2021-06-19 21:06:21'),('A043','WA60','2022-08-08 07:50:04'),('A048','WA60','2021-08-17 21:34:30'),('A048','WA60','2021-11-02 00:40:30'),('A048','WA60','2022-06-21 12:27:46'),('A048','WA60','2022-12-22 03:41:18'),('A049','WA60','2023-03-05 03:57:53'),('A050','WA60','2022-08-16 17:43:59'),('A051','WA60','2022-08-08 07:50:04'),('A053','WA60','2021-06-19 21:06:21'),('A054','WA60','2022-03-06 11:49:45'),('A056','WA60','2021-08-24 00:04:47'),('A056','WA60','2022-08-16 17:43:59'),('A059','WA60','2022-07-05 01:47:29'),('A059','WA60','2022-11-21 01:44:14'),('A060','WA60','2022-11-21 01:44:14'),('A060','WA60','2023-05-31 10:06:11'),('A061','WA60','2022-02-01 07:38:57'),('A061','WA60','2022-05-22 08:33:42'),('A061','WA60','2022-06-17 18:26:09'),('A063','WA60','2022-07-05 01:47:29'),('A065','WA60','2021-08-16 06:19:51'),('A065','WA60','2023-06-19 16:41:01'),('A070','WA60','2022-10-01 15:23:51'),('A070','WA60','2022-12-22 03:41:18'),('A071','WA60','2023-03-03 18:46:47'),('A073','WA60','2022-05-28 13:16:30'),('A073','WA60','2023-03-05 03:57:53'),('A075','WA60','2021-12-30 05:49:50'),('A079','WA60','2021-03-15 00:45:41'),('A079','WA60','2021-12-25 09:53:37'),('A080','WA60','2021-12-30 05:49:50'),('A080','WA60','2022-02-05 08:50:49'),('A082','WA60','2021-11-02 00:40:30'),('A082','WA60','2022-05-23 12:34:51'),('A084','WA60','2021-11-11 23:41:00'),('A084','WA60','2022-12-22 03:41:18'),('A085','WA60','2023-03-03 18:46:47'),('A087','WA60','2022-02-01 07:38:57'),('A088','WA60','2022-03-19 00:03:49'),('A089','WA60','2021-01-18 06:12:55'),('A089','WA60','2022-05-28 13:16:30'),('A091','WA60','2021-01-18 06:12:55'),('A091','WA60','2022-05-28 13:16:30'),('A094','WA60','2022-09-13 21:22:23'),('A095','WA60','2021-08-24 00:04:47'),('A096','WA60','2022-05-22 08:33:42'),('A098','WA60','2021-12-25 09:53:37'),('A099','WA60','2021-05-06 10:00:07'),('A100','WA60','2021-12-25 09:53:37'),('A101','WA60','2022-09-13 21:22:23'),('A103','WA60','2021-07-22 08:07:01'),('A104','WA60','2022-08-16 17:43:59'),('A105','WA60','2022-11-21 01:44:14'),('A108','WA60','2021-06-13 00:52:27'),('A110','WA60','2022-12-22 03:41:18'),('A112','WA60','2022-07-05 01:47:29'),('A113','WA60','2023-03-05 03:57:53'),('A114','WA60','2022-08-08 07:50:04'),('A115','WA60','2022-04-18 22:11:04'),('A116','WA60','2021-08-17 21:34:30'),('A116','WA60','2023-03-05 03:57:53'),('A119','WA60','2022-08-16 17:43:59'),('A125','WA60','2021-10-20 15:47:59'),('A126','WA60','2021-06-13 00:52:27'),('A127','WA60','2021-05-30 16:49:25'),('A127','WA60','2022-06-21 12:27:46'),('A127','WA60','2022-12-22 03:41:18'),('A128','WA60','2021-03-14 14:49:36'),('A129','WA60','2022-06-26 19:09:34'),('A131','WA60','2022-05-28 13:16:30'),('A133','WA60','2021-06-13 00:52:27'),('A133','WA60','2023-04-14 18:54:11'),('A138','WA60','2022-02-01 07:38:57'),('A139','WA60','2021-11-02 00:40:30'),('A139','WA60','2021-12-30 05:49:50'),('A141','WA60','2021-03-14 14:49:36'),('A143','WA60','2022-06-17 18:26:09'),('A143','WA60','2022-08-16 17:43:59'),('A144','WA60','2021-03-14 03:15:49'),('A145','WA60','2021-03-14 03:15:49'),('A145','WA60','2022-12-22 03:41:18'),('A147','WA60','2021-05-30 16:49:25'),('A147','WA60','2021-09-30 10:54:06'),('A147','WA60','2021-11-02 00:40:30'),('A148','WA60','2022-06-17 18:26:09'),('A151','WA60','2021-03-14 03:15:49'),('A154','WA60','2021-07-01 01:22:36'),('A154','WA60','2022-05-22 08:33:42'),('A155','WA60','2022-06-21 12:27:46'),('A157','WA60','2021-05-06 10:00:07'),('A157','WA60','2023-05-10 21:02:13'),('A158','WA60','2021-03-15 00:45:41'),('A158','WA60','2022-06-17 18:26:09'),('A159','WA60','2022-05-28 13:16:30'),('A160','WA60','2022-12-22 03:41:18'),('A163','WA60','2022-05-28 13:16:30'),('A164','WA60','2022-06-21 12:27:46'),('A165','WA60','2021-06-19 21:06:21'),('A165','WA60','2022-10-01 15:23:51'),('A166','WA60','2021-11-02 00:40:30'),('A166','WA60','2021-12-25 09:53:37'),('A166','WA60','2022-02-05 08:50:49'),('A166','WA60','2023-05-31 10:06:11'),('A168','WA60','2022-05-22 08:33:42'),('A170','WA60','2022-05-23 12:34:51'),('A170','WA60','2022-10-01 15:23:51'),('A173','WA60','2021-07-22 08:07:01'),('A176','WA60','2021-06-13 00:52:27'),('A177','WA60','2022-03-06 11:49:45'),('A178','WA60','2021-11-11 23:41:00'),('A180','WA60','2021-03-14 14:49:36'),('A182','WA60','2021-05-06 10:00:07'),('A182','WA60','2022-05-28 13:16:30'),('A184','WA60','2021-03-14 03:15:49'),('A184','WA60','2021-06-19 21:06:21'),('A184','WA60','2022-12-22 03:41:18'),('A186','WA60','2021-05-30 16:49:25'),('A186','WA60','2021-06-19 21:06:21'),('A187','WA60','2022-08-16 17:43:59'),('A188','WA60','2021-03-15 00:45:41'),('A189','WA60','2022-02-05 08:50:49'),('A190','WA60','2021-09-30 10:54:06'),('A191','WA60','2021-08-24 00:04:47'),('A192','WA60','2022-06-21 12:27:46'),('A194','WA60','2021-11-11 23:41:00'),('A196','WA60','2021-05-06 10:00:07'),('A197','WA60','2021-03-15 00:45:41'),('A200','WA60','2021-08-16 06:19:51'),('A201','WA60','2021-08-17 21:34:30'),('A201','WA60','2021-08-24 00:04:47'),('A201','WA60','2022-05-23 12:34:51'),('A202','WA60','2021-06-19 21:06:21'),('A202','WA60','2022-07-05 01:47:29'),('A202','WA60','2023-05-31 10:06:11'),('A205','WA60','2023-03-05 03:57:53'),('A206','WA60','2021-06-19 21:06:21'),('A209','WA60','2021-08-16 06:19:51'),('A209','WA60','2021-11-11 23:41:00'),('A211','WA60','2022-02-05 08:50:49'),('A211','WA60','2022-02-05 08:50:50'),('A212','WA60','2022-03-19 00:03:49'),('A212','WA60','2022-06-26 19:09:34'),('A212','WA60','2022-10-01 15:23:51'),('A214','WA60','2021-11-02 00:40:30'),('A216','WA60','2022-06-26 19:09:34'),('A217','WA60','2023-03-05 03:57:53'),('A219','WA60','2021-11-02 00:40:30'),('A219','WA60','2021-12-25 09:53:37'),('A220','WA60','2022-07-05 01:47:29'),('A223','WA60','2021-12-30 05:49:50'),('A224','WA60','2021-06-13 00:52:27'),('A225','WA60','2021-10-20 15:47:59'),('A227','WA60','2022-04-18 22:11:04'),('A227','WA60','2023-03-05 03:57:53'),('A231','WA60','2021-03-14 14:49:36'),('A232','WA60','2022-05-28 13:16:30'),('A234','WA60','2022-04-18 22:11:04'),('A235','WA60','2023-06-19 16:41:01'),('A238','WA60','2021-11-02 00:40:30'),('A238','WA60','2022-02-01 07:38:57'),('A239','WA60','2021-03-14 03:15:49'),('A242','WA60','2021-08-16 06:19:51'),('A243','WA60','2021-03-15 00:45:41'),('A243','WA60','2022-07-05 01:47:29'),('A247','WA60','2021-05-06 10:00:07'),('A247','WA60','2021-08-24 00:04:47'),('A248','WA60','2022-10-01 15:23:51'),('A249','WA60','2023-03-03 18:46:47'),('A250','WA60','2021-03-14 14:49:36'),('A250','WA60','2021-08-24 00:04:47'),('A251','WA60','2022-07-05 01:47:29'),('A253','WA60','2023-05-10 21:02:13'),('A255','WA60','2021-06-19 21:06:21'),('A255','WA60','2021-08-17 21:34:30'),('A256','WA60','2021-09-30 10:54:06'),('A258','WA60','2021-10-20 15:47:59'),('A259','WA60','2022-10-01 15:23:51'),('A260','WA60','2022-09-13 21:22:23'),('A261','WA60','2023-03-03 18:46:47'),('A262','WA60','2021-03-15 00:45:41'),('A263','WA60','2021-05-06 10:00:07'),('A263','WA60','2021-12-25 09:53:37'),('A263','WA60','2022-10-01 15:23:51'),('A264','WA60','2021-05-06 10:00:07'),('A264','WA60','2022-06-17 18:26:09'),('A264','WA60','2022-09-13 21:22:23'),('A265','WA60','2021-01-18 06:12:55'),('A267','WA60','2022-02-01 07:38:57'),('A268','WA60','2021-07-01 01:22:36'),('A271','WA60','2021-05-30 16:49:25'),('A271','WA60','2021-06-13 00:52:27'),('A272','WA60','2021-05-30 16:49:25'),('A274','WA60','2021-06-13 00:52:27'),('A275','WA60','2022-06-17 18:26:09'),('A275','WA60','2022-10-01 15:23:51'),('A276','WA60','2021-05-06 10:00:07'),('A276','WA60','2023-06-19 16:41:01'),('A277','WA60','2022-08-16 17:43:59'),('A279','WA60','2021-06-19 21:06:21'),('A279','WA60','2021-08-24 00:04:47'),('A279','WA60','2022-06-26 19:09:34'),('A279','WA60','2022-12-22 03:41:18'),('A281','WA60','2022-12-22 03:41:18'),('A282','WA60','2021-12-30 05:49:50'),('A285','WA60','2022-09-13 21:22:23'),('A287','WA60','2022-02-01 07:38:57'),('A287','WA60','2023-06-19 16:41:01'),('A288','WA60','2021-10-26 13:58:23'),('A290','WA60','2021-07-22 08:07:01'),('A291','WA60','2021-12-30 05:49:50'),('A291','WA60','2022-08-16 17:43:59'),('A291','WA60','2023-05-31 10:06:11'),('A292','WA60','2021-10-20 15:47:59'),('A294','WA60','2021-11-02 00:40:30'),('A295','WA60','2021-01-18 06:12:55'),('A297','WA60','2022-08-16 17:43:59'),('A300','WA60','2023-03-03 18:46:47'),('A301','WA60','2021-01-18 06:12:55'),('A301','WA60','2021-08-17 21:34:30'),('A301','WA60','2021-09-30 10:54:06'),('A301','WA60','2021-09-30 10:54:07'),('A302','WA60','2022-03-06 11:49:45'),('A302','WA60','2022-12-22 03:41:18'),('A304','WA60','2021-09-30 10:54:06'),('A306','WA60','2022-06-17 18:26:09'),('A306','WA60','2022-08-08 07:50:04'),('A307','WA60','2021-03-15 00:45:41'),('A307','WA60','2021-06-19 21:06:21'),('A307','WA60','2021-08-16 06:19:51'),('A307','WA60','2023-03-05 03:57:53'),('A310','WA60','2022-11-21 01:44:14'),('A312','WA60','2022-03-19 00:03:49'),('A313','WA60','2021-03-14 14:49:36'),('A313','WA60','2023-05-10 21:02:13'),('A314','WA60','2022-08-16 17:43:59'),('A316','WA60','2022-03-06 11:49:45'),('A317','WA60','2021-08-16 06:19:51'),('A317','WA60','2021-10-26 13:58:23'),('A318','WA60','2021-12-25 09:53:37'),('A318','WA60','2022-03-06 11:49:45'),('A318','WA60','2022-05-22 08:33:42'),('A318','WA60','2022-06-17 18:26:09'),('A319','WA60','2021-10-20 15:47:59'),('A319','WA60','2022-03-19 00:03:49'),('A319','WA60','2022-05-28 13:16:30'),('A324','WA60','2021-03-15 00:45:41'),('A327','WA60','2021-08-24 00:04:47'),('A328','WA60','2021-08-24 00:04:47'),('A328','WA60','2023-05-31 10:06:11'),('A329','WA60','2023-05-31 10:06:11'),('A330','WA60','2021-10-26 13:58:23'),('A331','WA60','2022-07-05 01:47:29'),('A331','WA60','2022-08-08 07:50:04'),('A332','WA60','2023-06-19 16:41:01'),('A333','WA60','2022-05-23 12:34:51'),('A335','WA60','2021-05-30 16:49:25'),('A337','WA60','2022-02-05 08:50:49'),('A338','WA60','2021-03-14 03:15:49'),('A338','WA60','2021-10-26 13:58:23'),('A339','WA60','2022-09-13 21:22:23'),('A342','WA60','2021-08-16 06:19:51'),('A343','WA60','2021-03-15 00:45:41'),('A344','WA60','2022-07-05 01:47:29'),('A345','WA60','2021-03-15 00:45:41'),('A345','WA60','2022-05-28 13:16:30'),('A346','WA60','2023-06-19 16:41:01'),('A347','WA60','2022-10-01 15:23:51'),('A348','WA60','2022-08-16 17:43:59'),('A349','WA60','2022-09-13 21:22:23'),('A350','WA60','2021-12-30 05:49:50'),('A351','WA60','2022-05-23 12:34:51'),('A352','WA60','2021-01-18 06:12:55'),('A352','WA60','2021-06-13 00:52:27'),('A354','WA60','2021-10-26 13:58:23'),('A358','WA60','2021-01-18 06:12:55'),('A360','WA60','2022-05-28 13:16:30'),('A363','WA60','2022-03-06 11:49:45'),('A364','WA60','2022-05-28 13:16:30'),('A367','WA60','2023-05-10 21:02:13'),('A369','WA60','2021-07-22 08:07:01'),('A370','WA60','2022-02-01 07:38:57'),('A371','WA60','2022-11-21 01:44:14'),('A373','WA60','2022-05-22 08:33:42'),('A374','WA60','2022-03-06 11:49:45'),('A374','WA60','2022-08-16 17:43:59'),('A376','WA60','2022-06-17 18:26:09'),('A379','WA60','2021-05-06 10:00:07'),('A380','WA60','2021-06-13 00:52:27'),('A383','WA60','2021-11-02 00:40:30'),('A387','WA60','2021-01-18 06:12:55'),('A387','WA60','2021-07-01 01:22:36'),('A387','WA60','2021-10-26 13:58:23'),('A387','WA60','2023-05-10 21:02:13'),('A389','WA60','2022-05-22 08:33:42'),('A389','WA60','2022-06-21 12:27:46'),('A389','WA60','2022-08-16 17:43:59'),('A392','WA60','2023-05-31 10:06:11'),('A395','WA60','2021-08-17 21:34:30'),('A398','WA60','2021-09-30 10:54:06'),('A398','WA60','2022-05-28 13:16:30'),('A401','WA60','2021-08-17 21:34:30'),('A401','WA60','2023-03-03 18:46:47'),('A402','WA60','2022-08-16 17:43:59'),('A405','WA60','2022-10-01 15:23:51'),('A406','WA60','2021-03-15 00:45:41'),('A407','WA60','2021-03-15 00:45:41'),('A407','WA60','2021-06-13 00:52:27'),('A409','WA60','2021-03-14 14:49:36'),('A409','WA60','2021-11-11 23:41:00'),('A421','WA60','2021-10-26 13:58:23'),('A422','WA60','2022-12-22 03:41:18'),('A423','WA60','2022-06-26 19:09:34'),('A426','WA60','2021-05-06 10:00:07'),('A426','WA60','2021-07-01 01:22:36'),('A426','WA60','2021-07-01 01:22:37'),('A428','WA60','2021-03-15 00:45:41'),('A428','WA60','2021-08-17 21:34:30'),('A429','WA60','2021-01-18 06:12:55'),('A429','WA60','2022-12-22 03:41:18'),('A430','WA60','2022-03-19 00:03:49'),('A430','WA60','2023-03-03 18:46:47'),('A431','WA60','2021-03-14 14:49:36'),('A432','WA60','2021-05-30 16:49:25'),('A434','WA60','2021-12-30 05:49:50'),('A435','WA60','2022-03-06 11:49:45'),('A437','WA60','2021-03-15 00:45:41'),('A439','WA60','2021-01-18 06:12:55'),('A440','WA60','2023-06-19 16:41:01'),('A440','WA60','2023-06-19 16:41:02'),('A441','WA60','2023-05-31 10:06:11'),('A443','WA60','2021-06-19 21:06:21'),('A444','WA60','2021-10-26 13:58:23'),('A446','WA60','2022-04-18 22:11:04'),('A447','WA60','2021-12-30 05:49:50'),('A449','WA60','2021-01-18 06:12:55'),('A449','WA60','2021-07-22 08:07:01'),('A449','WA60','2023-03-03 18:46:47'),('A451','WA60','2021-01-18 06:12:55'),('A451','WA60','2021-12-25 09:53:37'),('A451','WA60','2023-05-10 21:02:13'),('A452','WA60','2021-07-01 01:22:36'),('A452','WA60','2021-10-20 15:47:59'),('A453','WA60','2021-10-26 13:58:23'),('A453','WA60','2022-12-22 03:41:18'),('A453','WA60','2023-03-05 03:57:53'),('A454','WA60','2022-05-23 12:34:51'),('A458','WA60','2021-07-22 08:07:01'),('A459','WA60','2023-05-10 21:02:13'),('A460','WA60','2021-05-06 10:00:07'),('A461','WA60','2021-08-24 00:04:47'),('A463','WA60','2022-09-13 21:22:23'),('A464','WA60','2021-06-13 00:52:27'),('A466','WA60','2022-02-05 08:50:49'),('A467','WA60','2023-06-19 16:41:01'),('A468','WA60','2023-05-31 10:06:11'),('A469','WA60','2021-12-25 09:53:37'),('A469','WA60','2022-03-19 00:03:49'),('A469','WA60','2022-06-21 12:27:46'),('A470','WA60','2023-03-05 03:57:53'),('A470','WA60','2023-04-14 18:54:11'),('A472','WA60','2021-06-13 00:52:27'),('A474','WA60','2021-08-16 06:19:51'),('A477','WA60','2021-03-14 03:15:49'),('A477','WA60','2022-12-22 03:41:18'),('A478','WA60','2021-10-20 15:47:59'),('A479','WA60','2021-12-30 05:49:50'),('A480','WA60','2021-08-16 06:19:51'),('A480','WA60','2022-09-13 21:22:23'),('A481','WA60','2022-04-18 22:11:04'),('A482','WA60','2022-03-19 00:03:49'),('A483','WA60','2021-05-30 16:49:25'),('A483','WA60','2022-06-17 18:26:09'),('A484','WA60','2023-05-31 10:06:11'),('A486','WA60','2021-07-01 01:22:36'),('A486','WA60','2021-11-11 23:41:00'),('A488','WA60','2021-08-17 21:34:30'),('A488','WA60','2022-03-19 00:03:49'),('A488','WA60','2023-04-14 18:54:11'),('A490','WA60','2022-06-17 18:26:09'),('A492','WA60','2022-02-05 08:50:49'),('A493','WA60','2021-05-06 10:00:07'),('A493','WA60','2022-12-22 03:41:18'),('A494','WA60','2021-06-13 00:52:27'),('A494','WA60','2022-05-23 12:34:51'),('A494','WA60','2023-05-31 10:06:11'),('A495','WA60','2022-10-01 15:23:51'),('A497','WA60','2022-03-19 00:03:49'),('A498','WA60','2022-02-01 07:38:57'),('A498','WA60','2022-05-23 12:34:51'),('A498','WA60','2022-05-28 13:16:30'),('A498','WA60','2023-04-14 18:54:11'),('A500','WA60','2021-12-30 05:49:50'),('A500','WA60','2022-08-08 07:50:04'),('A007','WA70','2021-08-08 17:15:55'),('A008','WA70','2022-11-29 14:08:54'),('A009','WA70','2023-03-12 04:21:17'),('A010','WA70','2022-02-12 00:21:43'),('A013','WA70','2022-11-29 14:08:54'),('A013','WA70','2023-02-07 19:28:43'),('A014','WA70','2022-11-29 14:08:54'),('A017','WA70','2023-03-12 04:21:17'),('A017','WA70','2023-06-04 14:55:05'),('A018','WA70','2022-02-12 00:21:43'),('A021','WA70','2022-09-24 10:09:04'),('A025','WA70','2021-03-24 00:05:45'),('A026','WA70','2022-02-04 01:57:00'),('A026','WA70','2022-08-04 11:33:07'),('A026','WA70','2022-11-18 12:24:39'),('A026','WA70','2023-03-27 02:42:50'),('A027','WA70','2022-02-12 00:21:43'),('A028','WA70','2022-03-29 17:52:46'),('A030','WA70','2023-02-07 19:28:43'),('A032','WA70','2022-05-13 05:56:12'),('A032','WA70','2022-08-04 11:33:07'),('A032','WA70','2023-04-16 04:02:26'),('A033','WA70','2023-03-27 02:42:50'),('A035','WA70','2021-11-21 17:39:33'),('A036','WA70','2022-05-13 05:56:12'),('A038','WA70','2022-03-29 17:52:46'),('A038','WA70','2022-12-05 21:06:23'),('A038','WA70','2023-01-12 19:43:47'),('A041','WA70','2021-05-20 00:18:07'),('A041','WA70','2022-11-05 12:06:51'),('A043','WA70','2021-11-21 17:39:33'),('A045','WA70','2021-12-04 05:15:14'),('A045','WA70','2022-06-08 22:11:30'),('A049','WA70','2022-03-29 17:52:46'),('A051','WA70','2023-01-12 19:43:47'),('A052','WA70','2022-12-19 00:09:07'),('A054','WA70','2022-03-16 23:37:55'),('A058','WA70','2022-02-12 00:21:43'),('A060','WA70','2021-04-12 19:31:05'),('A061','WA70','2023-02-09 22:55:11'),('A063','WA70','2021-12-04 05:15:14'),('A065','WA70','2022-06-08 22:11:30'),('A066','WA70','2022-03-16 23:37:55'),('A066','WA70','2022-06-08 22:11:30'),('A070','WA70','2023-03-12 04:21:17'),('A071','WA70','2022-11-18 12:24:39'),('A072','WA70','2022-09-23 10:17:33'),('A074','WA70','2023-06-11 15:57:30'),('A075','WA70','2022-07-30 14:09:03'),('A075','WA70','2023-03-27 02:42:50'),('A077','WA70','2022-05-15 05:06:09'),('A078','WA70','2023-03-12 04:21:17'),('A079','WA70','2022-11-29 14:08:54'),('A079','WA70','2023-06-04 14:55:05'),('A080','WA70','2022-04-06 07:32:33'),('A080','WA70','2022-12-05 21:06:23'),('A081','WA70','2022-03-16 23:37:55'),('A086','WA70','2021-11-21 17:39:33'),('A087','WA70','2022-02-12 00:21:43'),('A087','WA70','2023-02-07 19:28:43'),('A088','WA70','2021-10-25 12:38:54'),('A088','WA70','2022-11-05 12:06:51'),('A088','WA70','2022-12-05 21:06:23'),('A089','WA70','2022-12-19 00:09:07'),('A090','WA70','2022-02-12 00:21:43'),('A091','WA70','2022-11-18 12:24:39'),('A091','WA70','2023-02-07 00:15:44'),('A092','WA70','2023-06-04 14:55:05'),('A095','WA70','2022-02-04 01:57:00'),('A095','WA70','2022-05-04 11:15:29'),('A098','WA70','2023-02-09 22:55:11'),('A100','WA70','2023-02-07 00:15:44'),('A101','WA70','2021-02-03 23:50:03'),('A102','WA70','2021-05-20 00:18:07'),('A103','WA70','2022-09-24 10:09:04'),('A104','WA70','2021-04-12 19:31:05'),('A104','WA70','2022-05-13 05:56:12'),('A106','WA70','2021-04-12 19:31:05'),('A106','WA70','2022-11-05 12:06:51'),('A109','WA70','2023-03-12 04:21:17'),('A113','WA70','2021-01-04 23:38:31'),('A113','WA70','2023-01-12 19:43:47'),('A114','WA70','2022-02-04 01:57:00'),('A115','WA70','2023-03-23 12:03:58'),('A116','WA70','2022-05-15 05:06:09'),('A118','WA70','2021-08-08 17:15:55'),('A118','WA70','2022-07-30 14:09:03'),('A119','WA70','2022-05-13 05:56:12'),('A121','WA70','2022-02-12 00:21:43'),('A122','WA70','2023-01-19 11:01:25'),('A123','WA70','2022-11-29 14:08:54'),('A124','WA70','2022-09-23 10:17:33'),('A125','WA70','2021-02-03 23:50:03'),('A127','WA70','2021-04-12 19:31:05'),('A127','WA70','2021-12-04 05:15:14'),('A128','WA70','2023-02-07 19:28:43'),('A130','WA70','2023-03-23 12:03:58'),('A131','WA70','2021-08-08 17:15:55'),('A136','WA70','2023-01-19 11:01:25'),('A137','WA70','2023-03-12 04:21:17'),('A141','WA70','2023-01-19 11:01:25'),('A143','WA70','2021-04-12 19:31:05'),('A146','WA70','2023-02-07 19:28:43'),('A147','WA70','2022-09-23 10:17:33'),('A148','WA70','2021-10-25 12:38:54'),('A148','WA70','2022-04-06 07:32:33'),('A150','WA70','2021-10-25 12:38:54'),('A155','WA70','2022-11-18 12:24:39'),('A156','WA70','2021-08-08 17:15:55'),('A157','WA70','2022-11-05 12:06:51'),('A159','WA70','2022-09-24 10:09:04'),('A160','WA70','2021-05-20 00:18:07'),('A161','WA70','2021-02-03 23:50:03'),('A162','WA70','2022-12-05 21:06:23'),('A162','WA70','2023-06-04 14:55:05'),('A165','WA70','2022-03-29 17:52:46'),('A168','WA70','2022-11-18 12:24:39'),('A170','WA70','2021-01-02 05:42:59'),('A170','WA70','2021-08-08 17:15:55'),('A175','WA70','2023-03-27 02:42:50'),('A176','WA70','2021-10-25 12:38:54'),('A176','WA70','2022-06-08 22:11:30'),('A177','WA70','2022-03-29 17:52:46'),('A179','WA70','2021-04-12 19:31:05'),('A179','WA70','2022-09-23 10:17:33'),('A180','WA70','2022-02-04 01:57:00'),('A180','WA70','2022-12-05 21:06:23'),('A181','WA70','2021-12-04 05:15:14'),('A186','WA70','2022-08-04 11:33:07'),('A190','WA70','2023-06-04 14:55:05'),('A191','WA70','2021-01-04 23:38:31'),('A191','WA70','2022-06-08 22:11:30'),('A192','WA70','2022-11-18 12:24:39'),('A192','WA70','2023-01-19 11:01:25'),('A195','WA70','2022-02-04 01:57:00'),('A195','WA70','2022-04-06 07:32:33'),('A197','WA70','2021-10-25 12:38:54'),('A198','WA70','2023-03-27 02:42:50'),('A199','WA70','2021-10-25 12:38:54'),('A201','WA70','2022-05-13 05:56:12'),('A201','WA70','2022-11-18 12:24:39'),('A205','WA70','2021-05-20 00:18:07'),('A205','WA70','2022-06-08 22:11:30'),('A206','WA70','2021-04-12 19:31:05'),('A206','WA70','2021-04-12 19:31:06'),('A206','WA70','2022-07-30 14:09:03'),('A208','WA70','2022-09-23 10:17:33'),('A208','WA70','2023-04-16 04:02:26'),('A209','WA70','2023-05-29 12:20:08'),('A211','WA70','2022-09-24 10:09:04'),('A211','WA70','2022-11-18 12:24:39'),('A216','WA70','2021-10-25 12:38:54'),('A217','WA70','2021-01-04 23:38:31'),('A219','WA70','2023-06-11 15:57:30'),('A220','WA70','2021-10-10 12:26:46'),('A221','WA70','2023-05-29 12:20:08'),('A222','WA70','2022-12-19 00:09:07'),('A225','WA70','2021-10-10 12:26:46'),('A228','WA70','2021-10-10 12:26:46'),('A228','WA70','2022-09-24 10:09:04'),('A229','WA70','2021-01-04 23:38:31'),('A231','WA70','2021-05-20 00:18:07'),('A231','WA70','2023-02-09 22:55:11'),('A232','WA70','2021-05-20 00:18:07'),('A233','WA70','2022-09-24 10:09:04'),('A233','WA70','2023-03-23 12:03:58'),('A234','WA70','2021-02-03 23:50:03'),('A236','WA70','2022-05-04 11:15:29'),('A237','WA70','2021-01-02 05:42:59'),('A237','WA70','2022-06-08 22:11:30'),('A239','WA70','2022-04-06 07:32:33'),('A239','WA70','2022-11-18 12:24:39'),('A240','WA70','2021-04-12 19:31:05'),('A241','WA70','2023-01-19 11:01:25'),('A242','WA70','2021-05-20 00:18:07'),('A245','WA70','2021-08-08 17:15:55'),('A246','WA70','2022-05-13 05:56:12'),('A248','WA70','2021-04-12 19:31:05'),('A248','WA70','2022-09-23 10:17:33'),('A252','WA70','2023-01-19 11:01:25'),('A253','WA70','2022-11-29 14:08:54'),('A254','WA70','2023-06-11 15:57:30'),('A255','WA70','2023-03-27 02:42:50'),('A256','WA70','2022-04-06 07:32:33'),('A256','WA70','2022-12-05 21:06:23'),('A256','WA70','2023-01-12 19:43:47'),('A256','WA70','2023-02-09 22:55:11'),('A257','WA70','2022-05-04 11:15:29'),('A260','WA70','2022-11-18 12:24:39'),('A261','WA70','2021-12-04 05:15:14'),('A261','WA70','2023-05-29 12:20:08'),('A263','WA70','2023-05-29 12:20:08'),('A264','WA70','2023-06-04 14:55:05'),('A267','WA70','2021-10-25 12:38:54'),('A267','WA70','2022-12-05 21:06:23'),('A269','WA70','2021-05-20 00:18:07'),('A270','WA70','2021-11-21 17:39:33'),('A271','WA70','2023-03-27 02:42:50'),('A273','WA70','2022-02-12 00:21:43'),('A273','WA70','2023-01-12 19:43:47'),('A274','WA70','2021-02-03 23:50:03'),('A274','WA70','2021-11-21 17:39:33'),('A277','WA70','2022-05-04 11:15:29'),('A278','WA70','2021-02-03 23:50:03'),('A278','WA70','2023-06-04 14:55:05'),('A279','WA70','2021-01-02 05:42:59'),('A281','WA70','2023-01-12 19:43:47'),('A283','WA70','2021-04-12 19:31:05'),('A284','WA70','2021-02-03 23:50:03'),('A284','WA70','2021-05-20 00:18:07'),('A285','WA70','2023-03-27 02:42:50'),('A286','WA70','2023-01-12 19:43:47'),('A287','WA70','2023-04-16 04:02:26'),('A287','WA70','2023-06-04 14:55:05'),('A288','WA70','2022-03-16 23:37:55'),('A294','WA70','2022-09-23 10:17:33'),('A297','WA70','2022-02-04 01:57:00'),('A298','WA70','2021-05-20 00:18:07'),('A299','WA70','2022-11-18 12:24:39'),('A299','WA70','2023-06-11 15:57:30'),('A303','WA70','2023-02-07 00:15:44'),('A306','WA70','2022-02-04 01:57:00'),('A306','WA70','2023-04-16 04:02:26'),('A307','WA70','2022-05-04 11:15:29'),('A308','WA70','2022-02-12 00:21:43'),('A308','WA70','2022-09-23 10:17:33'),('A309','WA70','2021-10-10 12:26:46'),('A311','WA70','2022-02-04 01:57:00'),('A312','WA70','2021-12-04 05:15:14'),('A313','WA70','2021-01-04 23:38:31'),('A314','WA70','2021-01-02 05:42:59'),('A314','WA70','2021-03-24 00:05:45'),('A314','WA70','2023-02-07 00:15:44'),('A316','WA70','2022-05-15 05:06:09'),('A317','WA70','2023-01-12 19:43:47'),('A318','WA70','2022-03-16 23:37:55'),('A318','WA70','2022-05-13 05:56:12'),('A320','WA70','2022-11-29 14:08:54'),('A320','WA70','2023-06-11 15:57:30'),('A321','WA70','2021-04-12 19:31:05'),('A323','WA70','2021-03-24 00:05:45'),('A325','WA70','2021-04-12 19:31:05'),('A327','WA70','2021-11-21 17:39:33'),('A328','WA70','2023-04-16 04:02:26'),('A329','WA70','2023-02-09 22:55:11'),('A330','WA70','2022-05-15 05:06:09'),('A331','WA70','2023-03-27 02:42:50'),('A333','WA70','2021-10-25 12:38:54'),('A333','WA70','2021-11-21 17:39:33'),('A333','WA70','2022-05-15 05:06:09'),('A334','WA70','2022-05-15 05:06:09'),('A334','WA70','2023-03-27 02:42:50'),('A334','WA70','2023-05-29 12:20:08'),('A335','WA70','2022-03-16 23:37:55'),('A337','WA70','2022-03-29 17:52:46'),('A337','WA70','2022-05-13 05:56:12'),('A338','WA70','2021-05-20 00:18:07'),('A339','WA70','2021-02-03 23:50:03'),('A340','WA70','2023-03-27 02:42:50'),('A341','WA70','2022-09-24 10:09:04'),('A341','WA70','2023-06-11 15:57:30'),('A342','WA70','2022-11-18 12:24:39'),('A343','WA70','2021-12-04 05:15:14'),('A343','WA70','2022-04-06 07:32:33'),('A343','WA70','2022-06-08 22:11:30'),('A344','WA70','2023-02-09 22:55:11'),('A345','WA70','2022-03-16 23:37:55'),('A346','WA70','2021-01-02 05:42:59'),('A349','WA70','2022-03-29 17:52:46'),('A351','WA70','2022-04-06 07:32:33'),('A351','WA70','2022-06-08 22:11:30'),('A352','WA70','2022-11-05 12:06:51'),('A354','WA70','2022-11-05 12:06:51'),('A354','WA70','2022-11-29 14:08:54'),('A354','WA70','2023-02-07 00:15:44'),('A356','WA70','2022-02-12 00:21:43'),('A359','WA70','2021-10-10 12:26:46'),('A360','WA70','2022-04-06 07:32:33'),('A361','WA70','2021-01-04 23:38:31'),('A363','WA70','2021-10-25 12:38:54'),('A363','WA70','2022-05-15 05:06:09'),('A363','WA70','2022-11-05 12:06:51'),('A363','WA70','2023-02-09 22:55:11'),('A363','WA70','2023-06-11 15:57:30'),('A364','WA70','2022-09-24 10:09:04'),('A369','WA70','2021-03-24 00:05:45'),('A370','WA70','2021-02-03 23:50:03'),('A371','WA70','2022-12-05 21:06:23'),('A372','WA70','2021-12-04 05:15:14'),('A372','WA70','2022-04-06 07:32:33'),('A374','WA70','2021-10-10 12:26:46'),('A374','WA70','2022-11-18 12:24:39'),('A376','WA70','2023-02-07 00:15:44'),('A377','WA70','2022-02-04 01:57:00'),('A377','WA70','2023-06-04 14:55:05'),('A378','WA70','2022-02-04 01:57:00'),('A378','WA70','2023-02-07 00:15:44'),('A379','WA70','2021-10-10 12:26:46'),('A379','WA70','2022-02-12 00:21:43'),('A380','WA70','2022-11-18 12:24:39'),('A381','WA70','2022-07-30 14:09:03'),('A381','WA70','2023-02-07 19:28:43'),('A383','WA70','2022-12-19 00:09:07'),('A385','WA70','2023-02-09 22:55:11'),('A386','WA70','2021-08-08 17:15:55'),('A387','WA70','2021-03-24 00:05:45'),('A388','WA70','2022-06-08 22:11:30'),('A389','WA70','2023-03-23 12:03:58'),('A390','WA70','2021-01-02 05:42:59'),('A391','WA70','2021-01-02 05:42:59'),('A391','WA70','2021-01-04 23:38:31'),('A392','WA70','2022-05-13 05:56:12'),('A392','WA70','2022-12-05 21:06:23'),('A394','WA70','2022-05-13 05:56:12'),('A398','WA70','2022-02-04 01:57:00'),('A403','WA70','2023-05-29 12:20:08'),('A406','WA70','2021-02-03 23:50:03'),('A406','WA70','2023-06-04 14:55:05'),('A408','WA70','2021-12-04 05:15:14'),('A408','WA70','2022-02-04 01:57:00'),('A410','WA70','2023-03-23 12:03:58'),('A412','WA70','2022-06-08 22:11:30'),('A414','WA70','2023-06-11 15:57:30'),('A415','WA70','2022-08-04 11:33:07'),('A415','WA70','2022-12-05 21:06:23'),('A416','WA70','2021-04-12 19:31:05'),('A417','WA70','2021-12-04 05:15:14'),('A417','WA70','2022-03-29 17:52:46'),('A417','WA70','2023-03-27 02:42:50'),('A418','WA70','2022-05-04 11:15:29'),('A419','WA70','2022-11-05 12:06:51'),('A421','WA70','2023-06-11 15:57:30'),('A424','WA70','2022-11-29 14:08:54'),('A425','WA70','2022-07-30 14:09:03'),('A427','WA70','2022-07-30 14:09:03'),('A428','WA70','2021-01-04 23:38:31'),('A428','WA70','2021-02-03 23:50:03'),('A430','WA70','2022-11-29 14:08:54'),('A431','WA70','2022-07-30 14:09:03'),('A431','WA70','2022-08-04 11:33:07'),('A432','WA70','2022-05-13 05:56:12'),('A433','WA70','2023-01-19 11:01:25'),('A433','WA70','2023-05-29 12:20:08'),('A436','WA70','2021-05-20 00:18:07'),('A436','WA70','2021-08-08 17:15:55'),('A437','WA70','2022-04-06 07:32:33'),('A440','WA70','2022-11-18 12:24:39'),('A440','WA70','2023-03-23 12:03:58'),('A441','WA70','2022-09-23 10:17:33'),('A442','WA70','2021-03-24 00:05:45'),('A444','WA70','2021-10-25 12:38:54'),('A446','WA70','2021-03-24 00:05:45'),('A446','WA70','2021-12-04 05:15:14'),('A446','WA70','2022-05-15 05:06:09'),('A449','WA70','2022-03-16 23:37:55'),('A450','WA70','2021-03-24 00:05:45'),('A450','WA70','2023-03-27 02:42:50'),('A451','WA70','2023-03-12 04:21:17'),('A453','WA70','2021-08-08 17:15:55'),('A455','WA70','2022-02-12 00:21:43'),('A456','WA70','2022-11-29 14:08:54'),('A456','WA70','2023-04-16 04:02:26'),('A458','WA70','2022-03-16 23:37:55'),('A460','WA70','2023-03-12 04:21:17'),('A461','WA70','2022-02-04 01:57:00'),('A463','WA70','2022-05-15 05:06:09'),('A463','WA70','2022-09-23 10:17:33'),('A463','WA70','2023-03-23 12:03:58'),('A465','WA70','2022-03-29 17:52:46'),('A465','WA70','2023-02-07 19:28:43'),('A466','WA70','2023-03-27 02:42:50'),('A467','WA70','2022-05-15 05:06:09'),('A468','WA70','2021-05-20 00:18:07'),('A469','WA70','2021-01-02 05:42:59'),('A471','WA70','2023-06-04 14:55:05'),('A472','WA70','2022-09-24 10:09:04'),('A474','WA70','2022-11-29 14:08:54'),('A475','WA70','2023-02-07 19:28:43'),('A477','WA70','2022-05-04 11:15:29'),('A480','WA70','2021-02-03 23:50:03'),('A481','WA70','2023-05-29 12:20:08'),('A483','WA70','2023-01-19 11:01:25'),('A485','WA70','2021-10-10 12:26:46'),('A486','WA70','2023-02-07 00:15:44'),('A486','WA70','2023-03-23 12:03:58'),('A487','WA70','2023-01-12 19:43:47'),('A488','WA70','2023-04-16 04:02:26'),('A489','WA70','2021-08-08 17:15:55'),('A490','WA70','2022-09-23 10:17:33'),('A490','WA70','2023-05-29 12:20:08'),('A493','WA70','2022-11-05 12:06:51'),('A495','WA70','2022-09-24 10:09:04'),('A498','WA70','2023-03-12 04:21:17'),('A500','WA70','2021-10-25 12:38:54'),('A001','WA90','2023-03-05 00:00:00'),('A002','WA90','2023-05-03 00:00:00'),('A003','WA90','2023-05-09 00:00:00'),('A010','WA90','2021-09-25 11:34:14'),('A012','WA90','2022-04-04 11:42:05'),('A013','WA90','2021-12-24 20:09:49'),('A013','WA90','2022-03-06 09:05:03'),('A013','WA90','2022-06-12 08:33:24'),('A016','WA90','2023-05-20 04:59:36'),('A019','WA90','2022-01-29 23:29:53'),('A023','WA90','2021-11-10 08:08:44'),('A024','WA90','2021-12-21 04:53:41'),('A024','WA90','2022-01-06 13:14:41'),('A024','WA90','2023-02-03 11:47:39'),('A027','WA90','2021-12-24 20:09:49'),('A028','WA90','2022-06-29 08:37:23'),('A032','WA90','2021-08-17 06:43:53'),('A032','WA90','2023-02-28 12:25:30'),('A033','WA90','2021-11-26 11:27:18'),('A034','WA90','2022-06-27 04:03:20'),('A035','WA90','2023-01-30 03:10:56'),('A036','WA90','2021-09-25 11:34:14'),('A037','WA90','2023-02-28 12:25:30'),('A038','WA90','2022-01-06 13:14:41'),('A039','WA90','2022-06-27 04:03:20'),('A040','WA90','2021-12-21 04:53:41'),('A043','WA90','2021-05-20 01:16:19'),('A045','WA90','2022-03-06 09:05:03'),('A045','WA90','2023-02-28 12:25:30'),('A046','WA90','2023-02-28 12:25:30'),('A050','WA90','2021-08-17 06:43:53'),('A051','WA90','2022-06-27 04:03:20'),('A052','WA90','2022-02-11 01:59:37'),('A052','WA90','2022-03-23 19:57:13'),('A052','WA90','2023-01-30 03:10:56'),('A052','WA90','2023-05-20 04:59:36'),('A053','WA90','2021-11-10 08:08:44'),('A053','WA90','2021-12-15 11:23:52'),('A053','WA90','2022-03-06 09:05:03'),('A057','WA90','2021-09-25 11:34:14'),('A060','WA90','2022-03-09 13:07:37'),('A066','WA90','2021-12-21 04:53:41'),('A066','WA90','2023-02-03 11:47:39'),('A067','WA90','2021-05-20 01:16:19'),('A067','WA90','2022-07-19 10:58:53'),('A068','WA90','2022-03-09 13:07:37'),('A073','WA90','2023-05-03 13:07:05'),('A074','WA90','2023-02-28 12:25:30'),('A079','WA90','2022-02-10 15:36:52'),('A080','WA90','2021-12-24 16:46:25'),('A081','WA90','2021-12-24 20:09:49'),('A081','WA90','2023-06-11 14:53:57'),('A082','WA90','2023-04-16 12:05:50'),('A087','WA90','2022-03-06 09:05:03'),('A088','WA90','2023-01-30 03:10:56'),('A089','WA90','2021-12-15 11:23:52'),('A092','WA90','2022-03-09 13:07:37'),('A092','WA90','2022-04-04 11:42:05'),('A093','WA90','2021-04-05 22:06:17'),('A093','WA90','2022-02-10 15:36:52'),('A093','WA90','2022-06-27 04:03:20'),('A094','WA90','2022-03-09 13:07:37'),('A094','WA90','2023-02-03 11:47:39'),('A095','WA90','2021-05-20 01:16:19'),('A097','WA90','2021-11-06 19:09:07'),('A098','WA90','2022-01-06 13:14:41'),('A098','WA90','2023-04-01 00:20:00'),('A099','WA90','2021-07-22 00:01:14'),('A099','WA90','2022-01-18 13:45:28'),('A102','WA90','2022-01-18 13:45:28'),('A103','WA90','2022-01-06 13:14:41'),('A103','WA90','2022-01-29 23:29:53'),('A105','WA90','2021-11-10 08:08:44'),('A105','WA90','2021-12-21 04:53:41'),('A110','WA90','2021-08-17 06:43:53'),('A110','WA90','2021-12-24 16:46:25'),('A110','WA90','2022-01-18 13:45:28'),('A110','WA90','2022-04-04 11:42:05'),('A111','WA90','2021-07-22 00:01:14'),('A111','WA90','2023-05-03 13:04:07'),('A113','WA90','2021-09-25 11:34:14'),('A115','WA90','2022-04-04 11:42:05'),('A115','WA90','2023-04-01 00:20:00'),('A117','WA90','2021-04-05 22:06:17'),('A117','WA90','2022-01-29 23:29:53'),('A117','WA90','2023-06-11 14:53:57'),('A118','WA90','2021-12-24 20:09:49'),('A119','WA90','2021-11-10 08:08:44'),('A119','WA90','2023-05-20 19:23:29'),('A120','WA90','2022-06-29 08:37:23'),('A120','WA90','2023-05-03 13:07:05'),('A121','WA90','2021-07-22 00:01:14'),('A123','WA90','2021-04-05 22:06:17'),('A124','WA90','2023-05-20 04:59:36'),('A126','WA90','2022-02-11 01:59:37'),('A127','WA90','2023-04-01 00:20:00'),('A128','WA90','2021-08-17 06:43:53'),('A128','WA90','2023-06-11 14:53:57'),('A130','WA90','2021-05-20 01:16:19'),('A130','WA90','2022-03-23 19:57:13'),('A132','WA90','2021-04-05 22:06:17'),('A132','WA90','2021-12-21 04:53:41'),('A133','WA90','2023-05-20 19:23:29'),('A134','WA90','2022-06-29 08:37:23'),('A134','WA90','2023-05-03 13:04:07'),('A135','WA90','2022-07-19 10:58:53'),('A136','WA90','2021-12-21 04:53:41'),('A137','WA90','2023-04-01 00:20:00'),('A138','WA90','2021-05-20 01:16:19'),('A138','WA90','2022-03-09 13:07:37'),('A138','WA90','2023-02-03 11:47:39'),('A140','WA90','2021-11-26 11:27:18'),('A143','WA90','2021-08-17 06:43:53'),('A143','WA90','2023-06-11 14:53:57'),('A144','WA90','2023-04-01 00:20:00'),('A144','WA90','2023-05-03 13:04:07'),('A145','WA90','2021-12-24 16:46:25'),('A147','WA90','2021-12-21 04:53:41'),('A147','WA90','2022-03-09 13:07:37'),('A148','WA90','2022-02-11 01:59:37'),('A150','WA90','2023-05-03 13:07:05'),('A150','WA90','2023-05-20 19:23:29'),('A151','WA90','2022-04-04 11:42:05'),('A159','WA90','2023-02-28 12:25:30'),('A164','WA90','2022-01-18 13:45:28'),('A166','WA90','2022-06-27 04:03:20'),('A169','WA90','2021-12-24 16:46:25'),('A169','WA90','2022-03-06 09:05:03'),('A171','WA90','2022-06-12 08:33:24'),('A173','WA90','2023-04-01 00:20:00'),('A173','WA90','2023-05-20 04:59:36'),('A174','WA90','2021-07-22 00:01:14'),('A174','WA90','2021-12-24 16:46:25'),('A174','WA90','2023-05-03 13:04:07'),('A175','WA90','2021-12-24 20:09:49'),('A175','WA90','2022-01-29 23:29:53'),('A179','WA90','2023-05-03 13:04:07'),('A182','WA90','2022-02-11 01:59:37'),('A184','WA90','2022-06-29 08:37:23'),('A185','WA90','2022-04-04 11:42:05'),('A185','WA90','2023-02-03 11:47:39'),('A185','WA90','2023-04-01 00:20:00'),('A188','WA90','2021-07-22 00:01:14'),('A191','WA90','2021-12-15 11:23:52'),('A192','WA90','2021-09-25 11:34:14'),('A193','WA90','2022-07-19 10:58:53'),('A196','WA90','2022-06-29 08:37:23'),('A197','WA90','2023-06-11 14:53:57'),('A198','WA90','2021-11-26 11:27:18'),('A201','WA90','2021-11-10 08:08:44'),('A201','WA90','2023-05-03 13:07:05'),('A202','WA90','2023-02-28 12:25:30'),('A203','WA90','2021-08-17 06:43:53'),('A205','WA90','2021-12-24 16:46:25'),('A205','WA90','2022-06-27 04:03:20'),('A206','WA90','2021-12-24 20:09:49'),('A208','WA90','2021-12-24 20:09:49'),('A212','WA90','2021-11-06 19:09:07'),('A214','WA90','2022-03-23 19:57:13'),('A214','WA90','2023-04-16 12:05:50'),('A219','WA90','2022-01-06 13:14:41'),('A219','WA90','2022-02-10 15:36:52'),('A219','WA90','2022-06-27 04:03:20'),('A221','WA90','2023-06-11 14:53:57'),('A223','WA90','2023-04-16 12:05:50'),('A223','WA90','2023-05-03 13:07:05'),('A224','WA90','2023-02-03 11:47:39'),('A225','WA90','2021-04-05 22:06:17'),('A225','WA90','2022-02-11 01:59:37'),('A229','WA90','2023-05-03 13:07:05'),('A230','WA90','2023-02-03 11:47:39'),('A231','WA90','2022-01-06 13:14:41'),('A231','WA90','2023-05-20 04:59:36'),('A232','WA90','2022-06-29 08:37:23'),('A233','WA90','2022-02-11 01:59:37'),('A233','WA90','2023-04-16 12:05:50'),('A233','WA90','2023-05-03 13:07:05'),('A235','WA90','2021-11-10 08:08:44'),('A236','WA90','2022-06-29 08:37:23'),('A236','WA90','2023-02-28 12:25:30'),('A237','WA90','2021-12-15 11:23:52'),('A237','WA90','2022-03-06 09:05:03'),('A242','WA90','2022-02-11 01:59:37'),('A247','WA90','2021-05-20 01:16:19'),('A249','WA90','2021-11-26 11:27:18'),('A249','WA90','2022-02-10 15:36:52'),('A250','WA90','2021-07-22 00:01:14'),('A250','WA90','2021-09-25 11:34:14'),('A252','WA90','2022-06-29 08:37:23'),('A252','WA90','2023-06-11 14:53:57'),('A253','WA90','2022-01-18 13:45:28'),('A253','WA90','2023-05-20 04:59:36'),('A256','WA90','2022-06-27 04:03:20'),('A257','WA90','2022-03-23 19:57:13'),('A257','WA90','2022-04-04 11:42:05'),('A257','WA90','2023-02-03 11:47:39'),('A258','WA90','2021-11-26 11:27:18'),('A259','WA90','2023-06-11 14:53:57'),('A260','WA90','2021-11-06 19:09:07'),('A260','WA90','2021-11-10 08:08:44'),('A260','WA90','2022-01-06 13:14:41'),('A262','WA90','2023-02-28 12:25:30'),('A267','WA90','2021-12-15 11:23:52'),('A268','WA90','2022-01-29 23:29:53'),('A268','WA90','2023-05-20 19:23:29'),('A269','WA90','2021-07-22 00:01:14'),('A269','WA90','2022-06-29 08:37:23'),('A269','WA90','2023-05-20 04:59:36'),('A272','WA90','2021-12-21 04:53:41'),('A273','WA90','2022-04-04 11:42:05'),('A276','WA90','2021-12-15 11:23:52'),('A277','WA90','2021-12-24 20:09:49'),('A279','WA90','2022-06-12 08:33:24'),('A279','WA90','2023-05-03 13:04:07'),('A280','WA90','2022-01-06 13:14:41'),('A282','WA90','2021-04-05 22:06:17'),('A283','WA90','2022-02-10 15:36:52'),('A283','WA90','2023-06-11 14:53:57'),('A285','WA90','2023-01-30 03:10:56'),('A286','WA90','2023-01-30 03:10:56'),('A292','WA90','2022-06-29 08:37:23'),('A293','WA90','2022-03-23 19:57:13'),('A293','WA90','2023-05-20 04:59:36'),('A293','WA90','2023-05-20 19:23:29'),('A294','WA90','2022-04-04 11:42:05'),('A297','WA90','2021-04-05 22:06:17'),('A300','WA90','2022-06-27 04:03:20'),('A300','WA90','2022-06-29 08:37:23'),('A301','WA90','2021-11-10 08:08:44'),('A301','WA90','2022-01-06 13:14:41'),('A302','WA90','2022-06-27 04:03:20'),('A303','WA90','2021-12-24 20:09:49'),('A303','WA90','2022-07-19 10:58:53'),('A303','WA90','2023-06-11 14:53:57'),('A304','WA90','2021-04-05 22:06:17'),('A305','WA90','2022-02-10 15:36:52'),('A307','WA90','2022-01-06 13:14:41'),('A309','WA90','2021-11-26 11:27:18'),('A309','WA90','2021-12-24 16:46:25'),('A310','WA90','2021-12-24 16:46:25'),('A310','WA90','2022-02-10 15:36:52'),('A313','WA90','2022-03-23 19:57:13'),('A314','WA90','2022-03-09 13:07:37'),('A315','WA90','2021-11-26 11:27:18'),('A319','WA90','2023-05-20 19:23:29'),('A321','WA90','2022-03-23 19:57:13'),('A321','WA90','2022-07-19 10:58:53'),('A322','WA90','2022-03-23 19:57:13'),('A323','WA90','2021-04-05 22:06:17'),('A323','WA90','2022-04-04 11:42:05'),('A327','WA90','2023-02-03 11:47:39'),('A332','WA90','2022-07-19 10:58:53'),('A336','WA90','2021-07-22 00:01:14'),('A336','WA90','2021-12-15 11:23:52'),('A337','WA90','2021-11-10 08:08:44'),('A337','WA90','2023-05-20 19:23:29'),('A341','WA90','2022-02-11 01:59:37'),('A343','WA90','2021-09-25 11:34:14'),('A343','WA90','2022-01-29 23:29:53'),('A343','WA90','2022-02-11 01:59:37'),('A345','WA90','2021-05-20 01:16:19'),('A345','WA90','2023-02-03 11:47:39'),('A346','WA90','2021-11-06 19:09:07'),('A347','WA90','2022-09-28 06:57:41'),('A348','WA90','2023-04-16 12:05:50'),('A349','WA90','2022-01-18 13:45:28'),('A349','WA90','2022-06-27 04:03:20'),('A349','WA90','2023-01-30 03:10:56'),('A349','WA90','2023-04-16 12:05:50'),('A353','WA90','2023-04-01 00:20:00'),('A353','WA90','2023-05-20 04:59:36'),('A355','WA90','2022-01-06 13:14:41'),('A357','WA90','2023-04-16 12:05:50'),('A358','WA90','2021-07-22 00:01:14'),('A359','WA90','2022-01-18 13:45:28'),('A359','WA90','2023-02-03 11:47:39'),('A360','WA90','2023-06-11 14:53:57'),('A361','WA90','2022-01-06 13:14:41'),('A368','WA90','2021-11-10 08:08:44'),('A371','WA90','2022-03-06 09:05:03'),('A372','WA90','2021-12-21 04:53:41'),('A373','WA90','2023-05-03 13:04:07'),('A374','WA90','2021-09-25 11:34:14'),('A376','WA90','2021-12-24 16:46:25'),('A376','WA90','2022-07-19 10:58:53'),('A377','WA90','2022-04-04 11:42:05'),('A379','WA90','2021-12-24 16:46:25'),('A383','WA90','2021-12-24 20:09:49'),('A385','WA90','2022-06-27 04:03:20'),('A387','WA90','2022-01-18 13:45:28'),('A387','WA90','2022-09-28 06:57:41'),('A388','WA90','2022-01-18 13:45:28'),('A388','WA90','2022-06-29 08:37:23'),('A389','WA90','2021-08-17 06:43:53'),('A391','WA90','2023-01-30 03:10:56'),('A392','WA90','2022-02-11 01:59:37'),('A392','WA90','2023-05-20 04:59:36'),('A393','WA90','2021-07-22 00:01:14'),('A394','WA90','2021-07-22 00:01:14'),('A397','WA90','2023-06-11 14:53:57'),('A400','WA90','2023-05-20 19:23:29'),('A403','WA90','2021-05-20 01:16:19'),('A404','WA90','2021-11-06 19:09:07'),('A405','WA90','2021-12-24 20:09:49'),('A407','WA90','2021-12-24 20:09:49'),('A407','WA90','2022-01-29 23:29:53'),('A408','WA90','2021-09-25 11:34:14'),('A408','WA90','2023-05-20 04:59:36'),('A409','WA90','2021-09-25 11:34:14'),('A410','WA90','2023-05-20 19:23:29'),('A413','WA90','2023-01-30 03:10:56'),('A413','WA90','2023-02-03 11:47:39'),('A413','WA90','2023-05-03 13:04:07'),('A415','WA90','2023-06-11 14:53:57'),('A417','WA90','2021-11-26 11:27:18'),('A419','WA90','2022-09-28 06:57:41'),('A421','WA90','2023-02-28 12:25:30'),('A423','WA90','2021-11-26 11:27:18'),('A424','WA90','2022-02-10 15:36:52'),('A428','WA90','2022-06-27 04:03:20'),('A429','WA90','2023-05-20 04:59:36'),('A430','WA90','2023-02-28 12:25:30'),('A431','WA90','2021-08-17 06:43:53'),('A432','WA90','2023-05-20 04:59:36'),('A436','WA90','2022-03-06 09:05:03'),('A437','WA90','2021-11-06 19:09:07'),('A439','WA90','2022-09-28 06:57:41'),('A440','WA90','2021-05-20 01:16:19'),('A442','WA90','2022-06-29 08:37:23'),('A443','WA90','2022-06-27 04:03:20'),('A444','WA90','2023-05-03 13:04:07'),('A446','WA90','2021-11-10 08:08:44'),('A446','WA90','2022-03-06 09:05:03'),('A447','WA90','2021-12-15 11:23:52'),('A447','WA90','2023-01-30 03:10:56'),('A448','WA90','2021-12-15 11:23:52'),('A448','WA90','2023-05-03 13:04:07'),('A449','WA90','2021-12-21 04:53:41'),('A449','WA90','2022-01-29 23:29:53'),('A449','WA90','2023-02-28 12:25:30'),('A449','WA90','2023-04-16 12:05:50'),('A452','WA90','2021-11-06 19:09:07'),('A454','WA90','2021-12-24 20:09:49'),('A454','WA90','2022-04-04 11:42:05'),('A455','WA90','2022-03-23 19:57:13'),('A455','WA90','2022-06-27 04:03:20'),('A458','WA90','2021-11-26 11:27:18'),('A458','WA90','2023-04-01 00:20:00'),('A459','WA90','2022-03-09 13:07:37'),('A459','WA90','2023-05-20 04:59:36'),('A460','WA90','2021-09-25 11:34:14'),('A461','WA90','2022-09-28 06:57:41'),('A465','WA90','2021-04-05 22:06:17'),('A465','WA90','2021-12-24 16:46:25'),('A465','WA90','2023-01-30 03:10:56'),('A465','WA90','2023-05-03 13:07:05'),('A471','WA90','2023-04-16 12:05:50'),('A473','WA90','2021-12-15 11:23:52'),('A474','WA90','2021-12-21 04:53:41'),('A474','WA90','2022-02-10 15:36:52'),('A474','WA90','2022-03-06 09:05:03'),('A475','WA90','2021-11-06 19:09:07'),('A477','WA90','2023-05-20 19:23:29'),('A478','WA90','2023-05-20 19:23:29'),('A479','WA90','2023-05-20 04:59:36'),('A481','WA90','2021-09-25 11:34:14'),('A481','WA90','2022-02-11 01:59:37'),('A482','WA90','2023-05-03 13:07:05'),('A484','WA90','2023-02-03 11:47:39'),('A485','WA90','2021-08-17 06:43:53'),('A486','WA90','2021-05-20 01:16:19'),('A486','WA90','2023-04-16 12:05:50'),('A487','WA90','2021-05-20 01:16:19'),('A487','WA90','2022-01-06 13:14:41'),('A487','WA90','2022-03-09 13:07:37'),('A487','WA90','2022-03-09 13:07:38'),('A488','WA90','2021-12-21 04:53:41'),('A488','WA90','2022-02-11 01:59:37'),('A488','WA90','2022-06-12 08:33:24'),('A490','WA90','2022-01-29 23:29:53'),('A492','WA90','2022-03-06 09:05:03'),('A493','WA90','2022-06-12 08:33:24'),('A494','WA90','2022-03-09 13:07:37'),('A495','WA90','2022-09-28 06:57:41'),('A498','WA90','2022-01-18 13:45:28'),('A498','WA90','2022-01-29 23:29:53');
/*!40000 ALTER TABLE `archercompetition` ENABLE KEYS */;
UNLOCK TABLES;

--
-- Table structure for table `categoryid`
--

DROP TABLE IF EXISTS `categoryid`;
/*!40101 SET @saved_cs_client     = @@character_set_client */;
/*!50503 SET character_set_client = utf8mb4 */;
CREATE TABLE `categoryid` (
  `categoryID` varchar(255) NOT NULL,
  `divisionID` varchar(10) NOT NULL,
  `classID` varchar(10) NOT NULL,
  PRIMARY KEY (`categoryID`),
  KEY `categoryid_fk1_idx` (`divisionID`),
  KEY `categoryid_fk2_idx` (`classID`),
  CONSTRAINT `categoryid_fk1` FOREIGN KEY (`divisionID`) REFERENCES `division` (`divisionID`) ON DELETE RESTRICT ON UPDATE CASCADE,
  CONSTRAINT `categoryid_fk2` FOREIGN KEY (`classID`) REFERENCES `class` (`classID`) ON DELETE RESTRICT ON UPDATE CASCADE
) ENGINE=InnoDB DEFAULT CHARSET=utf8mb4 COLLATE=utf8mb4_0900_ai_ci;
/*!40101 SET character_set_client = @saved_cs_client */;

--
-- Dumping data for table `categoryid`
--

LOCK TABLES `categoryid` WRITE;
/*!40000 ALTER TABLE `categoryid` DISABLE KEYS */;
INSERT INTO `categoryid` VALUES ('cat001','div001','class001'),('cat002','div002','class001'),('cat003','div003','class001'),('cat004','div004','class001'),('cat005','div001','class002'),('cat006','div002','class002'),('cat007','div003','class002'),('cat008','div004','class002'),('cat009','div001','class003'),('cat010','div002','class003'),('cat011','div003','class003'),('cat012','div004','class003'),('cat013','div001','class004'),('cat014','div002','class004'),('cat015','div003','class004'),('cat016','div004','class004'),('cat017','div001','class005'),('cat018','div002','class005'),('cat019','div003','class005'),('cat020','div004','class005'),('cat021','div001','class006'),('cat022','div002','class006'),('cat023','div003','class006'),('cat024','div004','class006'),('cat025','div001','class007'),('cat026','div002','class007'),('cat027','div003','class007'),('cat028','div004','class007'),('cat029','div001','class008'),('cat030','div002','class008'),('cat031','div003','class008'),('cat032','div004','class008'),('cat033','div001','class009'),('cat034','div002','class009'),('cat035','div003','class009'),('cat036','div004','class009'),('cat037','div001','class010'),('cat038','div002','class010'),('cat039','div003','class010'),('cat040','div004','class010'),('cat041','div001','class011'),('cat042','div002','class011'),('cat043','div003','class011'),('cat044','div004','class011'),('cat045','div001','class012'),('cat046','div002','class012'),('cat047','div003','class012'),('cat048','div004','class012'),('cat049','div001','class013'),('cat050','div002','class013'),('cat051','div003','class013'),('cat052','div004','class013'),('cat053','div001','class014'),('cat054','div002','class014'),('cat055','div003','class014'),('cat056','div004','class014');
/*!40000 ALTER TABLE `categoryid` ENABLE KEYS */;
UNLOCK TABLES;

--
-- Table structure for table `championship`
--

DROP TABLE IF EXISTS `championship`;
/*!40101 SET @saved_cs_client     = @@character_set_client */;
/*!50503 SET character_set_client = utf8mb4 */;
CREATE TABLE `championship` (
  `championshipID` varchar(10) NOT NULL,
  `clubID` varchar(10) NOT NULL,
  `championshipName` varchar(255) DEFAULT NULL,
  `startDate` datetime DEFAULT NULL,
  `endDate` datetime DEFAULT NULL,
  PRIMARY KEY (`championshipID`),
  KEY `clubID_idx` (`clubID`),
  CONSTRAINT `championship_fk1` FOREIGN KEY (`clubID`) REFERENCES `club` (`clubID`) ON DELETE RESTRICT ON UPDATE CASCADE
) ENGINE=InnoDB DEFAULT CHARSET=utf8mb4 COLLATE=utf8mb4_0900_ai_ci;
/*!40101 SET character_set_client = @saved_cs_client */;

--
-- Dumping data for table `championship`
--

LOCK TABLES `championship` WRITE;
/*!40000 ALTER TABLE `championship` DISABLE KEYS */;
INSERT INTO `championship` VALUES ('act107','usq101','Australian Capital Territory','2021-04-24 20:19:05','2022-02-26 16:33:49'),('act115','uwa101','Australian Capital Territory','2021-07-25 22:27:33','2022-10-02 10:17:48'),('act123','qut101','Australian Capital Territory','2021-09-20 03:06:58','2022-05-12 05:21:39'),('act131','ua101','Australian Capital Territory','2021-12-24 14:32:35','2022-09-27 00:36:03'),('act139','une101','Australian Capital Territory','2021-01-28 03:28:13','2022-03-10 07:27:50'),('Mel101','swin101','Melbourne Archery 2023 Championship','2023-01-01 00:00:00','2023-12-31 00:00:00'),('nsw101','scu101','New South Wales','2021-03-23 06:28:43','2022-08-08 15:39:52'),('nsw109','jcu101','New South Wales','2021-06-12 22:47:21','2022-04-16 13:48:00'),('nsw117','swin101','New South Wales','2021-06-20 08:53:24','2022-01-30 20:33:37'),('nsw125','cmu101','New South Wales','2021-05-21 10:40:25','2022-08-03 08:46:16'),('nsw133','rmitu101','New South Wales','2021-08-25 09:10:22','2022-11-13 14:29:37'),('nt108','cu101','Northern Territory','2021-10-10 05:53:42','2022-05-29 00:30:06'),('nt116','du101','Northern Territory','2021-03-29 12:34:33','2022-05-15 07:33:08'),('nt124','scu101','Northern Territory','2021-10-06 03:47:57','2022-11-29 21:49:06'),('nt132','une101','Northern Territory','2021-07-14 02:51:26','2022-03-12 23:12:46'),('nt140','unsw101','Northern Territory','2021-12-21 10:43:59','2022-03-30 21:43:38'),('Perth101','uwa101','Perth Archery 2023 Championship','2023-05-01 00:00:00','2023-12-31 00:00:00'),('qld103','cqu101','Queensland','2021-01-13 16:00:59','2022-08-22 01:56:03'),('qld111','ud101','Queensland','2021-11-26 09:01:41','2022-02-12 09:05:38'),('qld119','um101','Queensland','2021-12-06 01:44:29','2022-02-16 03:56:14'),('qld127','usc101','Queensland','2021-05-04 15:17:59','2022-07-03 23:26:57'),('qld135','uc101','Queensland','2021-10-25 05:57:01','2022-05-14 09:55:14'),('sa105','un101','South Australia','2021-09-13 14:45:14','2022-09-04 20:28:06'),('sa113','cqu101','South Australia','2021-01-05 22:01:00','2022-06-09 03:05:31'),('sa121','ud101','South Australia','2021-03-24 02:47:26','2022-11-27 06:22:32'),('sa129','unda101','South Australia','2021-05-25 03:12:37','2022-09-29 02:38:25'),('sa137','usc101','South Australia','2021-01-05 17:49:38','2022-08-16 07:34:37'),('tas106','ltu101','Tasmania','2021-05-28 23:46:06','2022-03-11 00:19:03'),('tas114','gu101','Tasmania','2021-08-08 19:02:27','2022-03-18 23:08:46'),('tas122','acu101','Tasmania','2021-06-26 12:43:19','2022-04-05 13:10:17'),('tas130','ut101','Tasmania','2021-10-07 23:37:52','2022-06-29 07:56:01'),('tas138','mu101','Tasmania','2021-03-17 17:13:18','2022-05-25 06:42:17'),('vic102','fua101','Victoria','2021-07-18 00:40:04','2022-11-24 10:37:54'),('vic110','uq101','Victoria','2021-04-03 12:30:04','2022-07-22 00:15:12'),('vic118','du101','Victoria','2021-06-06 11:08:15','2022-11-24 01:34:48'),('vic126','fua101','Victoria','2021-09-24 11:33:11','2022-01-29 10:32:09'),('vic134','ua101','Victoria','2021-08-16 02:40:42','2022-08-28 19:46:22'),('wa104','qut101','Western Australia','2021-02-27 19:38:17','2022-01-29 13:29:08'),('wa112','uq101','Western Australia','2021-03-13 04:32:40','2022-08-04 09:36:36'),('wa120','uw101','Western Australia','2021-12-08 18:30:34','2022-02-25 03:23:15'),('wa128','vu101','Western Australia','2021-12-18 21:54:25','2022-12-06 07:45:31'),('wa136','fua101','Western Australia','2021-05-19 10:38:45','2022-05-20 12:44:43');
/*!40000 ALTER TABLE `championship` ENABLE KEYS */;
UNLOCK TABLES;

--
-- Table structure for table `class`
--

DROP TABLE IF EXISTS `class`;
/*!40101 SET @saved_cs_client     = @@character_set_client */;
/*!50503 SET character_set_client = utf8mb4 */;
CREATE TABLE `class` (
  `classID` varchar(10) NOT NULL,
  `classAge` varchar(255) DEFAULT NULL,
  `classGender` enum('M','F') DEFAULT NULL,
  PRIMARY KEY (`classID`)
) ENGINE=InnoDB DEFAULT CHARSET=utf8mb4 COLLATE=utf8mb4_0900_ai_ci;
/*!40101 SET character_set_client = @saved_cs_client */;

--
-- Dumping data for table `class`
--

LOCK TABLES `class` WRITE;
/*!40000 ALTER TABLE `class` DISABLE KEYS */;
INSERT INTO `class` VALUES ('class001','Open Male','M'),('class002','Open Female','F'),('class003','50+ Male','M'),('class004','50+ Female','F'),('class005','60+ 70+ Male','M'),('class006','60+ 70+ Female','F'),('class007','Under 21 Male','M'),('class008','Under 21 Female','F'),('class009','Under 18 Male','M'),('class010','Under 18 Female','F'),('class011','Under 16 Male','M'),('class012','Under 16 Female','F'),('class013','Under 14 Male','M'),('class014','Under 14 Female','F');
/*!40000 ALTER TABLE `class` ENABLE KEYS */;
UNLOCK TABLES;

--
-- Table structure for table `club`
--

DROP TABLE IF EXISTS `club`;
/*!40101 SET @saved_cs_client     = @@character_set_client */;
/*!50503 SET character_set_client = utf8mb4 */;
CREATE TABLE `club` (
  `clubID` varchar(10) NOT NULL,
  `clubName` varchar(255) DEFAULT NULL,
  `clubLocation` varchar(255) DEFAULT NULL,
  PRIMARY KEY (`clubID`)
) ENGINE=InnoDB DEFAULT CHARSET=utf8mb4 COLLATE=utf8mb4_0900_ai_ci;
/*!40101 SET character_set_client = @saved_cs_client */;

--
-- Dumping data for table `club`
--

LOCK TABLES `club` WRITE;
/*!40000 ALTER TABLE `club` DISABLE KEYS */;
INSERT INTO `club` VALUES ('acu101','Australian Catholic University Archery Club','Australian'),('anu101','Australian National University Archery Club','Australian'),('bu101','Bond University Archery Club','Bond'),('cdu101','Charles Darwin University Archery Club','Charles Darwin'),('cmu101','Carnegie Mellon University Archery Club','Carnegie Mellon'),('cqu101','CQ University Archery Club','CQ'),('csu101','Charles Sturt University Archery Club','Charles Sturt'),('cu101','Curtin University Archery Club','Curtin'),('du101','Federation University of Australia Archery Club','Deakin'),('ecu101','Murdoch University Archery Club','Edith Cowan'),('fu101','Flinders University Archery Club','Flinders'),('fua101','Federation University of Australia Archery Club','Australia'),('gu101','Griffith University Archery Club','Griffith'),('jcu101','James Cook University Archery Club','James Cook'),('ltu101','La Trobe University Archery Club','La Trobe'),('mu101','Monash University Archery Club','Monash'),('qut101','Queensland University of Technology Archery Club','Queensland'),('rmitu101','RMIT University Archery Club','RMIT'),('scu101','Southern Cross University Archery Club','Southern Cross'),('swin101','swinburne archery','Melbourne Sports Centres MSAC'),('tua101','Torrens University Australia Archery Club','Torrens Australia'),('ua101','University of Adelaide Archery Club','Adelaide'),('uc101','University of Canberra Archery Club','Canberra'),('ud101','University of Divinity Archery Club','Divinity'),('um101','University of Melbourne Archery Club','Melbourne'),('un101','University of Newcastle Archery Club','Newcastle'),('unda101','University of Notre Dame Australia Archery Club','Notre Dame Australia'),('une101','University of New England Archery Club','New England'),('unsw101','University of New South Wales Archery Club','New South Wales'),('uq101','University of Queensland Archery Club',' Queensland'),('us101','University of Sydney Archery Club','Sydney'),('usa101','University of South Australia Archery Club','South Australia'),('usc101','University of the Sunshine Coast Archery Club','Sunshine Coast'),('usq101','University of Southern Queensland Archery Club','Southern Queensland'),('ut101','University of Tasmania Archery Club','Tasmania'),('uw101','University of Wollongong Archery Club','Wollongong'),('uwa101','university of western australia archery','University of Western Australia '),('vu101','Victoria University Archery Club','Victoria'),('wsu101','Western Sydney University Archery Club','Western Sydney');
/*!40000 ALTER TABLE `club` ENABLE KEYS */;
UNLOCK TABLES;

--
-- Table structure for table `competition`
--

DROP TABLE IF EXISTS `competition`;
/*!40101 SET @saved_cs_client     = @@character_set_client */;
/*!50503 SET character_set_client = utf8mb4 */;
CREATE TABLE `competition` (
  `competitionID` varchar(10) NOT NULL,
  `competitionDate` datetime NOT NULL,
  `championshipID` varchar(10) NOT NULL,
  `clubID` varchar(10) NOT NULL,
  `categoryID` varchar(10) NOT NULL,
  `venue` varchar(255) DEFAULT NULL,
  PRIMARY KEY (`competitionID`,`competitionDate`),
  KEY `competition_fk1_idx` (`championshipID`),
  KEY `competition_fk2_idx` (`clubID`),
  KEY `competition_fk3_idx` (`categoryID`) /*!80000 INVISIBLE */,
  CONSTRAINT `competition_fk1` FOREIGN KEY (`championshipID`) REFERENCES `championship` (`championshipID`) ON DELETE RESTRICT ON UPDATE CASCADE,
  CONSTRAINT `competition_fk2` FOREIGN KEY (`clubID`) REFERENCES `club` (`clubID`) ON DELETE RESTRICT ON UPDATE CASCADE,
  CONSTRAINT `competition_fk3` FOREIGN KEY (`categoryID`) REFERENCES `categoryid` (`categoryID`) ON DELETE RESTRICT ON UPDATE CASCADE
) ENGINE=InnoDB DEFAULT CHARSET=utf8mb4 COLLATE=utf8mb4_0900_ai_ci;
/*!40101 SET character_set_client = @saved_cs_client */;

--
-- Dumping data for table `competition`
--

LOCK TABLES `competition` WRITE;
/*!40000 ALTER TABLE `competition` DISABLE KEYS */;
INSERT INTO `competition` VALUES ('AA40','2021-02-25 04:29:28','nt108','ltu101','cat007','Mildura Archery Park'),('AA40','2021-02-28 23:15:38','act139','fu101','cat044','Launceston Archery Park'),('AA40','2021-03-03 14:03:33','wa120','usa101','cat052','Brisbane Archery Field'),('AA40','2021-04-02 22:41:07','nt132','wsu101','cat012','Armidale Archery Centre'),('AA40','2021-04-17 19:43:56','nsw133','usc101','cat012','Goulburn Archery Park'),('AA40','2021-04-26 14:09:28','vic102','unsw101','cat042','Mackay Archery Park'),('AA40','2021-05-21 15:10:11','tas122','swin101','cat039','Bendigo Archery Centre'),('AA40','2021-06-05 06:38:15','nsw133','swin101','cat005','Townsville Archery Park'),('AA40','2021-06-10 07:14:59','nsw117','cu101','cat021','Bunbury Archery Park'),('AA40','2021-07-11 04:07:57','sa105','um101','cat044','Cairns Archery Park'),('AA40','2021-07-15 01:35:42','wa120','ud101','cat038','Gladstone Archery Field'),('AA40','2021-07-25 21:13:38','qld135','usa101','cat056','Toowoomba Archery Centre'),('AA40','2021-09-21 01:46:44','nsw125','rmitu101','cat030','Hobart Archery Field'),('AA40','2021-10-03 16:55:25','nsw125','mu101','cat025','Canberra Archery Field'),('AA40','2021-10-15 08:49:22','act123','usq101','cat047','Tamworth Archery Field'),('AA40','2021-10-21 00:06:39','wa104','scu101','cat015','Goulburn Archery Field'),('AA40','2021-12-26 04:39:48','nsw101','usc101','cat040','Cairns Archery Field'),('AA40','2021-12-27 15:50:11','nt108','vu101','cat034','Newcastle Archery Park'),('AA40','2022-01-16 04:43:37','sa113','ecu101','cat052','Gold Coast Archery Centre'),('AA40','2022-01-28 09:11:33','act139','swin101','cat022','Maryborough Archery Field'),('AA40','2022-02-03 15:32:27','vic102','ltu101','cat008','Hobart Archery Centre'),('AA40','2022-02-16 02:46:58','qld119','wsu101','cat011','Gold Coast Archery Centre'),('AA40','2022-02-17 09:21:36','qld135','vu101','cat034','Adelaide Archery Centre'),('AA40','2022-02-19 08:48:40','act115','usa101','cat033','Toowoomba Archery Centre'),('AA40','2022-03-31 11:20:28','nt140','us101','cat047','Kwinana Archery Centre'),('AA40','2022-05-02 14:02:22','tas114','ud101','cat010','Burnie-Devonport Archery Centre'),('AA40','2022-05-17 05:46:22','nsw101','um101','cat013','Launceston Archery Park'),('AA40','2022-06-07 16:31:13','qld119','uwa101','cat033','Tamworth Archery Field'),('AA40','2022-06-30 17:46:36','tas114','um101','cat028','Dubbo Archery Park'),('AA40','2022-08-08 14:51:31','nsw117','du101','cat002','Rockhampton Archery Centre'),('AA40','2022-09-13 23:25:09','qld127','mu101','cat011','Mildura Archery Park'),('AA40','2022-09-25 01:38:19','sa105','usc101','cat019','Townsville Archery Centre'),('AA40','2022-10-02 18:22:35','sa137','swin101','cat041','Brisbane Archery Field'),('AA40','2022-11-25 07:06:51','sa121','gu101','cat029','Geraldton Archery Field'),('AA40','2022-11-26 19:54:21','sa113','vu101','cat021','Whyalla Archery Park'),('AA40','2022-12-12 08:42:48','qld103','swin101','cat011','Shepparton-Mooroopna Archery Park'),('AA40','2023-02-01 23:32:09','vic102','qut101','cat015','Maryborough Archery Centre'),('AA40','2023-02-24 19:09:43','nsw117','un101','cat042','Sydney Archery Park'),('AA40','2023-05-15 17:11:00','qld111','fu101','cat053','Maryborough Archery Field'),('AA40','2023-05-21 11:27:46','act115','us101','cat034','Canberra Archery Field'),('AA40','2023-06-14 21:30:25','nsw117','ud101','cat042','Whyalla Archery Centre'),('AA50','2021-02-08 14:31:00','qld135','mu101','cat054','Mackay Archery Field'),('AA50','2021-02-19 16:27:51','sa121','us101','cat056','Albury-Wodonga Archery Centre'),('AA50','2021-03-06 07:25:41','qld127','acu101','cat044','Wagga Wagga Archery Centre'),('AA50','2021-04-27 23:24:31','nsw109','un101','cat008','Wollongong Archery Field'),('AA50','2021-06-09 02:23:35','nsw133','cmu101','cat054','Dubbo Archery Park'),('AA50','2021-07-19 08:16:55','qld119','cqu101','cat007','Traralgon Archery Park'),('AA50','2021-07-20 17:41:25','tas114','uw101','cat003','Wagga Wagga Archery Park'),('AA50','2021-08-27 23:28:19','sa129','unsw101','cat037','Melbourne Archery Field'),('AA50','2021-08-30 12:20:37','act123','ltu101','cat031','Albury-Wodonga Archery Field'),('AA50','2021-10-25 07:55:58','act123','du101','cat008','Newcastle Archery Park'),('AA50','2021-11-06 05:31:23','tas114','anu101','cat023','Bunbury Archery Park'),('AA50','2021-11-25 17:51:51','sa105','ecu101','cat041','Adelaide Archery Park'),('AA50','2021-12-06 18:35:25','vic118','uq101','cat052','Dubbo Archery Field'),('AA50','2021-12-11 03:41:15','act107','rmitu101','cat024','Sunshine Coast Archery Park'),('AA50','2022-01-01 03:19:13','nsw101','uc101','cat031','Geelong Archery Field'),('AA50','2022-01-15 10:29:14','act123','cqu101','cat010','Port Macquarie Archery Park'),('AA50','2022-01-24 02:30:58','sa105','mu101','cat029','Goulburn Archery Field'),('AA50','2022-02-11 05:33:02','wa128','rmitu101','cat030','Melbourne Archery Park'),('AA50','2022-02-23 17:57:16','sa113','uw101','cat036','Port Macquarie Archery Park'),('AA50','2022-04-19 02:28:47','nt140','uw101','cat054','Gold Coast Archery Centre'),('AA50','2022-04-20 15:49:01','tas114','swin101','cat013','Kwinana Archery Centre'),('AA50','2022-04-27 16:31:04','sa113','jcu101','cat026','Darwin Archery Park'),('AA50','2022-06-13 01:31:03','nt140','vu101','cat025','Tamworth Archery Field'),('AA50','2022-07-01 14:46:08','qld127','usc101','cat004','Wollongong Archery Park'),('AA50','2022-09-08 01:01:56','nsw101','unda101','cat054','Hervey Bay Archery Centre'),('AA50','2022-09-12 21:54:05','nt140','fua101','cat038','Mildura Archery Field'),('AA50','2022-10-06 03:04:39','vic134','usa101','cat036','Maryborough Archery Centre'),('AA50','2022-10-17 15:33:58','tas130','csu101','cat027','Geraldton Archery Park'),('AA50','2022-11-18 06:47:20','vic118','fua101','cat004','Warrnambool Archery Centre'),('AA50','2022-11-27 00:44:34','nt140','uq101','cat029','Toowoomba Archery Field'),('AA50','2023-01-22 10:34:30','sa121','swin101','cat049','Wollongong Archery Field'),('AA50','2023-01-25 00:59:28','nsw133','swin101','cat054','Whyalla Archery Park'),('AA50','2023-02-07 13:49:20','vic126','rmitu101','cat007','Bunbury Archery Centre'),('AA50','2023-02-23 16:42:01','act123','cmu101','cat031','Bunbury Archery Field'),('AA50','2023-04-27 00:37:26','vic118','uq101','cat056','Darwin Archery Park'),('AA50','2023-06-13 09:54:09','nt124','us101','cat014','Mackay Archery Park'),('AA50','2023-06-15 14:48:03','vic134','ud101','cat016','Darwin Archery Park'),('AA50','2023-06-18 04:45:59','sa113','un101','cat023','Hobart Archery Centre'),('Perth','2023-05-10 00:00:00','Perth101','uwa101','cat001','Optus Stadium'),('WA60','2021-01-18 06:12:55','nt140','swin101','cat012','Shepparton-Mooroopna Archery Field'),('WA60','2021-03-14 03:15:49','act139','mu101','cat006','Kwinana Archery Centre'),('WA60','2021-03-14 14:49:36','vic102','wsu101','cat016','Melbourne Archery Park'),('WA60','2021-03-15 00:45:41','sa105','cqu101','cat021','Gold Coast Archery Centre'),('WA60','2021-05-06 10:00:07','qld111','bu101','cat037','Dubbo Archery Field'),('WA60','2021-05-30 16:49:25','sa129','vu101','cat022','Hobart Archery Centre'),('WA60','2021-06-13 00:52:27','nsw117','swin101','cat005','Dubbo Archery Centre'),('WA60','2021-06-19 21:06:21','sa121','fu101','cat030','Albury-Wodonga Archery Centre'),('WA60','2021-07-01 01:22:36','tas106','vu101','cat044','Maryborough Archery Centre'),('WA60','2021-07-22 08:07:01','nt124','gu101','cat046','Bendigo Archery Park'),('WA60','2021-08-16 06:19:51','nt116','uc101','cat043','Newcastle Archery Park'),('WA60','2021-08-17 21:34:30','nt124','une101','cat006','Rockhampton Archery Park'),('WA60','2021-08-24 00:04:47','act139','uc101','cat023','Cairns Archery Park'),('WA60','2021-09-30 10:54:06','qld127','swin101','cat016','Armidale Archery Centre'),('WA60','2021-10-20 15:47:59','nsw133','tua101','cat028','Bathurst Archery Centre'),('WA60','2021-10-26 13:58:23','vic134','fua101','cat037','Darwin Archery Centre'),('WA60','2021-11-02 00:40:30','tas122','scu101','cat013','Burnie-Devonport Archery Park'),('WA60','2021-11-11 23:41:00','wa136','ua101','cat020','Sydney Archery Park'),('WA60','2021-12-25 09:53:37','nt108','swin101','cat056','Sunshine Coast Archery Park'),('WA60','2021-12-30 05:49:50','nt124','unsw101','cat007','Burnie-Devonport Archery Field'),('WA60','2022-02-01 07:38:57','nsw125','csu101','cat017','Lismore Archery Field'),('WA60','2022-02-05 08:50:49','act123','cu101','cat015','Maryborough Archery Field'),('WA60','2022-03-06 11:49:45','act107','vu101','cat019','Cairns Archery Centre'),('WA60','2022-03-19 00:03:49','nsw101','uw101','cat031','Melbourne Archery Centre'),('WA60','2022-04-18 22:11:04','tas122','cqu101','cat015','Wagga Wagga Archery Park'),('WA60','2022-05-22 08:33:42','act131','ud101','cat038','Wollongong Archery Field'),('WA60','2022-05-23 12:34:51','nt124','uq101','cat009','Wollongong Archery Centre'),('WA60','2022-05-28 13:16:30','qld127','usa101','cat002','Ballarat Archery Field'),('WA60','2022-06-17 18:26:09','qld135','uw101','cat027','Toowoomba Archery Field'),('WA60','2022-06-21 12:27:46','nt108','unda101','cat024','Bunbury Archery Park'),('WA60','2022-06-26 19:09:34','nt140','tua101','cat021','Nowra-Bomaderry Archery Park'),('WA60','2022-07-05 01:47:29','act107','uq101','cat033','Burnie-Devonport Archery Field'),('WA60','2022-08-08 07:50:04','vic126','du101','cat017','Cairns Archery Park'),('WA60','2022-08-16 17:43:59','qld111','us101','cat003','Gold Coast Archery Field'),('WA60','2022-09-13 21:22:23','wa128','ltu101','cat025','Kwinana Archery Park'),('WA60','2022-10-01 15:23:51','vic134','csu101','cat011','Geelong Archery Field'),('WA60','2022-11-21 01:44:14','vic126','un101','cat022','Toowoomba Archery Park'),('WA60','2022-12-22 03:41:18','vic126','gu101','cat043','Kalgoorlie-Boulder Archery Centre'),('WA60','2023-03-03 18:46:47','wa128','rmitu101','cat048','Perth Archery Field'),('WA60','2023-03-05 03:57:53','vic134','uw101','cat052','Rockhampton Archery Park'),('WA60','2023-04-14 18:54:11','sa121','fua101','cat002','Ballarat Archery Field'),('WA60','2023-05-10 21:02:13','sa129','csu101','cat029','Launceston Archery Park'),('WA60','2023-05-31 10:06:11','sa121','cmu101','cat051','Bundaberg Archery Centre'),('WA60','2023-06-19 16:41:01','wa128','uq101','cat037','Gold Coast Archery Park'),('WA70','2021-01-02 05:42:59','act131','bu101','cat002','Gold Coast Archery Field'),('WA70','2021-01-04 23:38:31','tas114','une101','cat040','Wagga Wagga Archery Field'),('WA70','2021-02-03 23:50:03','qld111','mu101','cat051','Mackay Archery Park'),('WA70','2021-03-24 00:05:45','vic126','bu101','cat017','Traralgon Archery Park'),('WA70','2021-04-12 19:31:05','wa112','fua101','cat027','Bundaberg Archery Centre'),('WA70','2021-05-20 00:18:07','qld135','tua101','cat026','Port Macquarie Archery Centre'),('WA70','2021-08-08 17:15:55','vic110','csu101','cat055','Darwin Archery Centre'),('WA70','2021-10-10 12:26:46','act123','cu101','cat024','Bunbury Archery Centre'),('WA70','2021-10-25 12:38:54','act115','scu101','cat020','Shepparton-Mooroopna Archery Field'),('WA70','2021-11-21 17:39:33','tas114','unsw101','cat044','Kalgoorlie-Boulder Archery Centre'),('WA70','2021-12-04 05:15:14','tas114','anu101','cat036','Traralgon Archery Park'),('WA70','2022-02-04 01:57:00','nt116','us101','cat005','Wollongong Archery Park'),('WA70','2022-02-12 00:21:43','nt132','du101','cat048','Bunbury Archery Field'),('WA70','2022-03-16 23:37:55','sa105','mu101','cat023','Bendigo Archery Field'),('WA70','2022-03-29 17:52:46','nsw117','anu101','cat037','Gold Coast Archery Park'),('WA70','2022-04-06 07:32:33','tas122','uwa101','cat014','Wollongong Archery Field'),('WA70','2022-05-04 11:15:29','wa104','uq101','cat023','Mildura Archery Centre'),('WA70','2022-05-13 05:56:12','vic118','cdu101','cat020','Orange Archery Park'),('WA70','2022-05-15 05:06:09','tas106','cdu101','cat054','Perth Archery Field'),('WA70','2022-06-08 22:11:30','wa112','uc101','cat016','Launceston Archery Field'),('WA70','2022-07-30 14:09:03','nsw125','du101','cat007','Whyalla Archery Park'),('WA70','2022-08-04 11:33:07','act123','acu101','cat006','Hervey Bay Archery Centre'),('WA70','2022-09-23 10:17:33','nsw109','um101','cat056','Warrnambool Archery Field'),('WA70','2022-09-24 10:09:04','nt116','swin101','cat053','Sydney Archery Field'),('WA70','2022-11-05 12:06:51','nsw109','cu101','cat036','Melbourne Archery Centre'),('WA70','2022-11-18 12:24:39','act131','ua101','cat043','Orange Archery Centre'),('WA70','2022-11-29 14:08:54','sa105','ltu101','cat035','Traralgon Archery Park'),('WA70','2022-12-05 21:06:23','sa129','rmitu101','cat056','Hobart Archery Park'),('WA70','2022-12-19 00:09:07','vic102','ecu101','cat034','Canberra Archery Centre'),('WA70','2023-01-12 19:43:47','tas106','un101','cat012','Gladstone Archery Centre'),('WA70','2023-01-19 11:01:25','wa136','qut101','cat032','Sunshine Coast Archery Field'),('WA70','2023-02-07 00:15:44','act131','ltu101','cat032','Cairns Archery Centre'),('WA70','2023-02-07 19:28:43','vic126','qut101','cat048','Port Macquarie Archery Centre'),('WA70','2023-02-09 22:55:11','nt124','csu101','cat020','Bendigo Archery Park'),('WA70','2023-03-12 04:21:17','act107','du101','cat048','Perth Archery Centre'),('WA70','2023-03-23 12:03:58','wa120','uw101','cat001','Maryborough Archery Centre'),('WA70','2023-03-27 02:42:50','nsw133','fua101','cat055','Wagga Wagga Archery Field'),('WA70','2023-04-16 04:02:26','tas106','qut101','cat041','Mount Gambier Archery Park'),('WA70','2023-05-29 12:20:08','wa120','unsw101','cat012','Mount Gambier Archery Field'),('WA70','2023-06-04 14:55:05','nt132','mu101','cat038','Newcastle Archery Centre'),('WA70','2023-06-11 15:57:30','qld127','scu101','cat021','Mount Gambier Archery Park'),('WA90','2021-04-05 22:06:17','nsw117','fua101','cat014','Goulburn Archery Park'),('WA90','2021-05-20 01:16:19','nt124','usa101','cat027','Rockhampton Archery Centre'),('WA90','2021-07-22 00:01:14','nsw109','mu101','cat016','Cairns Archery Park'),('WA90','2021-08-17 06:43:53','act115','vu101','cat022','Canberra Archery Centre'),('WA90','2021-09-25 11:34:14','vic126','us101','cat027','Bathurst Archery Centre'),('WA90','2021-11-06 19:09:07','nsw133','usa101','cat026','Tamworth Archery Field'),('WA90','2021-11-10 08:08:44','tas122','swin101','cat052','Shepparton-Mooroopna Archery Centre'),('WA90','2021-11-26 11:27:18','tas114','une101','cat017','Wagga Wagga Archery Centre'),('WA90','2021-12-15 11:23:52','qld111','du101','cat004','Bathurst Archery Park'),('WA90','2021-12-21 04:53:41','tas106','acu101','cat053','Mildura Archery Field'),('WA90','2021-12-24 16:46:25','vic102','uw101','cat026','Canberra Archery Centre'),('WA90','2021-12-24 20:09:49','nt132','mu101','cat024','Mildura Archery Field'),('WA90','2022-01-06 13:14:41','nt140','swin101','cat013','Bundaberg Archery Centre'),('WA90','2022-01-18 13:45:28','nt140','ua101','cat010','Newcastle Archery Centre'),('WA90','2022-01-29 23:29:53','sa105','cmu101','cat039','Kalgoorlie-Boulder Archery Park'),('WA90','2022-02-10 15:36:52','tas130','swin101','cat023','Brisbane Archery Field'),('WA90','2022-02-11 01:59:37','tas138','cdu101','cat028','Cairns Archery Field'),('WA90','2022-03-06 09:05:03','nsw133','tua101','cat003','Bathurst Archery Park'),('WA90','2022-03-09 13:07:37','qld103','uq101','cat045','Newcastle Archery Field'),('WA90','2022-03-23 19:57:13','nt108','fua101','cat019','Mackay Archery Field'),('WA90','2022-04-04 11:42:05','act115','wsu101','cat041','Perth Archery Field'),('WA90','2022-06-12 08:33:24','qld103','une101','cat014','Sunshine Coast Archery Field'),('WA90','2022-06-27 04:03:20','wa112','mu101','cat022','Gladstone Archery Park'),('WA90','2022-06-29 08:37:23','nt108','csu101','cat055','Kalgoorlie-Boulder Archery Field'),('WA90','2022-07-19 10:58:53','qld111','us101','cat012','Shepparton-Mooroopna Archery Field'),('WA90','2022-09-28 06:57:41','wa136','cmu101','cat025','Rockhampton Archery Centre'),('WA90','2023-01-30 03:10:56','qld103','anu101','cat026','Goulburn Archery Centre'),('WA90','2023-02-03 11:47:39','nt140','fua101','cat019','Kwinana Archery Park'),('WA90','2023-02-28 12:25:30','nt124','uc101','cat042','Orange Archery Field'),('WA90','2023-03-05 00:00:00','Mel101','swin101','cat001','Melbourne Sports Centres'),('WA90','2023-04-01 00:20:00','wa136','wsu101','cat046','Launceston Archery Park'),('WA90','2023-04-16 12:05:50','vic118','ecu101','cat010','Mackay Archery Field'),('WA90','2023-05-03 13:04:07','nsw101','mu101','cat042','Bathurst Archery Centre'),('WA90','2023-05-03 13:07:05','act131','qut101','cat006','Bunbury Archery Park'),('WA90','2023-05-20 04:59:36','nsw109','cu101','cat005','Rockhampton Archery Centre'),('WA90','2023-05-20 19:23:29','nsw133','unsw101','cat050','Geraldton Archery Park'),('WA90','2023-06-11 14:53:57','wa120','us101','cat015','Bathurst Archery Field');
/*!40000 ALTER TABLE `competition` ENABLE KEYS */;
UNLOCK TABLES;

--
-- Table structure for table `competitionranges`
--

DROP TABLE IF EXISTS `competitionranges`;
/*!40101 SET @saved_cs_client     = @@character_set_client */;
/*!50503 SET character_set_client = utf8mb4 */;
CREATE TABLE `competitionranges` (
  `competitionID` varchar(10) NOT NULL,
  `rangeID` varchar(10) NOT NULL,
  `metres` varchar(10) NOT NULL,
  `archerID` varchar(10) NOT NULL,
  `date` datetime NOT NULL,
  PRIMARY KEY (`competitionID`,`rangeID`,`date`,`archerID`,`metres`),
  KEY `competitionrange_fk1_idx` (`competitionID`) /*!80000 INVISIBLE */,
  KEY `competitionrange_fk2_idx` (`metres`) /*!80000 INVISIBLE */,
  KEY `competitionrange_fk3_idx` (`archerID`),
  KEY `competitionrange_fk4_idx` (`rangeID`),
  CONSTRAINT `competitionranges_fk1` FOREIGN KEY (`archerID`) REFERENCES `archer` (`archerID`) ON DELETE RESTRICT ON UPDATE CASCADE,
  CONSTRAINT `competitionranges_fk2` FOREIGN KEY (`competitionID`) REFERENCES `archercompetition` (`competitionID`) ON DELETE RESTRICT ON UPDATE CASCADE,
  CONSTRAINT `competitionranges_fk3` FOREIGN KEY (`metres`) REFERENCES `metres` (`metres`) ON DELETE RESTRICT ON UPDATE CASCADE
) ENGINE=InnoDB DEFAULT CHARSET=utf8mb4 COLLATE=utf8mb4_0900_ai_ci;
/*!40101 SET character_set_client = @saved_cs_client */;

--
-- Dumping data for table `competitionranges`
--

LOCK TABLES `competitionranges` WRITE;
/*!40000 ALTER TABLE `competitionranges` DISABLE KEYS */;
INSERT INTO `competitionranges` VALUES ('AA40','1st','M016','A001','2022-02-19 08:48:40'),('AA40','1st','M016','A001','2023-02-24 19:09:43'),('AA40','2nd','M006','A001','2022-02-19 08:48:40'),('AA40','2nd','M006','A001','2023-02-24 19:09:43'),('AA40','3rd','M006','A001','2022-02-19 08:48:40'),('AA40','3rd','M006','A001','2023-02-24 19:09:43'),('AA40','4th','M006','A001','2022-02-19 08:48:40'),('AA40','4th','M006','A001','2023-02-24 19:09:43'),('AA50','1st','M020','A001','2021-07-20 17:41:25'),('AA50','2nd','M006','A001','2021-07-20 17:41:25'),('AA50','3rd','M006','A001','2021-07-20 17:41:25'),('AA50','4th','M006','A001','2021-07-20 17:41:25'),('WA60','1st','M024','A001','2022-03-19 00:03:49'),('WA60','2nd','M010','A001','2022-03-19 00:03:49'),('WA60','3rd','M010','A001','2022-03-19 00:03:49'),('WA60','4th','M010','A001','2022-03-19 00:03:49'),('WA90','1st','M030','A001','2023-03-05 00:00:00'),('WA90','2nd','M026','A001','2023-03-05 00:00:00'),('WA90','3rd','M018','A001','2023-03-05 00:00:00'),('WA90','4th','M010','A001','2023-03-05 00:00:00'),('AA40','1st','M016','A002','2022-01-16 04:43:37'),('AA40','1st','M016','A002','2022-03-31 11:20:28'),('AA40','2nd','M006','A002','2022-01-16 04:43:37'),('AA40','2nd','M006','A002','2022-03-31 11:20:28'),('AA40','3rd','M006','A002','2022-01-16 04:43:37'),('AA40','3rd','M006','A002','2022-03-31 11:20:28'),('AA40','4th','M006','A002','2022-01-16 04:43:37'),('AA40','4th','M006','A002','2022-03-31 11:20:28'),('WA60','1st','M024','A002','2021-08-24 00:04:47'),('WA60','2nd','M010','A002','2021-08-24 00:04:47'),('WA60','3rd','M010','A002','2021-08-24 00:04:47'),('WA60','4th','M010','A002','2021-08-24 00:04:47'),('WA90','1st','M030','A002','2023-03-05 00:00:00'),('WA90','1st','M032','A002','2023-04-01 00:20:00'),('WA90','1st','M032','A002','2023-04-16 12:05:50'),('WA90','2nd','M026','A002','2023-03-05 00:00:00'),('WA90','2nd','M010','A002','2023-04-01 00:20:00'),('WA90','2nd','M010','A002','2023-04-16 12:05:50'),('WA90','3rd','M018','A002','2023-03-05 00:00:00'),('WA90','3rd','M010','A002','2023-04-01 00:20:00'),('WA90','3rd','M010','A002','2023-04-16 12:05:50'),('WA90','4th','M010','A002','2023-03-05 00:00:00'),('WA90','4th','M010','A002','2023-04-01 00:20:00'),('WA90','4th','M010','A002','2023-04-16 12:05:50'),('AA40','1st','M016','A003','2022-05-17 05:46:22'),('AA40','2nd','M006','A003','2022-05-17 05:46:22'),('AA40','3rd','M006','A003','2022-05-17 05:46:22'),('AA40','4th','M006','A003','2022-05-17 05:46:22'),('WA70','1st','M028','A003','2021-01-02 05:42:59'),('WA70','1st','M028','A003','2023-02-09 22:55:11'),('WA70','2nd','M010','A003','2021-01-02 05:42:59'),('WA70','2nd','M010','A003','2023-02-09 22:55:11'),('WA70','3rd','M010','A003','2021-01-02 05:42:59'),('WA70','3rd','M010','A003','2023-02-09 22:55:11'),('WA70','4th','M010','A003','2021-01-02 05:42:59'),('WA70','4th','M010','A003','2023-02-09 22:55:11'),('WA90','1st','M032','A003','2021-08-17 06:43:53'),('WA90','1st','M030','A003','2023-03-05 00:00:00'),('WA90','2nd','M010','A003','2021-08-17 06:43:53'),('WA90','2nd','M026','A003','2023-03-05 00:00:00'),('WA90','3rd','M010','A003','2021-08-17 06:43:53'),('WA90','3rd','M018','A003','2023-03-05 00:00:00'),('WA90','4th','M010','A003','2021-08-17 06:43:53'),('WA90','4th','M010','A003','2023-03-05 00:00:00'),('AA40','1st','M016','A004','2022-02-17 09:21:36'),('AA40','2nd','M006','A004','2022-02-17 09:21:36'),('AA40','3rd','M006','A004','2022-02-17 09:21:36'),('AA40','4th','M006','A004','2022-02-17 09:21:36'),('AA50','1st','M020','A004','2021-07-20 17:41:25'),('AA50','1st','M020','A004','2022-09-08 01:01:56'),('AA50','2nd','M006','A004','2021-07-20 17:41:25'),('AA50','2nd','M006','A004','2022-09-08 01:01:56'),('AA50','3rd','M006','A004','2021-07-20 17:41:25'),('AA50','3rd','M006','A004','2022-09-08 01:01:56'),('AA50','4th','M006','A004','2021-07-20 17:41:25'),('AA50','4th','M006','A004','2022-09-08 01:01:56'),('Perth','1st','M027','A004','2023-05-10 00:00:00'),('Perth','2nd','M023','A004','2023-05-10 00:00:00'),('Perth','3rd','M019','A004','2023-05-10 00:00:00'),('WA60','1st','M024','A004','2023-05-10 21:02:13'),('WA60','2nd','M010','A004','2023-05-10 21:02:13'),('WA60','3rd','M010','A004','2023-05-10 21:02:13'),('WA60','4th','M010','A004','2023-05-10 21:02:13'),('WA70','1st','M028','A004','2021-04-12 19:31:05'),('WA70','2nd','M010','A004','2021-04-12 19:31:05'),('WA70','3rd','M010','A004','2021-04-12 19:31:05'),('WA70','4th','M010','A004','2021-04-12 19:31:05'),('AA40','1st','M016','A005','2022-05-02 14:02:22'),('AA40','2nd','M006','A005','2022-05-02 14:02:22'),('AA40','3rd','M006','A005','2022-05-02 14:02:22'),('AA40','4th','M006','A005','2022-05-02 14:02:22'),('AA50','1st','M020','A005','2022-04-19 02:28:47'),('AA50','1st','M020','A005','2023-06-18 04:45:59'),('AA50','2nd','M006','A005','2022-04-19 02:28:47'),('AA50','2nd','M006','A005','2023-06-18 04:45:59'),('AA50','3rd','M006','A005','2022-04-19 02:28:47'),('AA50','3rd','M006','A005','2023-06-18 04:45:59'),('AA50','4th','M006','A005','2022-04-19 02:28:47'),('AA50','4th','M006','A005','2023-06-18 04:45:59'),('WA60','1st','M024','A005','2021-07-01 01:22:36'),('WA60','2nd','M010','A005','2021-07-01 01:22:36'),('WA60','3rd','M010','A005','2021-07-01 01:22:36'),('WA60','4th','M010','A005','2021-07-01 01:22:36'),('AA40','1st','M016','A006','2021-07-11 04:07:57'),('AA40','2nd','M006','A006','2021-07-11 04:07:57'),('AA40','3rd','M006','A006','2021-07-11 04:07:57'),('AA40','4th','M006','A006','2021-07-11 04:07:57'),('AA50','1st','M020','A006','2022-07-01 14:46:08'),('AA50','2nd','M006','A006','2022-07-01 14:46:08'),('AA50','3rd','M006','A006','2022-07-01 14:46:08'),('AA50','4th','M006','A006','2022-07-01 14:46:08'),('AA40','1st','M016','A007','2022-02-17 09:21:36'),('AA40','2nd','M006','A007','2022-02-17 09:21:36'),('AA40','3rd','M006','A007','2022-02-17 09:21:36'),('AA40','4th','M006','A007','2022-02-17 09:21:36'),('WA60','1st','M024','A007','2021-11-02 00:40:30'),('WA60','2nd','M010','A007','2021-11-02 00:40:30'),('WA60','3rd','M010','A007','2021-11-02 00:40:30'),('WA60','4th','M010','A007','2021-11-02 00:40:30'),('WA70','1st','M028','A007','2021-08-08 17:15:55'),('WA70','2nd','M010','A007','2021-08-08 17:15:55'),('WA70','3rd','M010','A007','2021-08-08 17:15:55'),('WA70','4th','M010','A007','2021-08-08 17:15:55'),('WA70','1st','M028','A008','2022-11-29 14:08:54'),('WA70','2nd','M010','A008','2022-11-29 14:08:54'),('WA70','3rd','M010','A008','2022-11-29 14:08:54'),('WA70','4th','M010','A008','2022-11-29 14:08:54'),('AA40','1st','M016','A009','2021-02-28 23:15:38'),('AA40','1st','M016','A009','2022-11-26 19:54:21'),('AA40','2nd','M006','A009','2021-02-28 23:15:38'),('AA40','2nd','M006','A009','2022-11-26 19:54:21'),('AA40','3rd','M006','A009','2021-02-28 23:15:38'),('AA40','3rd','M006','A009','2022-11-26 19:54:21'),('AA40','4th','M006','A009','2021-02-28 23:15:38'),('AA40','4th','M006','A009','2022-11-26 19:54:21'),('AA50','1st','M020','A009','2021-08-27 23:28:19'),('AA50','1st','M020','A009','2021-08-30 12:20:37'),('AA50','1st','M020','A009','2021-12-11 03:41:15'),('AA50','1st','M020','A009','2022-02-11 05:33:02'),('AA50','1st','M020','A009','2023-01-22 10:34:30'),('AA50','2nd','M006','A009','2021-08-27 23:28:19'),('AA50','2nd','M006','A009','2021-08-30 12:20:37'),('AA50','2nd','M006','A009','2021-12-11 03:41:15'),('AA50','2nd','M006','A009','2022-02-11 05:33:02'),('AA50','2nd','M006','A009','2023-01-22 10:34:30'),('AA50','3rd','M006','A009','2021-08-27 23:28:19'),('AA50','3rd','M006','A009','2021-08-30 12:20:37'),('AA50','3rd','M006','A009','2021-12-11 03:41:15'),('AA50','3rd','M006','A009','2022-02-11 05:33:02'),('AA50','3rd','M006','A009','2023-01-22 10:34:30'),('AA50','4th','M006','A009','2021-08-27 23:28:19'),('AA50','4th','M006','A009','2021-08-30 12:20:37'),('AA50','4th','M006','A009','2021-12-11 03:41:15'),('AA50','4th','M006','A009','2022-02-11 05:33:02'),('AA50','4th','M006','A009','2023-01-22 10:34:30'),('WA70','1st','M028','A009','2023-03-12 04:21:17'),('WA70','2nd','M010','A009','2023-03-12 04:21:17'),('WA70','3rd','M010','A009','2023-03-12 04:21:17'),('WA70','4th','M010','A009','2023-03-12 04:21:17'),('WA70','1st','M028','A010','2022-02-12 00:21:43'),('WA70','2nd','M010','A010','2022-02-12 00:21:43'),('WA70','3rd','M010','A010','2022-02-12 00:21:43'),('WA70','4th','M010','A010','2022-02-12 00:21:43'),('WA90','1st','M032','A010','2021-09-25 11:34:14'),('WA90','2nd','M010','A010','2021-09-25 11:34:14'),('WA90','3rd','M010','A010','2021-09-25 11:34:14'),('WA90','4th','M010','A010','2021-09-25 11:34:14'),('WA60','1st','M024','A011','2021-08-17 21:34:30'),('WA60','2nd','M010','A011','2021-08-17 21:34:30'),('WA60','3rd','M010','A011','2021-08-17 21:34:30'),('WA60','4th','M010','A011','2021-08-17 21:34:30'),('AA40','1st','M016','A012','2021-10-15 08:49:22'),('AA40','2nd','M006','A012','2021-10-15 08:49:22'),('AA40','3rd','M006','A012','2021-10-15 08:49:22'),('AA40','4th','M006','A012','2021-10-15 08:49:22'),('WA60','1st','M024','A012','2021-08-16 06:19:51'),('WA60','2nd','M010','A012','2021-08-16 06:19:51'),('WA60','3rd','M010','A012','2021-08-16 06:19:51'),('WA60','4th','M010','A012','2021-08-16 06:19:51'),('WA90','1st','M032','A012','2022-04-04 11:42:05'),('WA90','2nd','M010','A012','2022-04-04 11:42:05'),('WA90','3rd','M010','A012','2022-04-04 11:42:05'),('WA90','4th','M010','A012','2022-04-04 11:42:05'),('AA40','1st','M016','A013','2021-07-11 04:07:57'),('AA40','2nd','M006','A013','2021-07-11 04:07:57'),('AA40','3rd','M006','A013','2021-07-11 04:07:57'),('AA40','4th','M006','A013','2021-07-11 04:07:57'),('WA70','1st','M028','A013','2022-11-29 14:08:54'),('WA70','1st','M028','A013','2023-02-07 19:28:43'),('WA70','2nd','M010','A013','2022-11-29 14:08:54'),('WA70','2nd','M010','A013','2023-02-07 19:28:43'),('WA70','3rd','M010','A013','2022-11-29 14:08:54'),('WA70','3rd','M010','A013','2023-02-07 19:28:43'),('WA70','4th','M010','A013','2022-11-29 14:08:54'),('WA70','4th','M010','A013','2023-02-07 19:28:43'),('WA90','1st','M032','A013','2021-12-24 20:09:49'),('WA90','1st','M032','A013','2022-03-06 09:05:03'),('WA90','1st','M032','A013','2022-06-12 08:33:24'),('WA90','2nd','M010','A013','2021-12-24 20:09:49'),('WA90','2nd','M010','A013','2022-03-06 09:05:03'),('WA90','2nd','M010','A013','2022-06-12 08:33:24'),('WA90','3rd','M010','A013','2021-12-24 20:09:49'),('WA90','3rd','M010','A013','2022-03-06 09:05:03'),('WA90','3rd','M010','A013','2022-06-12 08:33:24'),('WA90','4th','M010','A013','2021-12-24 20:09:49'),('WA90','4th','M010','A013','2022-03-06 09:05:03'),('WA90','4th','M010','A013','2022-06-12 08:33:24'),('AA50','1st','M020','A014','2021-08-30 12:20:37'),('AA50','1st','M020','A014','2021-11-06 05:31:23'),('AA50','2nd','M006','A014','2021-08-30 12:20:37'),('AA50','2nd','M006','A014','2021-11-06 05:31:23'),('AA50','3rd','M006','A014','2021-08-30 12:20:37'),('AA50','3rd','M006','A014','2021-11-06 05:31:23'),('AA50','4th','M006','A014','2021-08-30 12:20:37'),('AA50','4th','M006','A014','2021-11-06 05:31:23'),('WA60','1st','M024','A014','2021-03-14 03:15:49'),('WA60','1st','M024','A014','2021-08-24 00:04:47'),('WA60','1st','M024','A014','2023-06-19 16:41:01'),('WA60','2nd','M010','A014','2021-03-14 03:15:49'),('WA60','2nd','M010','A014','2021-08-24 00:04:47'),('WA60','2nd','M010','A014','2023-06-19 16:41:01'),('WA60','3rd','M010','A014','2021-03-14 03:15:49'),('WA60','3rd','M010','A014','2021-08-24 00:04:47'),('WA60','3rd','M010','A014','2023-06-19 16:41:01'),('WA60','4th','M010','A014','2021-03-14 03:15:49'),('WA60','4th','M010','A014','2021-08-24 00:04:47'),('WA60','4th','M010','A014','2023-06-19 16:41:01'),('WA70','1st','M028','A014','2022-11-29 14:08:54'),('WA70','2nd','M010','A014','2022-11-29 14:08:54'),('WA70','3rd','M010','A014','2022-11-29 14:08:54'),('WA70','4th','M010','A014','2022-11-29 14:08:54'),('AA40','1st','M016','A015','2021-10-21 00:06:39'),('AA40','2nd','M006','A015','2021-10-21 00:06:39'),('AA40','3rd','M006','A015','2021-10-21 00:06:39'),('AA40','4th','M006','A015','2021-10-21 00:06:39'),('AA40','1st','M016','A016','2021-04-17 19:43:56'),('AA40','1st','M016','A016','2021-07-25 21:13:38'),('AA40','2nd','M006','A016','2021-04-17 19:43:56'),('AA40','2nd','M006','A016','2021-07-25 21:13:38'),('AA40','3rd','M006','A016','2021-04-17 19:43:56'),('AA40','3rd','M006','A016','2021-07-25 21:13:38'),('AA40','4th','M006','A016','2021-04-17 19:43:56'),('AA40','4th','M006','A016','2021-07-25 21:13:38'),('WA60','1st','M024','A016','2021-05-06 10:00:07'),('WA60','1st','M024','A016','2023-05-31 10:06:11'),('WA60','2nd','M010','A016','2021-05-06 10:00:07'),('WA60','2nd','M010','A016','2023-05-31 10:06:11'),('WA60','3rd','M010','A016','2021-05-06 10:00:07'),('WA60','3rd','M010','A016','2023-05-31 10:06:11'),('WA60','4th','M010','A016','2021-05-06 10:00:07'),('WA60','4th','M010','A016','2023-05-31 10:06:11'),('WA90','1st','M032','A016','2023-05-20 04:59:36'),('WA90','2nd','M010','A016','2023-05-20 04:59:36'),('WA90','3rd','M010','A016','2023-05-20 04:59:36'),('WA90','4th','M010','A016','2023-05-20 04:59:36'),('AA40','1st','M016','A017','2022-02-16 02:46:58'),('AA40','2nd','M006','A017','2022-02-16 02:46:58'),('AA40','3rd','M006','A017','2022-02-16 02:46:58'),('AA40','4th','M006','A017','2022-02-16 02:46:58'),('WA60','1st','M024','A017','2022-06-17 18:26:09'),('WA60','2nd','M010','A017','2022-06-17 18:26:09'),('WA60','3rd','M010','A017','2022-06-17 18:26:09'),('WA60','4th','M010','A017','2022-06-17 18:26:09'),('WA70','1st','M028','A017','2023-03-12 04:21:17'),('WA70','1st','M028','A017','2023-06-04 14:55:05'),('WA70','2nd','M010','A017','2023-03-12 04:21:17'),('WA70','2nd','M010','A017','2023-06-04 14:55:05'),('WA70','3rd','M010','A017','2023-03-12 04:21:17'),('WA70','3rd','M010','A017','2023-06-04 14:55:05'),('WA70','4th','M010','A017','2023-03-12 04:21:17'),('WA70','4th','M010','A017','2023-06-04 14:55:05'),('AA40','1st','M016','A018','2022-01-28 09:11:33'),('AA40','2nd','M006','A018','2022-01-28 09:11:33'),('AA40','3rd','M006','A018','2022-01-28 09:11:33'),('AA40','4th','M006','A018','2022-01-28 09:11:33'),('AA50','1st','M020','A018','2021-02-08 14:31:00'),('AA50','2nd','M006','A018','2021-02-08 14:31:00'),('AA50','3rd','M006','A018','2021-02-08 14:31:00'),('AA50','4th','M006','A018','2021-02-08 14:31:00'),('WA60','1st','M024','A018','2021-05-30 16:49:25'),('WA60','2nd','M010','A018','2021-05-30 16:49:25'),('WA60','3rd','M010','A018','2021-05-30 16:49:25'),('WA60','4th','M010','A018','2021-05-30 16:49:25'),('WA70','1st','M028','A018','2022-02-12 00:21:43'),('WA70','2nd','M010','A018','2022-02-12 00:21:43'),('WA70','3rd','M010','A018','2022-02-12 00:21:43'),('WA70','4th','M010','A018','2022-02-12 00:21:43'),('AA40','1st','M016','A019','2021-07-11 04:07:57'),('AA40','1st','M016','A019','2022-09-13 23:25:09'),('AA40','2nd','M006','A019','2021-07-11 04:07:57'),('AA40','2nd','M006','A019','2022-09-13 23:25:09'),('AA40','3rd','M006','A019','2021-07-11 04:07:57'),('AA40','3rd','M006','A019','2022-09-13 23:25:09'),('AA40','4th','M006','A019','2021-07-11 04:07:57'),('AA40','4th','M006','A019','2022-09-13 23:25:09'),('WA60','1st','M024','A019','2023-04-14 18:54:11'),('WA60','2nd','M010','A019','2023-04-14 18:54:11'),('WA60','3rd','M010','A019','2023-04-14 18:54:11'),('WA60','4th','M010','A019','2023-04-14 18:54:11'),('WA90','1st','M032','A019','2022-01-29 23:29:53'),('WA90','2nd','M010','A019','2022-01-29 23:29:53'),('WA90','3rd','M010','A019','2022-01-29 23:29:53'),('WA90','4th','M010','A019','2022-01-29 23:29:53'),('AA40','1st','M016','A020','2022-11-25 07:06:51'),('AA40','2nd','M006','A020','2022-11-25 07:06:51'),('AA40','3rd','M006','A020','2022-11-25 07:06:51'),('AA40','4th','M006','A020','2022-11-25 07:06:51'),('AA50','1st','M020','A020','2021-04-27 23:24:31'),('AA50','1st','M020','A020','2023-06-18 04:45:59'),('AA50','2nd','M006','A020','2021-04-27 23:24:31'),('AA50','2nd','M006','A020','2023-06-18 04:45:59'),('AA50','3rd','M006','A020','2021-04-27 23:24:31'),('AA50','3rd','M006','A020','2023-06-18 04:45:59'),('AA50','4th','M006','A020','2021-04-27 23:24:31'),('AA50','4th','M006','A020','2023-06-18 04:45:59'),('AA50','1st','M020','A021','2022-02-11 05:33:02'),('AA50','1st','M020','A021','2022-04-20 15:49:01'),('AA50','1st','M020','A021','2023-01-22 10:34:30'),('AA50','2nd','M006','A021','2022-02-11 05:33:02'),('AA50','2nd','M006','A021','2022-04-20 15:49:01'),('AA50','2nd','M006','A021','2023-01-22 10:34:30'),('AA50','3rd','M006','A021','2022-02-11 05:33:02'),('AA50','3rd','M006','A021','2022-04-20 15:49:01'),('AA50','3rd','M006','A021','2023-01-22 10:34:30'),('AA50','4th','M006','A021','2022-02-11 05:33:02'),('AA50','4th','M006','A021','2022-04-20 15:49:01'),('AA50','4th','M006','A021','2023-01-22 10:34:30'),('WA60','1st','M024','A021','2021-08-24 00:04:47'),('WA60','1st','M024','A021','2021-10-20 15:47:59'),('WA60','1st','M024','A021','2021-10-26 13:58:23'),('WA60','2nd','M010','A021','2021-08-24 00:04:47'),('WA60','2nd','M010','A021','2021-10-20 15:47:59'),('WA60','2nd','M010','A021','2021-10-26 13:58:23'),('WA60','3rd','M010','A021','2021-08-24 00:04:47'),('WA60','3rd','M010','A021','2021-10-20 15:47:59'),('WA60','3rd','M010','A021','2021-10-26 13:58:23'),('WA60','4th','M010','A021','2021-08-24 00:04:47'),('WA60','4th','M010','A021','2021-10-20 15:47:59'),('WA60','4th','M010','A021','2021-10-26 13:58:23'),('WA70','1st','M028','A021','2022-09-24 10:09:04'),('WA70','2nd','M010','A021','2022-09-24 10:09:04'),('WA70','3rd','M010','A021','2022-09-24 10:09:04'),('WA70','4th','M010','A021','2022-09-24 10:09:04'),('WA60','1st','M024','A022','2023-05-31 10:06:11'),('WA60','2nd','M010','A022','2023-05-31 10:06:11'),('WA60','3rd','M010','A022','2023-05-31 10:06:11'),('WA60','4th','M010','A022','2023-05-31 10:06:11'),('AA40','1st','M016','A023','2021-03-03 14:03:33'),('AA40','1st','M016','A023','2021-05-21 15:10:11'),('AA40','1st','M016','A023','2021-07-15 01:35:42'),('AA40','1st','M016','A023','2022-01-16 04:43:37'),('AA40','2nd','M006','A023','2021-03-03 14:03:33'),('AA40','2nd','M006','A023','2021-05-21 15:10:11'),('AA40','2nd','M006','A023','2021-07-15 01:35:42'),('AA40','2nd','M006','A023','2022-01-16 04:43:37'),('AA40','3rd','M006','A023','2021-03-03 14:03:33'),('AA40','3rd','M006','A023','2021-05-21 15:10:11'),('AA40','3rd','M006','A023','2021-07-15 01:35:42'),('AA40','3rd','M006','A023','2022-01-16 04:43:37'),('AA40','4th','M006','A023','2021-03-03 14:03:33'),('AA40','4th','M006','A023','2021-05-21 15:10:11'),('AA40','4th','M006','A023','2021-07-15 01:35:42'),('AA40','4th','M006','A023','2022-01-16 04:43:37'),('AA50','1st','M020','A023','2023-01-22 10:34:30'),('AA50','2nd','M006','A023','2023-01-22 10:34:30'),('AA50','3rd','M006','A023','2023-01-22 10:34:30'),('AA50','4th','M006','A023','2023-01-22 10:34:30'),('WA90','1st','M032','A023','2021-11-10 08:08:44'),('WA90','2nd','M010','A023','2021-11-10 08:08:44'),('WA90','3rd','M010','A023','2021-11-10 08:08:44'),('WA90','4th','M010','A023','2021-11-10 08:08:44'),('AA40','1st','M016','A024','2021-05-21 15:10:11'),('AA40','2nd','M006','A024','2021-05-21 15:10:11'),('AA40','3rd','M006','A024','2021-05-21 15:10:11'),('AA40','4th','M006','A024','2021-05-21 15:10:11'),('AA50','1st','M020','A024','2021-11-25 17:51:51'),('AA50','2nd','M006','A024','2021-11-25 17:51:51'),('AA50','3rd','M006','A024','2021-11-25 17:51:51'),('AA50','4th','M006','A024','2021-11-25 17:51:51'),('WA90','1st','M032','A024','2021-12-21 04:53:41'),('WA90','1st','M032','A024','2022-01-06 13:14:41'),('WA90','1st','M032','A024','2023-02-03 11:47:39'),('WA90','2nd','M010','A024','2021-12-21 04:53:41'),('WA90','2nd','M010','A024','2022-01-06 13:14:41'),('WA90','2nd','M010','A024','2023-02-03 11:47:39'),('WA90','3rd','M010','A024','2021-12-21 04:53:41'),('WA90','3rd','M010','A024','2022-01-06 13:14:41'),('WA90','3rd','M010','A024','2023-02-03 11:47:39'),('WA90','4th','M010','A024','2021-12-21 04:53:41'),('WA90','4th','M010','A024','2022-01-06 13:14:41'),('WA90','4th','M010','A024','2023-02-03 11:47:39'),('AA40','1st','M016','A025','2021-07-25 21:13:38'),('AA40','1st','M016','A025','2021-09-21 01:46:44'),('AA40','1st','M016','A025','2022-09-13 23:25:09'),('AA40','2nd','M006','A025','2021-07-25 21:13:38'),('AA40','2nd','M006','A025','2021-09-21 01:46:44'),('AA40','2nd','M006','A025','2022-09-13 23:25:09'),('AA40','3rd','M006','A025','2021-07-25 21:13:38'),('AA40','3rd','M006','A025','2021-09-21 01:46:44'),('AA40','3rd','M006','A025','2022-09-13 23:25:09'),('AA40','4th','M006','A025','2021-07-25 21:13:38'),('AA40','4th','M006','A025','2021-09-21 01:46:44'),('AA40','4th','M006','A025','2022-09-13 23:25:09'),('AA50','1st','M020','A025','2021-12-06 18:35:25'),('AA50','2nd','M006','A025','2021-12-06 18:35:25'),('AA50','3rd','M006','A025','2021-12-06 18:35:25'),('AA50','4th','M006','A025','2021-12-06 18:35:25'),('WA60','1st','M024','A025','2021-10-20 15:47:59'),('WA60','2nd','M010','A025','2021-10-20 15:47:59'),('WA60','3rd','M010','A025','2021-10-20 15:47:59'),('WA60','4th','M010','A025','2021-10-20 15:47:59'),('WA70','1st','M028','A025','2021-03-24 00:05:45'),('WA70','2nd','M010','A025','2021-03-24 00:05:45'),('WA70','3rd','M010','A025','2021-03-24 00:05:45'),('WA70','4th','M010','A025','2021-03-24 00:05:45'),('AA40','1st','M016','A026','2022-01-16 04:43:37'),('AA40','1st','M016','A026','2022-11-25 07:06:51'),('AA40','2nd','M006','A026','2022-01-16 04:43:37'),('AA40','2nd','M006','A026','2022-11-25 07:06:51'),('AA40','3rd','M006','A026','2022-01-16 04:43:37'),('AA40','3rd','M006','A026','2022-11-25 07:06:51'),('AA40','4th','M006','A026','2022-01-16 04:43:37'),('AA40','4th','M006','A026','2022-11-25 07:06:51'),('WA70','1st','M028','A026','2022-02-04 01:57:00'),('WA70','1st','M028','A026','2022-08-04 11:33:07'),('WA70','1st','M028','A026','2022-11-18 12:24:39'),('WA70','1st','M028','A026','2023-03-27 02:42:50'),('WA70','2nd','M010','A026','2022-02-04 01:57:00'),('WA70','2nd','M010','A026','2022-08-04 11:33:07'),('WA70','2nd','M010','A026','2022-11-18 12:24:39'),('WA70','2nd','M010','A026','2023-03-27 02:42:50'),('WA70','3rd','M010','A026','2022-02-04 01:57:00'),('WA70','3rd','M010','A026','2022-08-04 11:33:07'),('WA70','3rd','M010','A026','2022-11-18 12:24:39'),('WA70','3rd','M010','A026','2023-03-27 02:42:50'),('WA70','4th','M010','A026','2022-02-04 01:57:00'),('WA70','4th','M010','A026','2022-08-04 11:33:07'),('WA70','4th','M010','A026','2022-11-18 12:24:39'),('WA70','4th','M010','A026','2023-03-27 02:42:50'),('WA60','1st','M024','A027','2021-10-26 13:58:23'),('WA60','2nd','M010','A027','2021-10-26 13:58:23'),('WA60','3rd','M010','A027','2021-10-26 13:58:23'),('WA60','4th','M010','A027','2021-10-26 13:58:23'),('WA70','1st','M028','A027','2022-02-12 00:21:43'),('WA70','2nd','M010','A027','2022-02-12 00:21:43'),('WA70','3rd','M010','A027','2022-02-12 00:21:43'),('WA70','4th','M010','A027','2022-02-12 00:21:43'),('WA90','1st','M032','A027','2021-12-24 20:09:49'),('WA90','2nd','M010','A027','2021-12-24 20:09:49'),('WA90','3rd','M010','A027','2021-12-24 20:09:49'),('WA90','4th','M010','A027','2021-12-24 20:09:49'),('AA50','1st','M020','A028','2022-10-06 03:04:39'),('AA50','2nd','M006','A028','2022-10-06 03:04:39'),('AA50','3rd','M006','A028','2022-10-06 03:04:39'),('AA50','4th','M006','A028','2022-10-06 03:04:39'),('WA70','1st','M028','A028','2022-03-29 17:52:46'),('WA70','2nd','M010','A028','2022-03-29 17:52:46'),('WA70','3rd','M010','A028','2022-03-29 17:52:46'),('WA70','4th','M010','A028','2022-03-29 17:52:46'),('WA90','1st','M032','A028','2022-06-29 08:37:23'),('WA90','2nd','M010','A028','2022-06-29 08:37:23'),('WA90','3rd','M010','A028','2022-06-29 08:37:23'),('WA90','4th','M010','A028','2022-06-29 08:37:23'),('AA40','1st','M016','A029','2021-02-25 04:29:21'),('AA40','1st','M016','A029','2021-02-25 04:29:28'),('AA40','1st','M016','A029','2021-09-21 01:46:44'),('AA40','1st','M016','A029','2022-11-25 07:06:51'),('AA40','2nd','M006','A029','2021-02-25 04:29:21'),('AA40','2nd','M006','A029','2021-02-25 04:29:28'),('AA40','2nd','M006','A029','2021-09-21 01:46:44'),('AA40','2nd','M006','A029','2022-11-25 07:06:51'),('AA40','3rd','M006','A029','2021-02-25 04:29:21'),('AA40','3rd','M006','A029','2021-02-25 04:29:28'),('AA40','3rd','M006','A029','2021-09-21 01:46:44'),('AA40','3rd','M006','A029','2022-11-25 07:06:51'),('AA40','4th','M006','A029','2021-02-25 04:29:21'),('AA40','4th','M006','A029','2021-02-25 04:29:28'),('AA40','4th','M006','A029','2021-09-21 01:46:44'),('AA40','4th','M006','A029','2022-11-25 07:06:51'),('AA40','1st','M016','A030','2021-10-03 16:55:25'),('AA40','1st','M016','A030','2021-12-26 04:39:48'),('AA40','2nd','M006','A030','2021-10-03 16:55:25'),('AA40','2nd','M006','A030','2021-12-26 04:39:48'),('AA40','3rd','M006','A030','2021-10-03 16:55:25'),('AA40','3rd','M006','A030','2021-12-26 04:39:48'),('AA40','4th','M006','A030','2021-10-03 16:55:25'),('AA40','4th','M006','A030','2021-12-26 04:39:48'),('AA50','1st','M020','A030','2022-01-24 02:30:58'),('AA50','2nd','M006','A030','2022-01-24 02:30:58'),('AA50','3rd','M006','A030','2022-01-24 02:30:58'),('AA50','4th','M006','A030','2022-01-24 02:30:58'),('WA60','1st','M024','A030','2021-06-19 21:06:21'),('WA60','2nd','M010','A030','2021-06-19 21:06:21'),('WA60','3rd','M010','A030','2021-06-19 21:06:21'),('WA60','4th','M010','A030','2021-06-19 21:06:21'),('WA70','1st','M028','A030','2023-02-07 19:28:43'),('WA70','2nd','M010','A030','2023-02-07 19:28:43'),('WA70','3rd','M010','A030','2023-02-07 19:28:43'),('WA70','4th','M010','A030','2023-02-07 19:28:43'),('AA40','1st','M016','A031','2022-02-19 08:48:40'),('AA40','2nd','M006','A031','2022-02-19 08:48:40'),('AA40','3rd','M006','A031','2022-02-19 08:48:40'),('AA40','4th','M006','A031','2022-02-19 08:48:40'),('WA60','1st','M024','A032','2023-05-10 21:02:13'),('WA60','2nd','M010','A032','2023-05-10 21:02:13'),('WA60','3rd','M010','A032','2023-05-10 21:02:13'),('WA60','4th','M010','A032','2023-05-10 21:02:13'),('WA70','1st','M028','A032','2022-05-13 05:56:12'),('WA70','1st','M028','A032','2022-08-04 11:33:07'),('WA70','1st','M028','A032','2023-04-16 04:02:26'),('WA70','2nd','M010','A032','2022-05-13 05:56:12'),('WA70','2nd','M010','A032','2022-08-04 11:33:07'),('WA70','2nd','M010','A032','2023-04-16 04:02:26'),('WA70','3rd','M010','A032','2022-05-13 05:56:12'),('WA70','3rd','M010','A032','2022-08-04 11:33:07'),('WA70','3rd','M010','A032','2023-04-16 04:02:26'),('WA70','4th','M010','A032','2022-05-13 05:56:12'),('WA70','4th','M010','A032','2022-08-04 11:33:07'),('WA70','4th','M010','A032','2023-04-16 04:02:26'),('WA90','1st','M032','A032','2021-08-17 06:43:53'),('WA90','1st','M032','A032','2023-02-28 12:25:30'),('WA90','2nd','M010','A032','2021-08-17 06:43:53'),('WA90','2nd','M010','A032','2023-02-28 12:25:30'),('WA90','3rd','M010','A032','2021-08-17 06:43:53'),('WA90','3rd','M010','A032','2023-02-28 12:25:30'),('WA90','4th','M010','A032','2021-08-17 06:43:53'),('WA90','4th','M010','A032','2023-02-28 12:25:30'),('AA40','1st','M016','A033','2021-09-21 01:46:44'),('AA40','1st','M016','A033','2023-02-24 19:09:43'),('AA40','2nd','M006','A033','2021-09-21 01:46:44'),('AA40','2nd','M006','A033','2023-02-24 19:09:43'),('AA40','3rd','M006','A033','2021-09-21 01:46:44'),('AA40','3rd','M006','A033','2023-02-24 19:09:43'),('AA40','4th','M006','A033','2021-09-21 01:46:44'),('AA40','4th','M006','A033','2023-02-24 19:09:43'),('WA60','1st','M024','A033','2021-11-11 23:41:00'),('WA60','1st','M024','A033','2023-05-10 21:02:13'),('WA60','2nd','M010','A033','2021-11-11 23:41:00'),('WA60','2nd','M010','A033','2023-05-10 21:02:13'),('WA60','3rd','M010','A033','2021-11-11 23:41:00'),('WA60','3rd','M010','A033','2023-05-10 21:02:13'),('WA60','4th','M010','A033','2021-11-11 23:41:00'),('WA60','4th','M010','A033','2023-05-10 21:02:13'),('WA70','1st','M028','A033','2023-03-27 02:42:50'),('WA70','2nd','M010','A033','2023-03-27 02:42:50'),('WA70','3rd','M010','A033','2023-03-27 02:42:50'),('WA70','4th','M010','A033','2023-03-27 02:42:50'),('WA90','1st','M032','A033','2021-11-26 11:27:18'),('WA90','2nd','M010','A033','2021-11-26 11:27:18'),('WA90','3rd','M010','A033','2021-11-26 11:27:18'),('WA90','4th','M010','A033','2021-11-26 11:27:18'),('AA40','1st','M016','A034','2021-07-25 21:13:38'),('AA40','1st','M016','A034','2022-09-13 23:25:09'),('AA40','2nd','M006','A034','2021-07-25 21:13:38'),('AA40','2nd','M006','A034','2022-09-13 23:25:09'),('AA40','3rd','M006','A034','2021-07-25 21:13:38'),('AA40','3rd','M006','A034','2022-09-13 23:25:09'),('AA40','4th','M006','A034','2021-07-25 21:13:38'),('AA40','4th','M006','A034','2022-09-13 23:25:09'),('AA50','1st','M020','A034','2021-02-08 14:31:00'),('AA50','1st','M020','A034','2022-10-06 03:04:39'),('AA50','2nd','M006','A034','2021-02-08 14:31:00'),('AA50','2nd','M006','A034','2022-10-06 03:04:39'),('AA50','3rd','M006','A034','2021-02-08 14:31:00'),('AA50','3rd','M006','A034','2022-10-06 03:04:39'),('AA50','4th','M006','A034','2021-02-08 14:31:00'),('AA50','4th','M006','A034','2022-10-06 03:04:39'),('WA90','1st','M032','A034','2022-06-27 04:03:20'),('WA90','2nd','M010','A034','2022-06-27 04:03:20'),('WA90','3rd','M010','A034','2022-06-27 04:03:20'),('WA90','4th','M010','A034','2022-06-27 04:03:20'),('WA60','1st','M024','A035','2021-10-20 15:47:59'),('WA60','1st','M024','A035','2021-12-25 09:53:37'),('WA60','2nd','M010','A035','2021-10-20 15:47:59'),('WA60','2nd','M010','A035','2021-12-25 09:53:37'),('WA60','3rd','M010','A035','2021-10-20 15:47:59'),('WA60','3rd','M010','A035','2021-12-25 09:53:37'),('WA60','4th','M010','A035','2021-10-20 15:47:59'),('WA60','4th','M010','A035','2021-12-25 09:53:37'),('WA70','1st','M028','A035','2021-11-21 17:39:33'),('WA70','2nd','M010','A035','2021-11-21 17:39:33'),('WA70','3rd','M010','A035','2021-11-21 17:39:33'),('WA70','4th','M010','A035','2021-11-21 17:39:33'),('WA90','1st','M032','A035','2023-01-30 03:10:56'),('WA90','2nd','M010','A035','2023-01-30 03:10:56'),('WA90','3rd','M010','A035','2023-01-30 03:10:56'),('WA90','4th','M010','A035','2023-01-30 03:10:56'),('WA70','1st','M028','A036','2022-05-13 05:56:12'),('WA70','2nd','M010','A036','2022-05-13 05:56:12'),('WA70','3rd','M010','A036','2022-05-13 05:56:12'),('WA70','4th','M010','A036','2022-05-13 05:56:12'),('WA90','1st','M032','A036','2021-09-25 11:34:14'),('WA90','2nd','M010','A036','2021-09-25 11:34:14'),('WA90','3rd','M010','A036','2021-09-25 11:34:14'),('WA90','4th','M010','A036','2021-09-25 11:34:14'),('WA60','1st','M024','A037','2022-08-08 07:50:04'),('WA60','2nd','M010','A037','2022-08-08 07:50:04'),('WA60','3rd','M010','A037','2022-08-08 07:50:04'),('WA60','4th','M010','A037','2022-08-08 07:50:04'),('WA90','1st','M032','A037','2023-02-28 12:25:30'),('WA90','2nd','M010','A037','2023-02-28 12:25:30'),('WA90','3rd','M010','A037','2023-02-28 12:25:30'),('WA90','4th','M010','A037','2023-02-28 12:25:30'),('AA40','1st','M016','A038','2022-02-19 08:48:40'),('AA40','2nd','M006','A038','2022-02-19 08:48:40'),('AA40','3rd','M006','A038','2022-02-19 08:48:40'),('AA40','4th','M006','A038','2022-02-19 08:48:40'),('AA50','1st','M020','A038','2023-04-27 00:37:26'),('AA50','2nd','M006','A038','2023-04-27 00:37:26'),('AA50','3rd','M006','A038','2023-04-27 00:37:26'),('AA50','4th','M006','A038','2023-04-27 00:37:26'),('WA70','1st','M028','A038','2022-03-29 17:52:46'),('WA70','1st','M028','A038','2022-12-05 21:06:23'),('WA70','1st','M028','A038','2023-01-12 19:43:47'),('WA70','2nd','M010','A038','2022-03-29 17:52:46'),('WA70','2nd','M010','A038','2022-12-05 21:06:23'),('WA70','2nd','M010','A038','2023-01-12 19:43:47'),('WA70','3rd','M010','A038','2022-03-29 17:52:46'),('WA70','3rd','M010','A038','2022-12-05 21:06:23'),('WA70','3rd','M010','A038','2023-01-12 19:43:47'),('WA70','4th','M010','A038','2022-03-29 17:52:46'),('WA70','4th','M010','A038','2022-12-05 21:06:23'),('WA70','4th','M010','A038','2023-01-12 19:43:47'),('WA90','1st','M032','A038','2022-01-06 13:14:41'),('WA90','2nd','M010','A038','2022-01-06 13:14:41'),('WA90','3rd','M010','A038','2022-01-06 13:14:41'),('WA90','4th','M010','A038','2022-01-06 13:14:41'),('AA50','1st','M020','A039','2022-10-17 15:33:58'),('AA50','2nd','M006','A039','2022-10-17 15:33:58'),('AA50','3rd','M006','A039','2022-10-17 15:33:58'),('AA50','4th','M006','A039','2022-10-17 15:33:58'),('WA60','1st','M024','A039','2021-06-19 21:06:21'),('WA60','2nd','M010','A039','2021-06-19 21:06:21'),('WA60','3rd','M010','A039','2021-06-19 21:06:21'),('WA60','4th','M010','A039','2021-06-19 21:06:21'),('WA90','1st','M032','A039','2022-06-27 04:03:20'),('WA90','2nd','M010','A039','2022-06-27 04:03:20'),('WA90','3rd','M010','A039','2022-06-27 04:03:20'),('WA90','4th','M010','A039','2022-06-27 04:03:20'),('WA90','1st','M032','A040','2021-12-21 04:53:41'),('WA90','2nd','M010','A040','2021-12-21 04:53:41'),('WA90','3rd','M010','A040','2021-12-21 04:53:41'),('WA90','4th','M010','A040','2021-12-21 04:53:41'),('WA70','1st','M028','A041','2021-05-20 00:18:07'),('WA70','1st','M028','A041','2022-11-05 12:06:51'),('WA70','2nd','M010','A041','2021-05-20 00:18:07'),('WA70','2nd','M010','A041','2022-11-05 12:06:51'),('WA70','3rd','M010','A041','2021-05-20 00:18:07'),('WA70','3rd','M010','A041','2022-11-05 12:06:51'),('WA70','4th','M010','A041','2021-05-20 00:18:07'),('WA70','4th','M010','A041','2022-11-05 12:06:51'),('AA40','1st','M016','A042','2021-02-25 04:29:28'),('AA40','2nd','M006','A042','2021-02-25 04:29:28'),('AA40','3rd','M006','A042','2021-02-25 04:29:28'),('AA40','4th','M006','A042','2021-02-25 04:29:28'),('AA50','1st','M020','A042','2023-02-23 16:42:01'),('AA50','2nd','M006','A042','2023-02-23 16:42:01'),('AA50','3rd','M006','A042','2023-02-23 16:42:01'),('AA50','4th','M006','A042','2023-02-23 16:42:01'),('AA50','1st','M020','A043','2022-01-01 03:19:13'),('AA50','2nd','M006','A043','2022-01-01 03:19:13'),('AA50','3rd','M006','A043','2022-01-01 03:19:13'),('AA50','4th','M006','A043','2022-01-01 03:19:13'),('WA60','1st','M024','A043','2022-08-08 07:50:04'),('WA60','2nd','M010','A043','2022-08-08 07:50:04'),('WA60','3rd','M010','A043','2022-08-08 07:50:04'),('WA60','4th','M010','A043','2022-08-08 07:50:04'),('WA70','1st','M028','A043','2021-11-21 17:39:33'),('WA70','2nd','M010','A043','2021-11-21 17:39:33'),('WA70','3rd','M010','A043','2021-11-21 17:39:33'),('WA70','4th','M010','A043','2021-11-21 17:39:33'),('WA90','1st','M032','A043','2021-05-20 01:16:19'),('WA90','2nd','M010','A043','2021-05-20 01:16:19'),('WA90','3rd','M010','A043','2021-05-20 01:16:19'),('WA90','4th','M010','A043','2021-05-20 01:16:19'),('AA40','1st','M016','A044','2022-02-19 08:48:40'),('AA40','2nd','M006','A044','2022-02-19 08:48:40'),('AA40','3rd','M006','A044','2022-02-19 08:48:40'),('AA40','4th','M006','A044','2022-02-19 08:48:40'),('AA50','1st','M020','A044','2023-02-07 13:49:20'),('AA50','2nd','M006','A044','2023-02-07 13:49:20'),('AA50','3rd','M006','A044','2023-02-07 13:49:20'),('AA50','4th','M006','A044','2023-02-07 13:49:20'),('WA70','1st','M028','A045','2021-12-04 05:15:14'),('WA70','1st','M028','A045','2022-06-08 22:11:30'),('WA70','2nd','M010','A045','2021-12-04 05:15:14'),('WA70','2nd','M010','A045','2022-06-08 22:11:30'),('WA70','3rd','M010','A045','2021-12-04 05:15:14'),('WA70','3rd','M010','A045','2022-06-08 22:11:30'),('WA70','4th','M010','A045','2021-12-04 05:15:14'),('WA70','4th','M010','A045','2022-06-08 22:11:30'),('WA90','1st','M032','A045','2022-03-06 09:05:03'),('WA90','1st','M032','A045','2023-02-28 12:25:30'),('WA90','2nd','M010','A045','2022-03-06 09:05:03'),('WA90','2nd','M010','A045','2023-02-28 12:25:30'),('WA90','3rd','M010','A045','2022-03-06 09:05:03'),('WA90','3rd','M010','A045','2023-02-28 12:25:30'),('WA90','4th','M010','A045','2022-03-06 09:05:03'),('WA90','4th','M010','A045','2023-02-28 12:25:30'),('WA90','1st','M032','A046','2023-02-28 12:25:30'),('WA90','2nd','M010','A046','2023-02-28 12:25:30'),('WA90','3rd','M010','A046','2023-02-28 12:25:30'),('WA90','4th','M010','A046','2023-02-28 12:25:30'),('AA40','1st','M016','A048','2021-04-26 14:09:28'),('AA40','1st','M016','A048','2022-06-30 17:46:36'),('AA40','2nd','M006','A048','2021-04-26 14:09:28'),('AA40','2nd','M006','A048','2022-06-30 17:46:36'),('AA40','3rd','M006','A048','2021-04-26 14:09:28'),('AA40','3rd','M006','A048','2022-06-30 17:46:36'),('AA40','4th','M006','A048','2021-04-26 14:09:28'),('AA40','4th','M006','A048','2022-06-30 17:46:36'),('AA50','1st','M020','A048','2022-01-01 03:19:13'),('AA50','2nd','M006','A048','2022-01-01 03:19:13'),('AA50','3rd','M006','A048','2022-01-01 03:19:13'),('AA50','4th','M006','A048','2022-01-01 03:19:13'),('WA60','1st','M024','A048','2021-08-17 21:34:30'),('WA60','1st','M024','A048','2021-11-02 00:40:30'),('WA60','1st','M024','A048','2022-06-21 12:27:46'),('WA60','1st','M024','A048','2022-12-22 03:41:18'),('WA60','2nd','M010','A048','2021-08-17 21:34:30'),('WA60','2nd','M010','A048','2021-11-02 00:40:30'),('WA60','2nd','M010','A048','2022-06-21 12:27:46'),('WA60','2nd','M010','A048','2022-12-22 03:41:18'),('WA60','3rd','M010','A048','2021-08-17 21:34:30'),('WA60','3rd','M010','A048','2021-11-02 00:40:30'),('WA60','3rd','M010','A048','2022-06-21 12:27:46'),('WA60','3rd','M010','A048','2022-12-22 03:41:18'),('WA60','4th','M010','A048','2021-08-17 21:34:30'),('WA60','4th','M010','A048','2021-11-02 00:40:30'),('WA60','4th','M010','A048','2022-06-21 12:27:46'),('WA60','4th','M010','A048','2022-12-22 03:41:18'),('WA60','1st','M024','A049','2023-03-05 03:57:53'),('WA60','2nd','M010','A049','2023-03-05 03:57:53'),('WA60','3rd','M010','A049','2023-03-05 03:57:53'),('WA60','4th','M010','A049','2023-03-05 03:57:53'),('WA70','1st','M028','A049','2022-03-29 17:52:46'),('WA70','2nd','M010','A049','2022-03-29 17:52:46'),('WA70','3rd','M010','A049','2022-03-29 17:52:46'),('WA70','4th','M010','A049','2022-03-29 17:52:46'),('AA40','1st','M016','A050','2022-01-16 04:43:37'),('AA40','2nd','M006','A050','2022-01-16 04:43:37'),('AA40','3rd','M006','A050','2022-01-16 04:43:37'),('AA40','4th','M006','A050','2022-01-16 04:43:37'),('WA60','1st','M024','A050','2022-08-16 17:43:59'),('WA60','2nd','M010','A050','2022-08-16 17:43:59'),('WA60','3rd','M010','A050','2022-08-16 17:43:59'),('WA60','4th','M010','A050','2022-08-16 17:43:59'),('WA90','1st','M032','A050','2021-08-17 06:43:53'),('WA90','2nd','M010','A050','2021-08-17 06:43:53'),('WA90','3rd','M010','A050','2021-08-17 06:43:53'),('WA90','4th','M010','A050','2021-08-17 06:43:53'),('AA50','1st','M020','A051','2022-07-01 14:46:08'),('AA50','2nd','M006','A051','2022-07-01 14:46:08'),('AA50','3rd','M006','A051','2022-07-01 14:46:08'),('AA50','4th','M006','A051','2022-07-01 14:46:08'),('WA60','1st','M024','A051','2022-08-08 07:50:04'),('WA60','2nd','M010','A051','2022-08-08 07:50:04'),('WA60','3rd','M010','A051','2022-08-08 07:50:04'),('WA60','4th','M010','A051','2022-08-08 07:50:04'),('WA70','1st','M028','A051','2023-01-12 19:43:47'),('WA70','2nd','M010','A051','2023-01-12 19:43:47'),('WA70','3rd','M010','A051','2023-01-12 19:43:47'),('WA70','4th','M010','A051','2023-01-12 19:43:47'),('WA90','1st','M032','A051','2022-06-27 04:03:20'),('WA90','2nd','M010','A051','2022-06-27 04:03:20'),('WA90','3rd','M010','A051','2022-06-27 04:03:20'),('WA90','4th','M010','A051','2022-06-27 04:03:20'),('WA70','1st','M028','A052','2022-12-19 00:09:07'),('WA70','2nd','M010','A052','2022-12-19 00:09:07'),('WA70','3rd','M010','A052','2022-12-19 00:09:07'),('WA70','4th','M010','A052','2022-12-19 00:09:07'),('WA90','1st','M032','A052','2022-02-11 01:59:37'),('WA90','1st','M032','A052','2022-03-23 19:57:13'),('WA90','1st','M032','A052','2023-01-30 03:10:56'),('WA90','1st','M032','A052','2023-05-20 04:59:36'),('WA90','2nd','M010','A052','2022-02-11 01:59:37'),('WA90','2nd','M010','A052','2022-03-23 19:57:13'),('WA90','2nd','M010','A052','2023-01-30 03:10:56'),('WA90','2nd','M010','A052','2023-05-20 04:59:36'),('WA90','3rd','M010','A052','2022-02-11 01:59:37'),('WA90','3rd','M010','A052','2022-03-23 19:57:13'),('WA90','3rd','M010','A052','2023-01-30 03:10:56'),('WA90','3rd','M010','A052','2023-05-20 04:59:36'),('WA90','4th','M010','A052','2022-02-11 01:59:37'),('WA90','4th','M010','A052','2022-03-23 19:57:13'),('WA90','4th','M010','A052','2023-01-30 03:10:56'),('WA90','4th','M010','A052','2023-05-20 04:59:36'),('AA40','1st','M016','A053','2022-02-17 09:21:36'),('AA40','1st','M016','A053','2023-05-15 17:11:00'),('AA40','2nd','M006','A053','2022-02-17 09:21:36'),('AA40','2nd','M006','A053','2023-05-15 17:11:00'),('AA40','3rd','M006','A053','2022-02-17 09:21:36'),('AA40','3rd','M006','A053','2023-05-15 17:11:00'),('AA40','4th','M006','A053','2022-02-17 09:21:36'),('AA40','4th','M006','A053','2023-05-15 17:11:00'),('WA60','1st','M024','A053','2021-06-19 21:06:21'),('WA60','2nd','M010','A053','2021-06-19 21:06:21'),('WA60','3rd','M010','A053','2021-06-19 21:06:21'),('WA60','4th','M010','A053','2021-06-19 21:06:21'),('WA90','1st','M032','A053','2021-11-10 08:08:44'),('WA90','1st','M032','A053','2021-12-15 11:23:52'),('WA90','1st','M032','A053','2022-03-06 09:05:03'),('WA90','2nd','M010','A053','2021-11-10 08:08:44'),('WA90','2nd','M010','A053','2021-12-15 11:23:52'),('WA90','2nd','M010','A053','2022-03-06 09:05:03'),('WA90','3rd','M010','A053','2021-11-10 08:08:44'),('WA90','3rd','M010','A053','2021-12-15 11:23:52'),('WA90','3rd','M010','A053','2022-03-06 09:05:03'),('WA90','4th','M010','A053','2021-11-10 08:08:44'),('WA90','4th','M010','A053','2021-12-15 11:23:52'),('WA90','4th','M010','A053','2022-03-06 09:05:03'),('WA60','1st','M024','A054','2022-03-06 11:49:45'),('WA60','2nd','M010','A054','2022-03-06 11:49:45'),('WA60','3rd','M010','A054','2022-03-06 11:49:45'),('WA60','4th','M010','A054','2022-03-06 11:49:45'),('WA70','1st','M028','A054','2022-03-16 23:37:55'),('WA70','2nd','M010','A054','2022-03-16 23:37:55'),('WA70','3rd','M010','A054','2022-03-16 23:37:55'),('WA70','4th','M010','A054','2022-03-16 23:37:55'),('AA40','1st','M016','A055','2022-11-25 07:06:51'),('AA40','2nd','M006','A055','2022-11-25 07:06:51'),('AA40','3rd','M006','A055','2022-11-25 07:06:51'),('AA40','4th','M006','A055','2022-11-25 07:06:51'),('AA40','1st','M016','A056','2022-08-08 14:51:31'),('AA40','2nd','M006','A056','2022-08-08 14:51:31'),('AA40','3rd','M006','A056','2022-08-08 14:51:31'),('AA40','4th','M006','A056','2022-08-08 14:51:31'),('AA50','1st','M020','A056','2021-07-20 17:41:25'),('AA50','2nd','M006','A056','2021-07-20 17:41:25'),('AA50','3rd','M006','A056','2021-07-20 17:41:25'),('AA50','4th','M006','A056','2021-07-20 17:41:25'),('WA60','1st','M024','A056','2021-08-24 00:04:47'),('WA60','1st','M024','A056','2022-08-16 17:43:59'),('WA60','2nd','M010','A056','2021-08-24 00:04:47'),('WA60','2nd','M010','A056','2022-08-16 17:43:59'),('WA60','3rd','M010','A056','2021-08-24 00:04:47'),('WA60','3rd','M010','A056','2022-08-16 17:43:59'),('WA60','4th','M010','A056','2021-08-24 00:04:47'),('WA60','4th','M010','A056','2022-08-16 17:43:59'),('AA50','1st','M020','A057','2022-01-24 02:30:58'),('AA50','1st','M020','A057','2022-04-27 16:31:04'),('AA50','2nd','M006','A057','2022-01-24 02:30:58'),('AA50','2nd','M006','A057','2022-04-27 16:31:04'),('AA50','3rd','M006','A057','2022-01-24 02:30:58'),('AA50','3rd','M006','A057','2022-04-27 16:31:04'),('AA50','4th','M006','A057','2022-01-24 02:30:58'),('AA50','4th','M006','A057','2022-04-27 16:31:04'),('WA90','1st','M032','A057','2021-09-25 11:34:14'),('WA90','2nd','M010','A057','2021-09-25 11:34:14'),('WA90','3rd','M010','A057','2021-09-25 11:34:14'),('WA90','4th','M010','A057','2021-09-25 11:34:14'),('AA50','1st','M020','A058','2021-12-11 03:41:15'),('AA50','1st','M020','A058','2022-07-01 14:46:08'),('AA50','2nd','M006','A058','2021-12-11 03:41:15'),('AA50','2nd','M006','A058','2022-07-01 14:46:08'),('AA50','3rd','M006','A058','2021-12-11 03:41:15'),('AA50','3rd','M006','A058','2022-07-01 14:46:08'),('AA50','4th','M006','A058','2021-12-11 03:41:15'),('AA50','4th','M006','A058','2022-07-01 14:46:08'),('WA70','1st','M028','A058','2022-02-12 00:21:43'),('WA70','2nd','M010','A058','2022-02-12 00:21:43'),('WA70','3rd','M010','A058','2022-02-12 00:21:43'),('WA70','4th','M010','A058','2022-02-12 00:21:43'),('AA50','1st','M020','A059','2021-04-27 23:24:31'),('AA50','1st','M020','A059','2023-04-27 00:37:26'),('AA50','2nd','M006','A059','2021-04-27 23:24:31'),('AA50','2nd','M006','A059','2023-04-27 00:37:26'),('AA50','3rd','M006','A059','2021-04-27 23:24:31'),('AA50','3rd','M006','A059','2023-04-27 00:37:26'),('AA50','4th','M006','A059','2021-04-27 23:24:31'),('AA50','4th','M006','A059','2023-04-27 00:37:26'),('WA60','1st','M024','A059','2022-07-05 01:47:29'),('WA60','1st','M024','A059','2022-11-21 01:44:14'),('WA60','2nd','M010','A059','2022-07-05 01:47:29'),('WA60','2nd','M010','A059','2022-11-21 01:44:14'),('WA60','3rd','M010','A059','2022-07-05 01:47:29'),('WA60','3rd','M010','A059','2022-11-21 01:44:14'),('WA60','4th','M010','A059','2022-07-05 01:47:29'),('WA60','4th','M010','A059','2022-11-21 01:44:14'),('AA40','1st','M016','A060','2021-09-21 01:46:44'),('AA40','1st','M016','A060','2022-05-17 05:46:22'),('AA40','2nd','M006','A060','2021-09-21 01:46:44'),('AA40','2nd','M006','A060','2022-05-17 05:46:22'),('AA40','3rd','M006','A060','2021-09-21 01:46:44'),('AA40','3rd','M006','A060','2022-05-17 05:46:22'),('AA40','4th','M006','A060','2021-09-21 01:46:44'),('AA40','4th','M006','A060','2022-05-17 05:46:22'),('WA60','1st','M024','A060','2022-11-21 01:44:14'),('WA60','1st','M024','A060','2023-05-31 10:06:11'),('WA60','2nd','M010','A060','2022-11-21 01:44:14'),('WA60','2nd','M010','A060','2023-05-31 10:06:11'),('WA60','3rd','M010','A060','2022-11-21 01:44:14'),('WA60','3rd','M010','A060','2023-05-31 10:06:11'),('WA60','4th','M010','A060','2022-11-21 01:44:14'),('WA60','4th','M010','A060','2023-05-31 10:06:11'),('WA70','1st','M028','A060','2021-04-12 19:31:05'),('WA70','2nd','M010','A060','2021-04-12 19:31:05'),('WA70','3rd','M010','A060','2021-04-12 19:31:05'),('WA70','4th','M010','A060','2021-04-12 19:31:05'),('WA90','1st','M032','A060','2022-03-09 13:07:37'),('WA90','2nd','M010','A060','2022-03-09 13:07:37'),('WA90','3rd','M010','A060','2022-03-09 13:07:37'),('WA90','4th','M010','A060','2022-03-09 13:07:37'),('AA40','1st','M016','A061','2021-02-25 04:29:28'),('AA40','1st','M016','A061','2022-02-19 08:48:40'),('AA40','2nd','M006','A061','2021-02-25 04:29:28'),('AA40','2nd','M006','A061','2022-02-19 08:48:40'),('AA40','3rd','M006','A061','2021-02-25 04:29:28'),('AA40','3rd','M006','A061','2022-02-19 08:48:40'),('AA40','4th','M006','A061','2021-02-25 04:29:28'),('AA40','4th','M006','A061','2022-02-19 08:48:40'),('AA50','1st','M020','A061','2021-04-27 23:24:30'),('AA50','1st','M020','A061','2021-04-27 23:24:31'),('AA50','2nd','M006','A061','2021-04-27 23:24:30'),('AA50','2nd','M006','A061','2021-04-27 23:24:31'),('AA50','3rd','M006','A061','2021-04-27 23:24:30'),('AA50','3rd','M006','A061','2021-04-27 23:24:31'),('AA50','4th','M006','A061','2021-04-27 23:24:30'),('AA50','4th','M006','A061','2021-04-27 23:24:31'),('WA60','1st','M024','A061','2022-02-01 07:38:57'),('WA60','1st','M024','A061','2022-05-22 08:33:42'),('WA60','1st','M024','A061','2022-06-17 18:26:09'),('WA60','2nd','M010','A061','2022-02-01 07:38:57'),('WA60','2nd','M010','A061','2022-05-22 08:33:42'),('WA60','2nd','M010','A061','2022-06-17 18:26:09'),('WA60','3rd','M010','A061','2022-02-01 07:38:57'),('WA60','3rd','M010','A061','2022-05-22 08:33:42'),('WA60','3rd','M010','A061','2022-06-17 18:26:09'),('WA60','4th','M010','A061','2022-02-01 07:38:57'),('WA60','4th','M010','A061','2022-05-22 08:33:42'),('WA60','4th','M010','A061','2022-06-17 18:26:09'),('WA70','1st','M028','A061','2023-02-09 22:55:11'),('WA70','2nd','M010','A061','2023-02-09 22:55:11'),('WA70','3rd','M010','A061','2023-02-09 22:55:11'),('WA70','4th','M010','A061','2023-02-09 22:55:11'),('AA40','1st','M016','A062','2021-12-26 04:39:48'),('AA40','2nd','M006','A062','2021-12-26 04:39:48'),('AA40','3rd','M006','A062','2021-12-26 04:39:48'),('AA40','4th','M006','A062','2021-12-26 04:39:48'),('AA50','1st','M020','A062','2021-12-11 03:41:15'),('AA50','2nd','M006','A062','2021-12-11 03:41:15'),('AA50','3rd','M006','A062','2021-12-11 03:41:15'),('AA50','4th','M006','A062','2021-12-11 03:41:15'),('WA60','1st','M024','A063','2022-07-05 01:47:29'),('WA60','2nd','M010','A063','2022-07-05 01:47:29'),('WA60','3rd','M010','A063','2022-07-05 01:47:29'),('WA60','4th','M010','A063','2022-07-05 01:47:29'),('WA70','1st','M028','A063','2021-12-04 05:15:14'),('WA70','2nd','M010','A063','2021-12-04 05:15:14'),('WA70','3rd','M010','A063','2021-12-04 05:15:14'),('WA70','4th','M010','A063','2021-12-04 05:15:14'),('AA40','1st','M016','A064','2023-05-21 11:27:46'),('AA40','2nd','M006','A064','2023-05-21 11:27:46'),('AA40','3rd','M006','A064','2023-05-21 11:27:46'),('AA40','4th','M006','A064','2023-05-21 11:27:46'),('AA40','1st','M016','A065','2021-05-21 15:10:11'),('AA40','2nd','M006','A065','2021-05-21 15:10:11'),('AA40','3rd','M006','A065','2021-05-21 15:10:11'),('AA40','4th','M006','A065','2021-05-21 15:10:11'),('WA60','1st','M024','A065','2021-08-16 06:19:51'),('WA60','1st','M024','A065','2023-06-19 16:41:01'),('WA60','2nd','M010','A065','2021-08-16 06:19:51'),('WA60','2nd','M010','A065','2023-06-19 16:41:01'),('WA60','3rd','M010','A065','2021-08-16 06:19:51'),('WA60','3rd','M010','A065','2023-06-19 16:41:01'),('WA60','4th','M010','A065','2021-08-16 06:19:51'),('WA60','4th','M010','A065','2023-06-19 16:41:01'),('WA70','1st','M028','A065','2022-06-08 22:11:30'),('WA70','2nd','M010','A065','2022-06-08 22:11:30'),('WA70','3rd','M010','A065','2022-06-08 22:11:30'),('WA70','4th','M010','A065','2022-06-08 22:11:30'),('AA40','1st','M016','A066','2021-12-26 04:39:48'),('AA40','1st','M016','A066','2022-12-12 08:42:48'),('AA40','2nd','M006','A066','2021-12-26 04:39:48'),('AA40','2nd','M006','A066','2022-12-12 08:42:48'),('AA40','3rd','M006','A066','2021-12-26 04:39:48'),('AA40','3rd','M006','A066','2022-12-12 08:42:48'),('AA40','4th','M006','A066','2021-12-26 04:39:48'),('AA40','4th','M006','A066','2022-12-12 08:42:48'),('WA70','1st','M028','A066','2022-03-16 23:37:55'),('WA70','1st','M028','A066','2022-06-08 22:11:30'),('WA70','2nd','M010','A066','2022-03-16 23:37:55'),('WA70','2nd','M010','A066','2022-06-08 22:11:30'),('WA70','3rd','M010','A066','2022-03-16 23:37:55'),('WA70','3rd','M010','A066','2022-06-08 22:11:30'),('WA70','4th','M010','A066','2022-03-16 23:37:55'),('WA70','4th','M010','A066','2022-06-08 22:11:30'),('WA90','1st','M032','A066','2021-12-21 04:53:41'),('WA90','1st','M032','A066','2023-02-03 11:47:39'),('WA90','2nd','M010','A066','2021-12-21 04:53:41'),('WA90','2nd','M010','A066','2023-02-03 11:47:39'),('WA90','3rd','M010','A066','2021-12-21 04:53:41'),('WA90','3rd','M010','A066','2023-02-03 11:47:39'),('WA90','4th','M010','A066','2021-12-21 04:53:41'),('WA90','4th','M010','A066','2023-02-03 11:47:39'),('AA40','1st','M016','A067','2022-01-28 09:11:33'),('AA40','2nd','M006','A067','2022-01-28 09:11:33'),('AA40','3rd','M006','A067','2022-01-28 09:11:33'),('AA40','4th','M006','A067','2022-01-28 09:11:33'),('WA90','1st','M032','A067','2021-05-20 01:16:19'),('WA90','1st','M032','A067','2022-07-19 10:58:53'),('WA90','2nd','M010','A067','2021-05-20 01:16:19'),('WA90','2nd','M010','A067','2022-07-19 10:58:53'),('WA90','3rd','M010','A067','2021-05-20 01:16:19'),('WA90','3rd','M010','A067','2022-07-19 10:58:53'),('WA90','4th','M010','A067','2021-05-20 01:16:19'),('WA90','4th','M010','A067','2022-07-19 10:58:53'),('AA40','1st','M016','A068','2021-04-26 14:09:28'),('AA40','1st','M016','A068','2022-10-02 18:22:35'),('AA40','2nd','M006','A068','2021-04-26 14:09:28'),('AA40','2nd','M006','A068','2022-10-02 18:22:35'),('AA40','3rd','M006','A068','2021-04-26 14:09:28'),('AA40','3rd','M006','A068','2022-10-02 18:22:35'),('AA40','4th','M006','A068','2021-04-26 14:09:28'),('AA40','4th','M006','A068','2022-10-02 18:22:35'),('WA90','1st','M032','A068','2022-03-09 13:07:37'),('WA90','2nd','M010','A068','2022-03-09 13:07:37'),('WA90','3rd','M010','A068','2022-03-09 13:07:37'),('WA90','4th','M010','A068','2022-03-09 13:07:37'),('AA50','1st','M020','A069','2022-01-15 10:29:14'),('AA50','2nd','M006','A069','2022-01-15 10:29:14'),('AA50','3rd','M006','A069','2022-01-15 10:29:14'),('AA50','4th','M006','A069','2022-01-15 10:29:14'),('AA50','1st','M020','A070','2022-10-17 15:33:58'),('AA50','2nd','M006','A070','2022-10-17 15:33:58'),('AA50','3rd','M006','A070','2022-10-17 15:33:58'),('AA50','4th','M006','A070','2022-10-17 15:33:58'),('WA60','1st','M024','A070','2022-10-01 15:23:51'),('WA60','1st','M024','A070','2022-12-22 03:41:18'),('WA60','2nd','M010','A070','2022-10-01 15:23:51'),('WA60','2nd','M010','A070','2022-12-22 03:41:18'),('WA60','3rd','M010','A070','2022-10-01 15:23:51'),('WA60','3rd','M010','A070','2022-12-22 03:41:18'),('WA60','4th','M010','A070','2022-10-01 15:23:51'),('WA60','4th','M010','A070','2022-12-22 03:41:18'),('WA70','1st','M028','A070','2023-03-12 04:21:17'),('WA70','2nd','M010','A070','2023-03-12 04:21:17'),('WA70','3rd','M010','A070','2023-03-12 04:21:17'),('WA70','4th','M010','A070','2023-03-12 04:21:17'),('AA40','1st','M016','A071','2022-02-03 15:32:27'),('AA40','2nd','M006','A071','2022-02-03 15:32:27'),('AA40','3rd','M006','A071','2022-02-03 15:32:27'),('AA40','4th','M006','A071','2022-02-03 15:32:27'),('AA50','1st','M020','A071','2021-07-20 17:41:25'),('AA50','1st','M020','A071','2022-07-01 14:46:08'),('AA50','2nd','M006','A071','2021-07-20 17:41:25'),('AA50','2nd','M006','A071','2022-07-01 14:46:08'),('AA50','3rd','M006','A071','2021-07-20 17:41:25'),('AA50','3rd','M006','A071','2022-07-01 14:46:08'),('AA50','4th','M006','A071','2021-07-20 17:41:25'),('AA50','4th','M006','A071','2022-07-01 14:46:08'),('WA60','1st','M024','A071','2023-03-03 18:46:47'),('WA60','2nd','M010','A071','2023-03-03 18:46:47'),('WA60','3rd','M010','A071','2023-03-03 18:46:47'),('WA60','4th','M010','A071','2023-03-03 18:46:47'),('WA70','1st','M028','A071','2022-11-18 12:24:39'),('WA70','2nd','M010','A071','2022-11-18 12:24:39'),('WA70','3rd','M010','A071','2022-11-18 12:24:39'),('WA70','4th','M010','A071','2022-11-18 12:24:39'),('AA40','1st','M016','A072','2021-10-03 16:55:25'),('AA40','2nd','M006','A072','2021-10-03 16:55:25'),('AA40','3rd','M006','A072','2021-10-03 16:55:25'),('AA40','4th','M006','A072','2021-10-03 16:55:25'),('AA50','1st','M020','A072','2023-01-25 00:59:28'),('AA50','2nd','M006','A072','2023-01-25 00:59:28'),('AA50','3rd','M006','A072','2023-01-25 00:59:28'),('AA50','4th','M006','A072','2023-01-25 00:59:28'),('WA70','1st','M028','A072','2022-09-23 10:17:33'),('WA70','2nd','M010','A072','2022-09-23 10:17:33'),('WA70','3rd','M010','A072','2022-09-23 10:17:33'),('WA70','4th','M010','A072','2022-09-23 10:17:33'),('AA40','1st','M016','A073','2021-06-05 06:38:15'),('AA40','2nd','M006','A073','2021-06-05 06:38:15'),('AA40','3rd','M006','A073','2021-06-05 06:38:15'),('AA40','4th','M006','A073','2021-06-05 06:38:15'),('AA50','1st','M020','A073','2023-02-23 16:42:01'),('AA50','2nd','M006','A073','2023-02-23 16:42:01'),('AA50','3rd','M006','A073','2023-02-23 16:42:01'),('AA50','4th','M006','A073','2023-02-23 16:42:01'),('WA60','1st','M024','A073','2022-05-28 13:16:30'),('WA60','1st','M024','A073','2023-03-05 03:57:53'),('WA60','2nd','M010','A073','2022-05-28 13:16:30'),('WA60','2nd','M010','A073','2023-03-05 03:57:53'),('WA60','3rd','M010','A073','2022-05-28 13:16:30'),('WA60','3rd','M010','A073','2023-03-05 03:57:53'),('WA60','4th','M010','A073','2022-05-28 13:16:30'),('WA60','4th','M010','A073','2023-03-05 03:57:53'),('WA90','1st','M032','A073','2023-05-03 13:07:05'),('WA90','2nd','M010','A073','2023-05-03 13:07:05'),('WA90','3rd','M010','A073','2023-05-03 13:07:05'),('WA90','4th','M010','A073','2023-05-03 13:07:05'),('AA50','1st','M020','A074','2021-10-25 07:55:58'),('AA50','2nd','M006','A074','2021-10-25 07:55:58'),('AA50','3rd','M006','A074','2021-10-25 07:55:58'),('AA50','4th','M006','A074','2021-10-25 07:55:58'),('WA70','1st','M028','A074','2023-06-11 15:57:30'),('WA70','2nd','M010','A074','2023-06-11 15:57:30'),('WA70','3rd','M010','A074','2023-06-11 15:57:30'),('WA70','4th','M010','A074','2023-06-11 15:57:30'),('WA90','1st','M032','A074','2023-02-28 12:25:30'),('WA90','2nd','M010','A074','2023-02-28 12:25:30'),('WA90','3rd','M010','A074','2023-02-28 12:25:30'),('WA90','4th','M010','A074','2023-02-28 12:25:30'),('AA40','1st','M016','A075','2021-04-02 22:41:07'),('AA40','1st','M016','A075','2021-05-21 15:10:11'),('AA40','2nd','M006','A075','2021-04-02 22:41:07'),('AA40','2nd','M006','A075','2021-05-21 15:10:11'),('AA40','3rd','M006','A075','2021-04-02 22:41:07'),('AA40','3rd','M006','A075','2021-05-21 15:10:11'),('AA40','4th','M006','A075','2021-04-02 22:41:07'),('AA40','4th','M006','A075','2021-05-21 15:10:11'),('AA50','1st','M020','A075','2021-02-19 16:27:51'),('AA50','2nd','M006','A075','2021-02-19 16:27:51'),('AA50','3rd','M006','A075','2021-02-19 16:27:51'),('AA50','4th','M006','A075','2021-02-19 16:27:51'),('WA60','1st','M024','A075','2021-12-30 05:49:50'),('WA60','2nd','M010','A075','2021-12-30 05:49:50'),('WA60','3rd','M010','A075','2021-12-30 05:49:50'),('WA60','4th','M010','A075','2021-12-30 05:49:50'),('WA70','1st','M028','A075','2022-07-30 14:09:03'),('WA70','1st','M028','A075','2023-03-27 02:42:50'),('WA70','2nd','M010','A075','2022-07-30 14:09:03'),('WA70','2nd','M010','A075','2023-03-27 02:42:50'),('WA70','3rd','M010','A075','2022-07-30 14:09:03'),('WA70','3rd','M010','A075','2023-03-27 02:42:50'),('WA70','4th','M010','A075','2022-07-30 14:09:03'),('WA70','4th','M010','A075','2023-03-27 02:42:50'),('AA40','1st','M016','A076','2022-05-17 05:46:22'),('AA40','1st','M016','A076','2022-08-08 14:51:31'),('AA40','2nd','M006','A076','2022-05-17 05:46:22'),('AA40','2nd','M006','A076','2022-08-08 14:51:31'),('AA40','3rd','M006','A076','2022-05-17 05:46:22'),('AA40','3rd','M006','A076','2022-08-08 14:51:31'),('AA40','4th','M006','A076','2022-05-17 05:46:22'),('AA40','4th','M006','A076','2022-08-08 14:51:31'),('AA50','1st','M020','A076','2021-08-27 23:28:19'),('AA50','2nd','M006','A076','2021-08-27 23:28:19'),('AA50','3rd','M006','A076','2021-08-27 23:28:19'),('AA50','4th','M006','A076','2021-08-27 23:28:19'),('AA40','1st','M016','A077','2022-02-19 08:48:40'),('AA40','2nd','M006','A077','2022-02-19 08:48:40'),('AA40','3rd','M006','A077','2022-02-19 08:48:40'),('AA40','4th','M006','A077','2022-02-19 08:48:40'),('AA50','1st','M020','A077','2021-10-25 07:55:58'),('AA50','1st','M020','A077','2022-02-11 05:33:02'),('AA50','2nd','M006','A077','2021-10-25 07:55:58'),('AA50','2nd','M006','A077','2022-02-11 05:33:02'),('AA50','3rd','M006','A077','2021-10-25 07:55:58'),('AA50','3rd','M006','A077','2022-02-11 05:33:02'),('AA50','4th','M006','A077','2021-10-25 07:55:58'),('AA50','4th','M006','A077','2022-02-11 05:33:02'),('WA70','1st','M028','A077','2022-05-15 05:06:09'),('WA70','2nd','M010','A077','2022-05-15 05:06:09'),('WA70','3rd','M010','A077','2022-05-15 05:06:09'),('WA70','4th','M010','A077','2022-05-15 05:06:09'),('AA40','1st','M016','A078','2021-03-03 14:03:33'),('AA40','2nd','M006','A078','2021-03-03 14:03:33'),('AA40','3rd','M006','A078','2021-03-03 14:03:33'),('AA40','4th','M006','A078','2021-03-03 14:03:33'),('WA70','1st','M028','A078','2023-03-12 04:21:17'),('WA70','2nd','M010','A078','2023-03-12 04:21:17'),('WA70','3rd','M010','A078','2023-03-12 04:21:17'),('WA70','4th','M010','A078','2023-03-12 04:21:17'),('WA60','1st','M024','A079','2021-03-15 00:45:41'),('WA60','1st','M024','A079','2021-12-25 09:53:37'),('WA60','2nd','M010','A079','2021-03-15 00:45:41'),('WA60','2nd','M010','A079','2021-12-25 09:53:37'),('WA60','3rd','M010','A079','2021-03-15 00:45:41'),('WA60','3rd','M010','A079','2021-12-25 09:53:37'),('WA60','4th','M010','A079','2021-03-15 00:45:41'),('WA60','4th','M010','A079','2021-12-25 09:53:37'),('WA70','1st','M028','A079','2022-11-29 14:08:54'),('WA70','1st','M028','A079','2023-06-04 14:55:05'),('WA70','2nd','M010','A079','2022-11-29 14:08:54'),('WA70','2nd','M010','A079','2023-06-04 14:55:05'),('WA70','3rd','M010','A079','2022-11-29 14:08:54'),('WA70','3rd','M010','A079','2023-06-04 14:55:05'),('WA70','4th','M010','A079','2022-11-29 14:08:54'),('WA70','4th','M010','A079','2023-06-04 14:55:05'),('WA90','1st','M032','A079','2022-02-10 15:36:52'),('WA90','2nd','M010','A079','2022-02-10 15:36:52'),('WA90','3rd','M010','A079','2022-02-10 15:36:52'),('WA90','4th','M010','A079','2022-02-10 15:36:52'),('AA40','1st','M016','A080','2022-08-08 14:51:31'),('AA40','2nd','M006','A080','2022-08-08 14:51:31'),('AA40','3rd','M006','A080','2022-08-08 14:51:31'),('AA40','4th','M006','A080','2022-08-08 14:51:31'),('WA60','1st','M024','A080','2021-12-30 05:49:50'),('WA60','1st','M024','A080','2022-02-05 08:50:49'),('WA60','2nd','M010','A080','2021-12-30 05:49:50'),('WA60','2nd','M010','A080','2022-02-05 08:50:49'),('WA60','3rd','M010','A080','2021-12-30 05:49:50'),('WA60','3rd','M010','A080','2022-02-05 08:50:49'),('WA60','4th','M010','A080','2021-12-30 05:49:50'),('WA60','4th','M010','A080','2022-02-05 08:50:49'),('WA70','1st','M028','A080','2022-04-06 07:32:33'),('WA70','1st','M028','A080','2022-12-05 21:06:23'),('WA70','2nd','M010','A080','2022-04-06 07:32:33'),('WA70','2nd','M010','A080','2022-12-05 21:06:23'),('WA70','3rd','M010','A080','2022-04-06 07:32:33'),('WA70','3rd','M010','A080','2022-12-05 21:06:23'),('WA70','4th','M010','A080','2022-04-06 07:32:33'),('WA70','4th','M010','A080','2022-12-05 21:06:23'),('WA90','1st','M032','A080','2021-12-24 16:46:25'),('WA90','2nd','M010','A080','2021-12-24 16:46:25'),('WA90','3rd','M010','A080','2021-12-24 16:46:25'),('WA90','4th','M010','A080','2021-12-24 16:46:25'),('WA70','1st','M028','A081','2022-03-16 23:37:55'),('WA70','2nd','M010','A081','2022-03-16 23:37:55'),('WA70','3rd','M010','A081','2022-03-16 23:37:55'),('WA70','4th','M010','A081','2022-03-16 23:37:55'),('WA90','1st','M032','A081','2021-12-24 20:09:49'),('WA90','1st','M032','A081','2023-06-11 14:53:57'),('WA90','2nd','M010','A081','2021-12-24 20:09:49'),('WA90','2nd','M010','A081','2023-06-11 14:53:57'),('WA90','3rd','M010','A081','2021-12-24 20:09:49'),('WA90','3rd','M010','A081','2023-06-11 14:53:57'),('WA90','4th','M010','A081','2021-12-24 20:09:49'),('WA90','4th','M010','A081','2023-06-11 14:53:57'),('AA40','1st','M016','A082','2022-05-17 05:46:22'),('AA40','2nd','M006','A082','2022-05-17 05:46:22'),('AA40','3rd','M006','A082','2022-05-17 05:46:22'),('AA40','4th','M006','A082','2022-05-17 05:46:22'),('AA50','1st','M020','A082','2023-02-23 16:42:01'),('AA50','2nd','M006','A082','2023-02-23 16:42:01'),('AA50','3rd','M006','A082','2023-02-23 16:42:01'),('AA50','4th','M006','A082','2023-02-23 16:42:01'),('WA60','1st','M024','A082','2021-11-02 00:40:30'),('WA60','1st','M024','A082','2022-05-23 12:34:51'),('WA60','2nd','M010','A082','2021-11-02 00:40:30'),('WA60','2nd','M010','A082','2022-05-23 12:34:51'),('WA60','3rd','M010','A082','2021-11-02 00:40:30'),('WA60','3rd','M010','A082','2022-05-23 12:34:51'),('WA60','4th','M010','A082','2021-11-02 00:40:30'),('WA60','4th','M010','A082','2022-05-23 12:34:51'),('WA90','1st','M032','A082','2023-04-16 12:05:50'),('WA90','2nd','M010','A082','2023-04-16 12:05:50'),('WA90','3rd','M010','A082','2023-04-16 12:05:50'),('WA90','4th','M010','A082','2023-04-16 12:05:50'),('AA40','1st','M016','A083','2022-01-28 09:11:33'),('AA40','1st','M016','A083','2022-02-17 09:21:36'),('AA40','2nd','M006','A083','2022-01-28 09:11:33'),('AA40','2nd','M006','A083','2022-02-17 09:21:36'),('AA40','3rd','M006','A083','2022-01-28 09:11:33'),('AA40','3rd','M006','A083','2022-02-17 09:21:36'),('AA40','4th','M006','A083','2022-01-28 09:11:33'),('AA40','4th','M006','A083','2022-02-17 09:21:36'),('AA50','1st','M020','A083','2022-09-12 21:54:05'),('AA50','2nd','M006','A083','2022-09-12 21:54:05'),('AA50','3rd','M006','A083','2022-09-12 21:54:05'),('AA50','4th','M006','A083','2022-09-12 21:54:05'),('AA50','1st','M020','A084','2022-09-12 21:54:05'),('AA50','2nd','M006','A084','2022-09-12 21:54:05'),('AA50','3rd','M006','A084','2022-09-12 21:54:05'),('AA50','4th','M006','A084','2022-09-12 21:54:05'),('WA60','1st','M024','A084','2021-11-11 23:41:00'),('WA60','1st','M024','A084','2022-12-22 03:41:18'),('WA60','2nd','M010','A084','2021-11-11 23:41:00'),('WA60','2nd','M010','A084','2022-12-22 03:41:18'),('WA60','3rd','M010','A084','2021-11-11 23:41:00'),('WA60','3rd','M010','A084','2022-12-22 03:41:18'),('WA60','4th','M010','A084','2021-11-11 23:41:00'),('WA60','4th','M010','A084','2022-12-22 03:41:18'),('AA50','1st','M020','A085','2021-06-09 02:23:35'),('AA50','1st','M020','A085','2023-06-13 09:54:09'),('AA50','2nd','M006','A085','2021-06-09 02:23:35'),('AA50','2nd','M006','A085','2023-06-13 09:54:09'),('AA50','3rd','M006','A085','2021-06-09 02:23:35'),('AA50','3rd','M006','A085','2023-06-13 09:54:09'),('AA50','4th','M006','A085','2021-06-09 02:23:35'),('AA50','4th','M006','A085','2023-06-13 09:54:09'),('WA60','1st','M024','A085','2023-03-03 18:46:47'),('WA60','2nd','M010','A085','2023-03-03 18:46:47'),('WA60','3rd','M010','A085','2023-03-03 18:46:47'),('WA60','4th','M010','A085','2023-03-03 18:46:47'),('AA40','1st','M016','A086','2023-02-01 23:32:09'),('AA40','2nd','M006','A086','2023-02-01 23:32:09'),('AA40','3rd','M006','A086','2023-02-01 23:32:09'),('AA40','4th','M006','A086','2023-02-01 23:32:09'),('WA70','1st','M028','A086','2021-11-21 17:39:33'),('WA70','2nd','M010','A086','2021-11-21 17:39:33'),('WA70','3rd','M010','A086','2021-11-21 17:39:33'),('WA70','4th','M010','A086','2021-11-21 17:39:33'),('WA60','1st','M024','A087','2022-02-01 07:38:57'),('WA60','2nd','M010','A087','2022-02-01 07:38:57'),('WA60','3rd','M010','A087','2022-02-01 07:38:57'),('WA60','4th','M010','A087','2022-02-01 07:38:57'),('WA70','1st','M028','A087','2022-02-12 00:21:43'),('WA70','1st','M028','A087','2023-02-07 19:28:43'),('WA70','2nd','M010','A087','2022-02-12 00:21:43'),('WA70','2nd','M010','A087','2023-02-07 19:28:43'),('WA70','3rd','M010','A087','2022-02-12 00:21:43'),('WA70','3rd','M010','A087','2023-02-07 19:28:43'),('WA70','4th','M010','A087','2022-02-12 00:21:43'),('WA70','4th','M010','A087','2023-02-07 19:28:43'),('WA90','1st','M032','A087','2022-03-06 09:05:03'),('WA90','2nd','M010','A087','2022-03-06 09:05:03'),('WA90','3rd','M010','A087','2022-03-06 09:05:03'),('WA90','4th','M010','A087','2022-03-06 09:05:03'),('AA50','1st','M020','A088','2022-09-12 21:54:05'),('AA50','2nd','M006','A088','2022-09-12 21:54:05'),('AA50','3rd','M006','A088','2022-09-12 21:54:05'),('AA50','4th','M006','A088','2022-09-12 21:54:05'),('WA60','1st','M024','A088','2022-03-19 00:03:49'),('WA60','2nd','M010','A088','2022-03-19 00:03:49'),('WA60','3rd','M010','A088','2022-03-19 00:03:49'),('WA60','4th','M010','A088','2022-03-19 00:03:49'),('WA70','1st','M028','A088','2021-10-25 12:38:54'),('WA70','1st','M028','A088','2022-11-05 12:06:51'),('WA70','1st','M028','A088','2022-12-05 21:06:23'),('WA70','2nd','M010','A088','2021-10-25 12:38:54'),('WA70','2nd','M010','A088','2022-11-05 12:06:51'),('WA70','2nd','M010','A088','2022-12-05 21:06:23'),('WA70','3rd','M010','A088','2021-10-25 12:38:54'),('WA70','3rd','M010','A088','2022-11-05 12:06:51'),('WA70','3rd','M010','A088','2022-12-05 21:06:23'),('WA70','4th','M010','A088','2021-10-25 12:38:54'),('WA70','4th','M010','A088','2022-11-05 12:06:51'),('WA70','4th','M010','A088','2022-12-05 21:06:23'),('WA90','1st','M032','A088','2023-01-30 03:10:56'),('WA90','2nd','M010','A088','2023-01-30 03:10:56'),('WA90','3rd','M010','A088','2023-01-30 03:10:56'),('WA90','4th','M010','A088','2023-01-30 03:10:56'),('WA60','1st','M024','A089','2021-01-18 06:12:55'),('WA60','1st','M024','A089','2022-05-28 13:16:30'),('WA60','2nd','M010','A089','2021-01-18 06:12:55'),('WA60','2nd','M010','A089','2022-05-28 13:16:30'),('WA60','3rd','M010','A089','2021-01-18 06:12:55'),('WA60','3rd','M010','A089','2022-05-28 13:16:30'),('WA60','4th','M010','A089','2021-01-18 06:12:55'),('WA60','4th','M010','A089','2022-05-28 13:16:30'),('WA70','1st','M028','A089','2022-12-19 00:09:07'),('WA70','2nd','M010','A089','2022-12-19 00:09:07'),('WA70','3rd','M010','A089','2022-12-19 00:09:07'),('WA70','4th','M010','A089','2022-12-19 00:09:07'),('WA90','1st','M032','A089','2021-12-15 11:23:52'),('WA90','2nd','M010','A089','2021-12-15 11:23:52'),('WA90','3rd','M010','A089','2021-12-15 11:23:52'),('WA90','4th','M010','A089','2021-12-15 11:23:52'),('AA40','1st','M016','A090','2023-02-01 23:32:09'),('AA40','2nd','M006','A090','2023-02-01 23:32:09'),('AA40','3rd','M006','A090','2023-02-01 23:32:09'),('AA40','4th','M006','A090','2023-02-01 23:32:09'),('WA70','1st','M028','A090','2022-02-12 00:21:43'),('WA70','2nd','M010','A090','2022-02-12 00:21:43'),('WA70','3rd','M010','A090','2022-02-12 00:21:43'),('WA70','4th','M010','A090','2022-02-12 00:21:43'),('AA40','1st','M016','A091','2021-10-15 08:49:22'),('AA40','1st','M016','A091','2023-06-14 21:30:25'),('AA40','2nd','M006','A091','2021-10-15 08:49:22'),('AA40','2nd','M006','A091','2023-06-14 21:30:25'),('AA40','3rd','M006','A091','2021-10-15 08:49:22'),('AA40','3rd','M006','A091','2023-06-14 21:30:25'),('AA40','4th','M006','A091','2021-10-15 08:49:22'),('AA40','4th','M006','A091','2023-06-14 21:30:25'),('WA60','1st','M024','A091','2021-01-18 06:12:55'),('WA60','1st','M024','A091','2022-05-28 13:16:30'),('WA60','2nd','M010','A091','2021-01-18 06:12:55'),('WA60','2nd','M010','A091','2022-05-28 13:16:30'),('WA60','3rd','M010','A091','2021-01-18 06:12:55'),('WA60','3rd','M010','A091','2022-05-28 13:16:30'),('WA60','4th','M010','A091','2021-01-18 06:12:55'),('WA60','4th','M010','A091','2022-05-28 13:16:30'),('WA70','1st','M028','A091','2022-11-18 12:24:39'),('WA70','1st','M028','A091','2023-02-07 00:15:44'),('WA70','2nd','M010','A091','2022-11-18 12:24:39'),('WA70','2nd','M010','A091','2023-02-07 00:15:44'),('WA70','3rd','M010','A091','2022-11-18 12:24:39'),('WA70','3rd','M010','A091','2023-02-07 00:15:44'),('WA70','4th','M010','A091','2022-11-18 12:24:39'),('WA70','4th','M010','A091','2023-02-07 00:15:44'),('WA70','1st','M028','A092','2023-06-04 14:55:05'),('WA70','2nd','M010','A092','2023-06-04 14:55:05'),('WA70','3rd','M010','A092','2023-06-04 14:55:05'),('WA70','4th','M010','A092','2023-06-04 14:55:05'),('WA90','1st','M032','A092','2022-03-09 13:07:37'),('WA90','1st','M032','A092','2022-04-04 11:42:05'),('WA90','2nd','M010','A092','2022-03-09 13:07:37'),('WA90','2nd','M010','A092','2022-04-04 11:42:05'),('WA90','3rd','M010','A092','2022-03-09 13:07:37'),('WA90','3rd','M010','A092','2022-04-04 11:42:05'),('WA90','4th','M010','A092','2022-03-09 13:07:37'),('WA90','4th','M010','A092','2022-04-04 11:42:05'),('WA90','1st','M032','A093','2021-04-05 22:06:17'),('WA90','1st','M032','A093','2022-02-10 15:36:52'),('WA90','1st','M032','A093','2022-06-27 04:03:20'),('WA90','2nd','M010','A093','2021-04-05 22:06:17'),('WA90','2nd','M010','A093','2022-02-10 15:36:52'),('WA90','2nd','M010','A093','2022-06-27 04:03:20'),('WA90','3rd','M010','A093','2021-04-05 22:06:17'),('WA90','3rd','M010','A093','2022-02-10 15:36:52'),('WA90','3rd','M010','A093','2022-06-27 04:03:20'),('WA90','4th','M010','A093','2021-04-05 22:06:17'),('WA90','4th','M010','A093','2022-02-10 15:36:52'),('WA90','4th','M010','A093','2022-06-27 04:03:20'),('AA40','1st','M016','A094','2022-12-12 08:42:48'),('AA40','2nd','M006','A094','2022-12-12 08:42:48'),('AA40','3rd','M006','A094','2022-12-12 08:42:48'),('AA40','4th','M006','A094','2022-12-12 08:42:48'),('AA50','1st','M020','A094','2021-02-08 14:31:00'),('AA50','1st','M020','A094','2022-06-13 01:31:03'),('AA50','2nd','M006','A094','2021-02-08 14:31:00'),('AA50','2nd','M006','A094','2022-06-13 01:31:03'),('AA50','3rd','M006','A094','2021-02-08 14:31:00'),('AA50','3rd','M006','A094','2022-06-13 01:31:03'),('AA50','4th','M006','A094','2021-02-08 14:31:00'),('AA50','4th','M006','A094','2022-06-13 01:31:03'),('WA60','1st','M024','A094','2022-09-13 21:22:23'),('WA60','2nd','M010','A094','2022-09-13 21:22:23'),('WA60','3rd','M010','A094','2022-09-13 21:22:23'),('WA60','4th','M010','A094','2022-09-13 21:22:23'),('WA90','1st','M032','A094','2022-03-09 13:07:37'),('WA90','1st','M032','A094','2023-02-03 11:47:39'),('WA90','2nd','M010','A094','2022-03-09 13:07:37'),('WA90','2nd','M010','A094','2023-02-03 11:47:39'),('WA90','3rd','M010','A094','2022-03-09 13:07:37'),('WA90','3rd','M010','A094','2023-02-03 11:47:39'),('WA90','4th','M010','A094','2022-03-09 13:07:37'),('WA90','4th','M010','A094','2023-02-03 11:47:39'),('AA40','1st','M016','A095','2022-05-02 14:02:22'),('AA40','2nd','M006','A095','2022-05-02 14:02:22'),('AA40','3rd','M006','A095','2022-05-02 14:02:22'),('AA40','4th','M006','A095','2022-05-02 14:02:22'),('WA60','1st','M024','A095','2021-08-24 00:04:47'),('WA60','2nd','M010','A095','2021-08-24 00:04:47'),('WA60','3rd','M010','A095','2021-08-24 00:04:47'),('WA60','4th','M010','A095','2021-08-24 00:04:47'),('WA70','1st','M028','A095','2022-02-04 01:57:00'),('WA70','1st','M028','A095','2022-05-04 11:15:29'),('WA70','2nd','M010','A095','2022-02-04 01:57:00'),('WA70','2nd','M010','A095','2022-05-04 11:15:29'),('WA70','3rd','M010','A095','2022-02-04 01:57:00'),('WA70','3rd','M010','A095','2022-05-04 11:15:29'),('WA70','4th','M010','A095','2022-02-04 01:57:00'),('WA70','4th','M010','A095','2022-05-04 11:15:29'),('WA90','1st','M032','A095','2021-05-20 01:16:19'),('WA90','2nd','M010','A095','2021-05-20 01:16:19'),('WA90','3rd','M010','A095','2021-05-20 01:16:19'),('WA90','4th','M010','A095','2021-05-20 01:16:19'),('AA50','1st','M020','A096','2021-12-11 03:41:15'),('AA50','1st','M020','A096','2023-06-18 04:45:59'),('AA50','2nd','M006','A096','2021-12-11 03:41:15'),('AA50','2nd','M006','A096','2023-06-18 04:45:59'),('AA50','3rd','M006','A096','2021-12-11 03:41:15'),('AA50','3rd','M006','A096','2023-06-18 04:45:59'),('AA50','4th','M006','A096','2021-12-11 03:41:15'),('AA50','4th','M006','A096','2023-06-18 04:45:59'),('WA60','1st','M024','A096','2022-05-22 08:33:42'),('WA60','2nd','M010','A096','2022-05-22 08:33:42'),('WA60','3rd','M010','A096','2022-05-22 08:33:42'),('WA60','4th','M010','A096','2022-05-22 08:33:42'),('AA40','1st','M016','A097','2021-09-21 01:46:44'),('AA40','2nd','M006','A097','2021-09-21 01:46:44'),('AA40','3rd','M006','A097','2021-09-21 01:46:44'),('AA40','4th','M006','A097','2021-09-21 01:46:44'),('AA50','1st','M020','A097','2022-09-12 21:54:05'),('AA50','2nd','M006','A097','2022-09-12 21:54:05'),('AA50','3rd','M006','A097','2022-09-12 21:54:05'),('AA50','4th','M006','A097','2022-09-12 21:54:05'),('WA90','1st','M032','A097','2021-11-06 19:09:07'),('WA90','2nd','M010','A097','2021-11-06 19:09:07'),('WA90','3rd','M010','A097','2021-11-06 19:09:07'),('WA90','4th','M010','A097','2021-11-06 19:09:07'),('AA50','1st','M020','A098','2021-08-30 12:20:37'),('AA50','2nd','M006','A098','2021-08-30 12:20:37'),('AA50','3rd','M006','A098','2021-08-30 12:20:37'),('AA50','4th','M006','A098','2021-08-30 12:20:37'),('WA60','1st','M024','A098','2021-12-25 09:53:37'),('WA60','2nd','M010','A098','2021-12-25 09:53:37'),('WA60','3rd','M010','A098','2021-12-25 09:53:37'),('WA60','4th','M010','A098','2021-12-25 09:53:37'),('WA70','1st','M028','A098','2023-02-09 22:55:11'),('WA70','2nd','M010','A098','2023-02-09 22:55:11'),('WA70','3rd','M010','A098','2023-02-09 22:55:11'),('WA70','4th','M010','A098','2023-02-09 22:55:11'),('WA90','1st','M032','A098','2022-01-06 13:14:41'),('WA90','1st','M032','A098','2023-04-01 00:20:00'),('WA90','2nd','M010','A098','2022-01-06 13:14:41'),('WA90','2nd','M010','A098','2023-04-01 00:20:00'),('WA90','3rd','M010','A098','2022-01-06 13:14:41'),('WA90','3rd','M010','A098','2023-04-01 00:20:00'),('WA90','4th','M010','A098','2022-01-06 13:14:41'),('WA90','4th','M010','A098','2023-04-01 00:20:00'),('AA40','1st','M016','A099','2021-10-03 16:55:25'),('AA40','1st','M016','A099','2022-03-31 11:20:28'),('AA40','1st','M016','A099','2023-05-21 11:27:46'),('AA40','2nd','M006','A099','2021-10-03 16:55:25'),('AA40','2nd','M006','A099','2022-03-31 11:20:28'),('AA40','2nd','M006','A099','2023-05-21 11:27:46'),('AA40','3rd','M006','A099','2021-10-03 16:55:25'),('AA40','3rd','M006','A099','2022-03-31 11:20:28'),('AA40','3rd','M006','A099','2023-05-21 11:27:46'),('AA40','4th','M006','A099','2021-10-03 16:55:25'),('AA40','4th','M006','A099','2022-03-31 11:20:28'),('AA40','4th','M006','A099','2023-05-21 11:27:46'),('WA60','1st','M024','A099','2021-05-06 10:00:07'),('WA60','2nd','M010','A099','2021-05-06 10:00:07'),('WA60','3rd','M010','A099','2021-05-06 10:00:07'),('WA60','4th','M010','A099','2021-05-06 10:00:07'),('WA90','1st','M032','A099','2021-07-22 00:01:14'),('WA90','1st','M032','A099','2022-01-18 13:45:28'),('WA90','2nd','M010','A099','2021-07-22 00:01:14'),('WA90','2nd','M010','A099','2022-01-18 13:45:28'),('WA90','3rd','M010','A099','2021-07-22 00:01:14'),('WA90','3rd','M010','A099','2022-01-18 13:45:28'),('WA90','4th','M010','A099','2021-07-22 00:01:14'),('WA90','4th','M010','A099','2022-01-18 13:45:28'),('WA60','1st','M024','A100','2021-12-25 09:53:37'),('WA60','2nd','M010','A100','2021-12-25 09:53:37'),('WA60','3rd','M010','A100','2021-12-25 09:53:37'),('WA60','4th','M010','A100','2021-12-25 09:53:37'),('WA70','1st','M028','A100','2023-02-07 00:15:44'),('WA70','2nd','M010','A100','2023-02-07 00:15:44'),('WA70','3rd','M010','A100','2023-02-07 00:15:44'),('WA70','4th','M010','A100','2023-02-07 00:15:44'),('AA40','1st','M016','A101','2021-07-15 01:35:42'),('AA40','1st','M016','A101','2021-10-03 16:55:25'),('AA40','2nd','M006','A101','2021-07-15 01:35:42'),('AA40','2nd','M006','A101','2021-10-03 16:55:25'),('AA40','3rd','M006','A101','2021-07-15 01:35:42'),('AA40','3rd','M006','A101','2021-10-03 16:55:25'),('AA40','4th','M006','A101','2021-07-15 01:35:42'),('AA40','4th','M006','A101','2021-10-03 16:55:25'),('WA60','1st','M024','A101','2022-09-13 21:22:23'),('WA60','2nd','M010','A101','2022-09-13 21:22:23'),('WA60','3rd','M010','A101','2022-09-13 21:22:23'),('WA60','4th','M010','A101','2022-09-13 21:22:23'),('WA70','1st','M028','A101','2021-02-03 23:50:03'),('WA70','2nd','M010','A101','2021-02-03 23:50:03'),('WA70','3rd','M010','A101','2021-02-03 23:50:03'),('WA70','4th','M010','A101','2021-02-03 23:50:03'),('AA50','1st','M020','A102','2022-01-15 10:29:11'),('AA50','1st','M020','A102','2022-01-15 10:29:14'),('AA50','1st','M020','A102','2022-02-11 05:33:02'),('AA50','1st','M020','A102','2022-02-23 17:57:16'),('AA50','2nd','M006','A102','2022-01-15 10:29:11'),('AA50','2nd','M006','A102','2022-01-15 10:29:14'),('AA50','2nd','M006','A102','2022-02-11 05:33:02'),('AA50','2nd','M006','A102','2022-02-23 17:57:16'),('AA50','3rd','M006','A102','2022-01-15 10:29:11'),('AA50','3rd','M006','A102','2022-01-15 10:29:14'),('AA50','3rd','M006','A102','2022-02-11 05:33:02'),('AA50','3rd','M006','A102','2022-02-23 17:57:16'),('AA50','4th','M006','A102','2022-01-15 10:29:11'),('AA50','4th','M006','A102','2022-01-15 10:29:14'),('AA50','4th','M006','A102','2022-02-11 05:33:02'),('AA50','4th','M006','A102','2022-02-23 17:57:16'),('WA70','1st','M028','A102','2021-05-20 00:18:07'),('WA70','2nd','M010','A102','2021-05-20 00:18:07'),('WA70','3rd','M010','A102','2021-05-20 00:18:07'),('WA70','4th','M010','A102','2021-05-20 00:18:07'),('WA90','1st','M032','A102','2022-01-18 13:45:28'),('WA90','2nd','M010','A102','2022-01-18 13:45:28'),('WA90','3rd','M010','A102','2022-01-18 13:45:28'),('WA90','4th','M010','A102','2022-01-18 13:45:28'),('WA60','1st','M024','A103','2021-07-22 08:07:01'),('WA60','2nd','M010','A103','2021-07-22 08:07:01'),('WA60','3rd','M010','A103','2021-07-22 08:07:01'),('WA60','4th','M010','A103','2021-07-22 08:07:01'),('WA70','1st','M028','A103','2022-09-24 10:09:04'),('WA70','2nd','M010','A103','2022-09-24 10:09:04'),('WA70','3rd','M010','A103','2022-09-24 10:09:04'),('WA70','4th','M010','A103','2022-09-24 10:09:04'),('WA90','1st','M032','A103','2022-01-06 13:14:41'),('WA90','1st','M032','A103','2022-01-29 23:29:53'),('WA90','2nd','M010','A103','2022-01-06 13:14:41'),('WA90','2nd','M010','A103','2022-01-29 23:29:53'),('WA90','3rd','M010','A103','2022-01-06 13:14:41'),('WA90','3rd','M010','A103','2022-01-29 23:29:53'),('WA90','4th','M010','A103','2022-01-06 13:14:41'),('WA90','4th','M010','A103','2022-01-29 23:29:53'),('AA50','1st','M020','A104','2022-11-18 06:47:20'),('AA50','2nd','M006','A104','2022-11-18 06:47:20'),('AA50','3rd','M006','A104','2022-11-18 06:47:20'),('AA50','4th','M006','A104','2022-11-18 06:47:20'),('WA60','1st','M024','A104','2022-08-16 17:43:59'),('WA60','2nd','M010','A104','2022-08-16 17:43:59'),('WA60','3rd','M010','A104','2022-08-16 17:43:59'),('WA60','4th','M010','A104','2022-08-16 17:43:59'),('WA70','1st','M028','A104','2021-04-12 19:31:05'),('WA70','1st','M028','A104','2022-05-13 05:56:12'),('WA70','2nd','M010','A104','2021-04-12 19:31:05'),('WA70','2nd','M010','A104','2022-05-13 05:56:12'),('WA70','3rd','M010','A104','2021-04-12 19:31:05'),('WA70','3rd','M010','A104','2022-05-13 05:56:12'),('WA70','4th','M010','A104','2021-04-12 19:31:05'),('WA70','4th','M010','A104','2022-05-13 05:56:12'),('AA50','1st','M020','A105','2022-01-24 02:30:58'),('AA50','1st','M020','A105','2022-09-12 21:54:05'),('AA50','2nd','M006','A105','2022-01-24 02:30:58'),('AA50','2nd','M006','A105','2022-09-12 21:54:05'),('AA50','3rd','M006','A105','2022-01-24 02:30:58'),('AA50','3rd','M006','A105','2022-09-12 21:54:05'),('AA50','4th','M006','A105','2022-01-24 02:30:58'),('AA50','4th','M006','A105','2022-09-12 21:54:05'),('WA60','1st','M024','A105','2022-11-21 01:44:14'),('WA60','2nd','M010','A105','2022-11-21 01:44:14'),('WA60','3rd','M010','A105','2022-11-21 01:44:14'),('WA60','4th','M010','A105','2022-11-21 01:44:14'),('WA90','1st','M032','A105','2021-11-10 08:08:44'),('WA90','1st','M032','A105','2021-12-21 04:53:41'),('WA90','2nd','M010','A105','2021-11-10 08:08:44'),('WA90','2nd','M010','A105','2021-12-21 04:53:41'),('WA90','3rd','M010','A105','2021-11-10 08:08:44'),('WA90','3rd','M010','A105','2021-12-21 04:53:41'),('WA90','4th','M010','A105','2021-11-10 08:08:44'),('WA90','4th','M010','A105','2021-12-21 04:53:41'),('AA50','1st','M020','A106','2023-01-22 10:34:30'),('AA50','2nd','M006','A106','2023-01-22 10:34:30'),('AA50','3rd','M006','A106','2023-01-22 10:34:30'),('AA50','4th','M006','A106','2023-01-22 10:34:30'),('WA70','1st','M028','A106','2021-04-12 19:31:05'),('WA70','1st','M028','A106','2022-11-05 12:06:51'),('WA70','2nd','M010','A106','2021-04-12 19:31:05'),('WA70','2nd','M010','A106','2022-11-05 12:06:51'),('WA70','3rd','M010','A106','2021-04-12 19:31:05'),('WA70','3rd','M010','A106','2022-11-05 12:06:51'),('WA70','4th','M010','A106','2021-04-12 19:31:05'),('WA70','4th','M010','A106','2022-11-05 12:06:51'),('AA40','1st','M016','A107','2021-04-26 14:09:28'),('AA40','1st','M016','A107','2023-05-21 11:27:46'),('AA40','2nd','M006','A107','2021-04-26 14:09:28'),('AA40','2nd','M006','A107','2023-05-21 11:27:46'),('AA40','3rd','M006','A107','2021-04-26 14:09:28'),('AA40','3rd','M006','A107','2023-05-21 11:27:46'),('AA40','4th','M006','A107','2021-04-26 14:09:28'),('AA40','4th','M006','A107','2023-05-21 11:27:46'),('AA50','1st','M020','A107','2022-02-11 05:33:02'),('AA50','2nd','M006','A107','2022-02-11 05:33:02'),('AA50','3rd','M006','A107','2022-02-11 05:33:02'),('AA50','4th','M006','A107','2022-02-11 05:33:02'),('AA40','1st','M016','A108','2021-07-11 04:07:57'),('AA40','2nd','M006','A108','2021-07-11 04:07:57'),('AA40','3rd','M006','A108','2021-07-11 04:07:57'),('AA40','4th','M006','A108','2021-07-11 04:07:57'),('WA60','1st','M024','A108','2021-06-13 00:52:27'),('WA60','2nd','M010','A108','2021-06-13 00:52:27'),('WA60','3rd','M010','A108','2021-06-13 00:52:27'),('WA60','4th','M010','A108','2021-06-13 00:52:27'),('AA50','1st','M020','A109','2021-07-20 17:41:25'),('AA50','2nd','M006','A109','2021-07-20 17:41:25'),('AA50','3rd','M006','A109','2021-07-20 17:41:25'),('AA50','4th','M006','A109','2021-07-20 17:41:25'),('WA70','1st','M028','A109','2023-03-12 04:21:17'),('WA70','2nd','M010','A109','2023-03-12 04:21:17'),('WA70','3rd','M010','A109','2023-03-12 04:21:17'),('WA70','4th','M010','A109','2023-03-12 04:21:17'),('AA50','1st','M020','A110','2022-01-01 03:19:13'),('AA50','2nd','M006','A110','2022-01-01 03:19:13'),('AA50','3rd','M006','A110','2022-01-01 03:19:13'),('AA50','4th','M006','A110','2022-01-01 03:19:13'),('WA60','1st','M024','A110','2022-12-22 03:41:18'),('WA60','2nd','M010','A110','2022-12-22 03:41:18'),('WA60','3rd','M010','A110','2022-12-22 03:41:18'),('WA60','4th','M010','A110','2022-12-22 03:41:18'),('WA90','1st','M032','A110','2021-08-17 06:43:53'),('WA90','1st','M032','A110','2021-12-24 16:46:25'),('WA90','1st','M032','A110','2022-01-18 13:45:28'),('WA90','1st','M032','A110','2022-04-04 11:42:05'),('WA90','2nd','M010','A110','2021-08-17 06:43:53'),('WA90','2nd','M010','A110','2021-12-24 16:46:25'),('WA90','2nd','M010','A110','2022-01-18 13:45:28'),('WA90','2nd','M010','A110','2022-04-04 11:42:05'),('WA90','3rd','M010','A110','2021-08-17 06:43:53'),('WA90','3rd','M010','A110','2021-12-24 16:46:25'),('WA90','3rd','M010','A110','2022-01-18 13:45:28'),('WA90','3rd','M010','A110','2022-04-04 11:42:05'),('WA90','4th','M010','A110','2021-08-17 06:43:53'),('WA90','4th','M010','A110','2021-12-24 16:46:25'),('WA90','4th','M010','A110','2022-01-18 13:45:28'),('WA90','4th','M010','A110','2022-04-04 11:42:05'),('AA50','1st','M020','A111','2023-01-25 00:59:28'),('AA50','2nd','M006','A111','2023-01-25 00:59:28'),('AA50','3rd','M006','A111','2023-01-25 00:59:28'),('AA50','4th','M006','A111','2023-01-25 00:59:28'),('WA90','1st','M032','A111','2021-07-22 00:01:14'),('WA90','1st','M032','A111','2023-05-03 13:04:07'),('WA90','2nd','M010','A111','2021-07-22 00:01:14'),('WA90','2nd','M010','A111','2023-05-03 13:04:07'),('WA90','3rd','M010','A111','2021-07-22 00:01:14'),('WA90','3rd','M010','A111','2023-05-03 13:04:07'),('WA90','4th','M010','A111','2021-07-22 00:01:14'),('WA90','4th','M010','A111','2023-05-03 13:04:07'),('AA50','1st','M020','A112','2021-12-06 18:35:25'),('AA50','2nd','M006','A112','2021-12-06 18:35:25'),('AA50','3rd','M006','A112','2021-12-06 18:35:25'),('AA50','4th','M006','A112','2021-12-06 18:35:25'),('WA60','1st','M024','A112','2022-07-05 01:47:29'),('WA60','2nd','M010','A112','2022-07-05 01:47:29'),('WA60','3rd','M010','A112','2022-07-05 01:47:29'),('WA60','4th','M010','A112','2022-07-05 01:47:29'),('AA50','1st','M020','A113','2021-08-30 12:20:37'),('AA50','1st','M020','A113','2021-12-06 18:35:25'),('AA50','2nd','M006','A113','2021-08-30 12:20:37'),('AA50','2nd','M006','A113','2021-12-06 18:35:25'),('AA50','3rd','M006','A113','2021-08-30 12:20:37'),('AA50','3rd','M006','A113','2021-12-06 18:35:25'),('AA50','4th','M006','A113','2021-08-30 12:20:37'),('AA50','4th','M006','A113','2021-12-06 18:35:25'),('WA60','1st','M024','A113','2023-03-05 03:57:53'),('WA60','2nd','M010','A113','2023-03-05 03:57:53'),('WA60','3rd','M010','A113','2023-03-05 03:57:53'),('WA60','4th','M010','A113','2023-03-05 03:57:53'),('WA70','1st','M028','A113','2021-01-04 23:38:31'),('WA70','1st','M028','A113','2023-01-12 19:43:47'),('WA70','2nd','M010','A113','2021-01-04 23:38:31'),('WA70','2nd','M010','A113','2023-01-12 19:43:47'),('WA70','3rd','M010','A113','2021-01-04 23:38:31'),('WA70','3rd','M010','A113','2023-01-12 19:43:47'),('WA70','4th','M010','A113','2021-01-04 23:38:31'),('WA70','4th','M010','A113','2023-01-12 19:43:47'),('WA90','1st','M032','A113','2021-09-25 11:34:14'),('WA90','2nd','M010','A113','2021-09-25 11:34:14'),('WA90','3rd','M010','A113','2021-09-25 11:34:14'),('WA90','4th','M010','A113','2021-09-25 11:34:14'),('AA50','1st','M020','A114','2021-02-08 14:31:00'),('AA50','2nd','M006','A114','2021-02-08 14:31:00'),('AA50','3rd','M006','A114','2021-02-08 14:31:00'),('AA50','4th','M006','A114','2021-02-08 14:31:00'),('WA60','1st','M024','A114','2022-08-08 07:50:04'),('WA60','2nd','M010','A114','2022-08-08 07:50:04'),('WA60','3rd','M010','A114','2022-08-08 07:50:04'),('WA60','4th','M010','A114','2022-08-08 07:50:04'),('WA70','1st','M028','A114','2022-02-04 01:57:00'),('WA70','2nd','M010','A114','2022-02-04 01:57:00'),('WA70','3rd','M010','A114','2022-02-04 01:57:00'),('WA70','4th','M010','A114','2022-02-04 01:57:00'),('WA60','1st','M024','A115','2022-04-18 22:11:04'),('WA60','2nd','M010','A115','2022-04-18 22:11:04'),('WA60','3rd','M010','A115','2022-04-18 22:11:04'),('WA60','4th','M010','A115','2022-04-18 22:11:04'),('WA70','1st','M028','A115','2023-03-23 12:03:58'),('WA70','2nd','M010','A115','2023-03-23 12:03:58'),('WA70','3rd','M010','A115','2023-03-23 12:03:58'),('WA70','4th','M010','A115','2023-03-23 12:03:58'),('WA90','1st','M032','A115','2022-04-04 11:42:05'),('WA90','1st','M032','A115','2023-04-01 00:20:00'),('WA90','2nd','M010','A115','2022-04-04 11:42:05'),('WA90','2nd','M010','A115','2023-04-01 00:20:00'),('WA90','3rd','M010','A115','2022-04-04 11:42:05'),('WA90','3rd','M010','A115','2023-04-01 00:20:00'),('WA90','4th','M010','A115','2022-04-04 11:42:05'),('WA90','4th','M010','A115','2023-04-01 00:20:00'),('AA40','1st','M016','A116','2021-02-28 23:15:38'),('AA40','2nd','M006','A116','2021-02-28 23:15:38'),('AA40','3rd','M006','A116','2021-02-28 23:15:38'),('AA40','4th','M006','A116','2021-02-28 23:15:38'),('WA60','1st','M024','A116','2021-08-17 21:34:30'),('WA60','1st','M024','A116','2023-03-05 03:57:53'),('WA60','2nd','M010','A116','2021-08-17 21:34:30'),('WA60','2nd','M010','A116','2023-03-05 03:57:53'),('WA60','3rd','M010','A116','2021-08-17 21:34:30'),('WA60','3rd','M010','A116','2023-03-05 03:57:53'),('WA60','4th','M010','A116','2021-08-17 21:34:30'),('WA60','4th','M010','A116','2023-03-05 03:57:53'),('WA70','1st','M028','A116','2022-05-15 05:06:09'),('WA70','2nd','M010','A116','2022-05-15 05:06:09'),('WA70','3rd','M010','A116','2022-05-15 05:06:09'),('WA70','4th','M010','A116','2022-05-15 05:06:09'),('AA40','1st','M016','A117','2023-06-14 21:30:25'),('AA40','2nd','M006','A117','2023-06-14 21:30:25'),('AA40','3rd','M006','A117','2023-06-14 21:30:25'),('AA40','4th','M006','A117','2023-06-14 21:30:25'),('AA50','1st','M020','A117','2022-11-27 00:44:34'),('AA50','2nd','M006','A117','2022-11-27 00:44:34'),('AA50','3rd','M006','A117','2022-11-27 00:44:34'),('AA50','4th','M006','A117','2022-11-27 00:44:34'),('WA90','1st','M032','A117','2021-04-05 22:06:17'),('WA90','1st','M032','A117','2022-01-29 23:29:53'),('WA90','1st','M032','A117','2023-06-11 14:53:57'),('WA90','2nd','M010','A117','2021-04-05 22:06:17'),('WA90','2nd','M010','A117','2022-01-29 23:29:53'),('WA90','2nd','M010','A117','2023-06-11 14:53:57'),('WA90','3rd','M010','A117','2021-04-05 22:06:17'),('WA90','3rd','M010','A117','2022-01-29 23:29:53'),('WA90','3rd','M010','A117','2023-06-11 14:53:57'),('WA90','4th','M010','A117','2021-04-05 22:06:17'),('WA90','4th','M010','A117','2022-01-29 23:29:53'),('WA90','4th','M010','A117','2023-06-11 14:53:57'),('WA70','1st','M028','A118','2021-08-08 17:15:55'),('WA70','1st','M028','A118','2022-07-30 14:09:03'),('WA70','2nd','M010','A118','2021-08-08 17:15:55'),('WA70','2nd','M010','A118','2022-07-30 14:09:03'),('WA70','3rd','M010','A118','2021-08-08 17:15:55'),('WA70','3rd','M010','A118','2022-07-30 14:09:03'),('WA70','4th','M010','A118','2021-08-08 17:15:55'),('WA70','4th','M010','A118','2022-07-30 14:09:03'),('WA90','1st','M032','A118','2021-12-24 20:09:49'),('WA90','2nd','M010','A118','2021-12-24 20:09:49'),('WA90','3rd','M010','A118','2021-12-24 20:09:49'),('WA90','4th','M010','A118','2021-12-24 20:09:49'),('WA60','1st','M024','A119','2022-08-16 17:43:59'),('WA60','2nd','M010','A119','2022-08-16 17:43:59'),('WA60','3rd','M010','A119','2022-08-16 17:43:59'),('WA60','4th','M010','A119','2022-08-16 17:43:59'),('WA70','1st','M028','A119','2022-05-13 05:56:12'),('WA70','2nd','M010','A119','2022-05-13 05:56:12'),('WA70','3rd','M010','A119','2022-05-13 05:56:12'),('WA70','4th','M010','A119','2022-05-13 05:56:12'),('WA90','1st','M032','A119','2021-11-10 08:08:44'),('WA90','1st','M032','A119','2023-05-20 19:23:29'),('WA90','2nd','M010','A119','2021-11-10 08:08:44'),('WA90','2nd','M010','A119','2023-05-20 19:23:29'),('WA90','3rd','M010','A119','2021-11-10 08:08:44'),('WA90','3rd','M010','A119','2023-05-20 19:23:29'),('WA90','4th','M010','A119','2021-11-10 08:08:44'),('WA90','4th','M010','A119','2023-05-20 19:23:29'),('AA50','1st','M020','A120','2021-07-20 17:41:25'),('AA50','1st','M020','A120','2021-11-25 17:51:51'),('AA50','2nd','M006','A120','2021-07-20 17:41:25'),('AA50','2nd','M006','A120','2021-11-25 17:51:51'),('AA50','3rd','M006','A120','2021-07-20 17:41:25'),('AA50','3rd','M006','A120','2021-11-25 17:51:51'),('AA50','4th','M006','A120','2021-07-20 17:41:25'),('AA50','4th','M006','A120','2021-11-25 17:51:51'),('WA90','1st','M032','A120','2022-06-29 08:37:23'),('WA90','1st','M032','A120','2023-05-03 13:07:05'),('WA90','2nd','M010','A120','2022-06-29 08:37:23'),('WA90','2nd','M010','A120','2023-05-03 13:07:05'),('WA90','3rd','M010','A120','2022-06-29 08:37:23'),('WA90','3rd','M010','A120','2023-05-03 13:07:05'),('WA90','4th','M010','A120','2022-06-29 08:37:23'),('WA90','4th','M010','A120','2023-05-03 13:07:05'),('AA50','1st','M020','A121','2021-06-09 02:23:35'),('AA50','1st','M020','A121','2022-04-20 15:49:01'),('AA50','2nd','M006','A121','2021-06-09 02:23:35'),('AA50','2nd','M006','A121','2022-04-20 15:49:01'),('AA50','3rd','M006','A121','2021-06-09 02:23:35'),('AA50','3rd','M006','A121','2022-04-20 15:49:01'),('AA50','4th','M006','A121','2021-06-09 02:23:35'),('AA50','4th','M006','A121','2022-04-20 15:49:01'),('WA70','1st','M028','A121','2022-02-12 00:21:43'),('WA70','2nd','M010','A121','2022-02-12 00:21:43'),('WA70','3rd','M010','A121','2022-02-12 00:21:43'),('WA70','4th','M010','A121','2022-02-12 00:21:43'),('WA90','1st','M032','A121','2021-07-22 00:01:14'),('WA90','2nd','M010','A121','2021-07-22 00:01:14'),('WA90','3rd','M010','A121','2021-07-22 00:01:14'),('WA90','4th','M010','A121','2021-07-22 00:01:14'),('AA40','1st','M016','A122','2021-10-21 00:06:39'),('AA40','1st','M016','A122','2023-05-15 17:11:00'),('AA40','2nd','M006','A122','2021-10-21 00:06:39'),('AA40','2nd','M006','A122','2023-05-15 17:11:00'),('AA40','3rd','M006','A122','2021-10-21 00:06:39'),('AA40','3rd','M006','A122','2023-05-15 17:11:00'),('AA40','4th','M006','A122','2021-10-21 00:06:39'),('AA40','4th','M006','A122','2023-05-15 17:11:00'),('AA50','1st','M020','A122','2022-04-20 15:49:01'),('AA50','1st','M020','A122','2023-04-27 00:37:26'),('AA50','2nd','M006','A122','2022-04-20 15:49:01'),('AA50','2nd','M006','A122','2023-04-27 00:37:26'),('AA50','3rd','M006','A122','2022-04-20 15:49:01'),('AA50','3rd','M006','A122','2023-04-27 00:37:26'),('AA50','4th','M006','A122','2022-04-20 15:49:01'),('AA50','4th','M006','A122','2023-04-27 00:37:26'),('WA70','1st','M028','A122','2023-01-19 11:01:25'),('WA70','2nd','M010','A122','2023-01-19 11:01:25'),('WA70','3rd','M010','A122','2023-01-19 11:01:25'),('WA70','4th','M010','A122','2023-01-19 11:01:25'),('AA50','1st','M020','A123','2022-02-11 05:33:02'),('AA50','2nd','M006','A123','2022-02-11 05:33:02'),('AA50','3rd','M006','A123','2022-02-11 05:33:02'),('AA50','4th','M006','A123','2022-02-11 05:33:02'),('WA70','1st','M028','A123','2022-11-29 14:08:54'),('WA70','2nd','M010','A123','2022-11-29 14:08:54'),('WA70','3rd','M010','A123','2022-11-29 14:08:54'),('WA70','4th','M010','A123','2022-11-29 14:08:54'),('WA90','1st','M032','A123','2021-04-05 22:06:17'),('WA90','2nd','M010','A123','2021-04-05 22:06:17'),('WA90','3rd','M010','A123','2021-04-05 22:06:17'),('WA90','4th','M010','A123','2021-04-05 22:06:17'),('AA50','1st','M020','A124','2023-06-18 04:45:59'),('AA50','2nd','M006','A124','2023-06-18 04:45:59'),('AA50','3rd','M006','A124','2023-06-18 04:45:59'),('AA50','4th','M006','A124','2023-06-18 04:45:59'),('WA70','1st','M028','A124','2022-09-23 10:17:33'),('WA70','2nd','M010','A124','2022-09-23 10:17:33'),('WA70','3rd','M010','A124','2022-09-23 10:17:33'),('WA70','4th','M010','A124','2022-09-23 10:17:33'),('WA90','1st','M032','A124','2023-05-20 04:59:36'),('WA90','2nd','M010','A124','2023-05-20 04:59:36'),('WA90','3rd','M010','A124','2023-05-20 04:59:36'),('WA90','4th','M010','A124','2023-05-20 04:59:36'),('AA40','1st','M016','A125','2021-06-10 07:14:59'),('AA40','2nd','M006','A125','2021-06-10 07:14:59'),('AA40','3rd','M006','A125','2021-06-10 07:14:59'),('AA40','4th','M006','A125','2021-06-10 07:14:59'),('AA50','1st','M020','A125','2022-04-19 02:28:47'),('AA50','2nd','M006','A125','2022-04-19 02:28:47'),('AA50','3rd','M006','A125','2022-04-19 02:28:47'),('AA50','4th','M006','A125','2022-04-19 02:28:47'),('WA60','1st','M024','A125','2021-10-20 15:47:59'),('WA60','2nd','M010','A125','2021-10-20 15:47:59'),('WA60','3rd','M010','A125','2021-10-20 15:47:59'),('WA60','4th','M010','A125','2021-10-20 15:47:59'),('WA70','1st','M028','A125','2021-02-03 23:50:03'),('WA70','2nd','M010','A125','2021-02-03 23:50:03'),('WA70','3rd','M010','A125','2021-02-03 23:50:03'),('WA70','4th','M010','A125','2021-02-03 23:50:03'),('AA40','1st','M016','A126','2022-09-25 01:38:19'),('AA40','1st','M016','A126','2022-11-25 07:06:51'),('AA40','2nd','M006','A126','2022-09-25 01:38:19'),('AA40','2nd','M006','A126','2022-11-25 07:06:51'),('AA40','3rd','M006','A126','2022-09-25 01:38:19'),('AA40','3rd','M006','A126','2022-11-25 07:06:51'),('AA40','4th','M006','A126','2022-09-25 01:38:19'),('AA40','4th','M006','A126','2022-11-25 07:06:51'),('WA60','1st','M024','A126','2021-06-13 00:52:27'),('WA60','2nd','M010','A126','2021-06-13 00:52:27'),('WA60','3rd','M010','A126','2021-06-13 00:52:27'),('WA60','4th','M010','A126','2021-06-13 00:52:27'),('WA90','1st','M032','A126','2022-02-11 01:59:37'),('WA90','2nd','M010','A126','2022-02-11 01:59:37'),('WA90','3rd','M010','A126','2022-02-11 01:59:37'),('WA90','4th','M010','A126','2022-02-11 01:59:37'),('AA50','1st','M020','A127','2022-01-15 10:29:14'),('AA50','1st','M020','A127','2023-01-25 00:59:28'),('AA50','2nd','M006','A127','2022-01-15 10:29:14'),('AA50','2nd','M006','A127','2023-01-25 00:59:28'),('AA50','3rd','M006','A127','2022-01-15 10:29:14'),('AA50','3rd','M006','A127','2023-01-25 00:59:28'),('AA50','4th','M006','A127','2022-01-15 10:29:14'),('AA50','4th','M006','A127','2023-01-25 00:59:28'),('WA60','1st','M024','A127','2021-05-30 16:49:25'),('WA60','1st','M024','A127','2022-06-21 12:27:46'),('WA60','1st','M024','A127','2022-12-22 03:41:18'),('WA60','2nd','M010','A127','2021-05-30 16:49:25'),('WA60','2nd','M010','A127','2022-06-21 12:27:46'),('WA60','2nd','M010','A127','2022-12-22 03:41:18'),('WA60','3rd','M010','A127','2021-05-30 16:49:25'),('WA60','3rd','M010','A127','2022-06-21 12:27:46'),('WA60','3rd','M010','A127','2022-12-22 03:41:18'),('WA60','4th','M010','A127','2021-05-30 16:49:25'),('WA60','4th','M010','A127','2022-06-21 12:27:46'),('WA60','4th','M010','A127','2022-12-22 03:41:18'),('WA70','1st','M028','A127','2021-04-12 19:31:05'),('WA70','1st','M028','A127','2021-12-04 05:15:14'),('WA70','2nd','M010','A127','2021-04-12 19:31:05'),('WA70','2nd','M010','A127','2021-12-04 05:15:14'),('WA70','3rd','M010','A127','2021-04-12 19:31:05'),('WA70','3rd','M010','A127','2021-12-04 05:15:14'),('WA70','4th','M010','A127','2021-04-12 19:31:05'),('WA70','4th','M010','A127','2021-12-04 05:15:14'),('WA90','1st','M032','A127','2023-04-01 00:20:00'),('WA90','2nd','M010','A127','2023-04-01 00:20:00'),('WA90','3rd','M010','A127','2023-04-01 00:20:00'),('WA90','4th','M010','A127','2023-04-01 00:20:00'),('AA40','1st','M016','A128','2021-07-11 04:07:57'),('AA40','1st','M016','A128','2022-11-26 19:54:21'),('AA40','2nd','M006','A128','2021-07-11 04:07:57'),('AA40','2nd','M006','A128','2022-11-26 19:54:21'),('AA40','3rd','M006','A128','2021-07-11 04:07:57'),('AA40','3rd','M006','A128','2022-11-26 19:54:21'),('AA40','4th','M006','A128','2021-07-11 04:07:57'),('AA40','4th','M006','A128','2022-11-26 19:54:21'),('AA50','1st','M020','A128','2023-04-27 00:37:26'),('AA50','2nd','M006','A128','2023-04-27 00:37:26'),('AA50','3rd','M006','A128','2023-04-27 00:37:26'),('AA50','4th','M006','A128','2023-04-27 00:37:26'),('WA60','1st','M024','A128','2021-03-14 14:49:36'),('WA60','2nd','M010','A128','2021-03-14 14:49:36'),('WA60','3rd','M010','A128','2021-03-14 14:49:36'),('WA60','4th','M010','A128','2021-03-14 14:49:36'),('WA70','1st','M028','A128','2023-02-07 19:28:43'),('WA70','2nd','M010','A128','2023-02-07 19:28:43'),('WA70','3rd','M010','A128','2023-02-07 19:28:43'),('WA70','4th','M010','A128','2023-02-07 19:28:43'),('WA90','1st','M032','A128','2021-08-17 06:43:53'),('WA90','1st','M032','A128','2023-06-11 14:53:57'),('WA90','2nd','M010','A128','2021-08-17 06:43:53'),('WA90','2nd','M010','A128','2023-06-11 14:53:57'),('WA90','3rd','M010','A128','2021-08-17 06:43:53'),('WA90','3rd','M010','A128','2023-06-11 14:53:57'),('WA90','4th','M010','A128','2021-08-17 06:43:53'),('WA90','4th','M010','A128','2023-06-11 14:53:57'),('AA40','1st','M016','A129','2022-10-02 18:22:35'),('AA40','2nd','M006','A129','2022-10-02 18:22:35'),('AA40','3rd','M006','A129','2022-10-02 18:22:35'),('AA40','4th','M006','A129','2022-10-02 18:22:35'),('WA60','1st','M024','A129','2022-06-26 19:09:34'),('WA60','2nd','M010','A129','2022-06-26 19:09:34'),('WA60','3rd','M010','A129','2022-06-26 19:09:34'),('WA60','4th','M010','A129','2022-06-26 19:09:34'),('WA70','1st','M028','A130','2023-03-23 12:03:58'),('WA70','2nd','M010','A130','2023-03-23 12:03:58'),('WA70','3rd','M010','A130','2023-03-23 12:03:58'),('WA70','4th','M010','A130','2023-03-23 12:03:58'),('WA90','1st','M032','A130','2021-05-20 01:16:19'),('WA90','1st','M032','A130','2022-03-23 19:57:13'),('WA90','2nd','M010','A130','2021-05-20 01:16:19'),('WA90','2nd','M010','A130','2022-03-23 19:57:13'),('WA90','3rd','M010','A130','2021-05-20 01:16:19'),('WA90','3rd','M010','A130','2022-03-23 19:57:13'),('WA90','4th','M010','A130','2021-05-20 01:16:19'),('WA90','4th','M010','A130','2022-03-23 19:57:13'),('AA40','1st','M016','A131','2022-08-08 14:51:31'),('AA40','2nd','M006','A131','2022-08-08 14:51:31'),('AA40','3rd','M006','A131','2022-08-08 14:51:31'),('AA40','4th','M006','A131','2022-08-08 14:51:31'),('AA50','1st','M020','A131','2022-01-01 03:19:13'),('AA50','2nd','M006','A131','2022-01-01 03:19:13'),('AA50','3rd','M006','A131','2022-01-01 03:19:13'),('AA50','4th','M006','A131','2022-01-01 03:19:13'),('WA60','1st','M024','A131','2022-05-28 13:16:30'),('WA60','2nd','M010','A131','2022-05-28 13:16:30'),('WA60','3rd','M010','A131','2022-05-28 13:16:30'),('WA60','4th','M010','A131','2022-05-28 13:16:30'),('WA70','1st','M028','A131','2021-08-08 17:15:55'),('WA70','2nd','M010','A131','2021-08-08 17:15:55'),('WA70','3rd','M010','A131','2021-08-08 17:15:55'),('WA70','4th','M010','A131','2021-08-08 17:15:55'),('AA40','1st','M016','A132','2021-02-25 04:29:28'),('AA40','1st','M016','A132','2022-12-12 08:42:48'),('AA40','2nd','M006','A132','2021-02-25 04:29:28'),('AA40','2nd','M006','A132','2022-12-12 08:42:48'),('AA40','3rd','M006','A132','2021-02-25 04:29:28'),('AA40','3rd','M006','A132','2022-12-12 08:42:48'),('AA40','4th','M006','A132','2021-02-25 04:29:28'),('AA40','4th','M006','A132','2022-12-12 08:42:48'),('AA50','1st','M020','A132','2021-02-19 16:27:51'),('AA50','1st','M020','A132','2021-06-09 02:23:35'),('AA50','1st','M020','A132','2022-04-27 16:31:04'),('AA50','2nd','M006','A132','2021-02-19 16:27:51'),('AA50','2nd','M006','A132','2021-06-09 02:23:35'),('AA50','2nd','M006','A132','2022-04-27 16:31:04'),('AA50','3rd','M006','A132','2021-02-19 16:27:51'),('AA50','3rd','M006','A132','2021-06-09 02:23:35'),('AA50','3rd','M006','A132','2022-04-27 16:31:04'),('AA50','4th','M006','A132','2021-02-19 16:27:51'),('AA50','4th','M006','A132','2021-06-09 02:23:35'),('AA50','4th','M006','A132','2022-04-27 16:31:04'),('WA90','1st','M032','A132','2021-04-05 22:06:17'),('WA90','1st','M032','A132','2021-12-21 04:53:41'),('WA90','2nd','M010','A132','2021-04-05 22:06:17'),('WA90','2nd','M010','A132','2021-12-21 04:53:41'),('WA90','3rd','M010','A132','2021-04-05 22:06:17'),('WA90','3rd','M010','A132','2021-12-21 04:53:41'),('WA90','4th','M010','A132','2021-04-05 22:06:17'),('WA90','4th','M010','A132','2021-12-21 04:53:41'),('AA50','1st','M020','A133','2021-07-19 08:16:55'),('AA50','2nd','M006','A133','2021-07-19 08:16:55'),('AA50','3rd','M006','A133','2021-07-19 08:16:55'),('AA50','4th','M006','A133','2021-07-19 08:16:55'),('WA60','1st','M024','A133','2021-06-13 00:52:27'),('WA60','1st','M024','A133','2023-04-14 18:54:11'),('WA60','2nd','M010','A133','2021-06-13 00:52:27'),('WA60','2nd','M010','A133','2023-04-14 18:54:11'),('WA60','3rd','M010','A133','2021-06-13 00:52:27'),('WA60','3rd','M010','A133','2023-04-14 18:54:11'),('WA60','4th','M010','A133','2021-06-13 00:52:27'),('WA60','4th','M010','A133','2023-04-14 18:54:11'),('WA90','1st','M032','A133','2023-05-20 19:23:29'),('WA90','2nd','M010','A133','2023-05-20 19:23:29'),('WA90','3rd','M010','A133','2023-05-20 19:23:29'),('WA90','4th','M010','A133','2023-05-20 19:23:29'),('AA40','1st','M016','A134','2021-02-25 04:29:28'),('AA40','1st','M016','A134','2021-10-03 16:55:25'),('AA40','2nd','M006','A134','2021-02-25 04:29:28'),('AA40','2nd','M006','A134','2021-10-03 16:55:25'),('AA40','3rd','M006','A134','2021-02-25 04:29:28'),('AA40','3rd','M006','A134','2021-10-03 16:55:25'),('AA40','4th','M006','A134','2021-02-25 04:29:28'),('AA40','4th','M006','A134','2021-10-03 16:55:25'),('AA50','1st','M020','A134','2022-11-27 00:44:34'),('AA50','2nd','M006','A134','2022-11-27 00:44:34'),('AA50','3rd','M006','A134','2022-11-27 00:44:34'),('AA50','4th','M006','A134','2022-11-27 00:44:34'),('WA90','1st','M032','A134','2022-06-29 08:37:23'),('WA90','1st','M032','A134','2023-05-03 13:04:07'),('WA90','2nd','M010','A134','2022-06-29 08:37:23'),('WA90','2nd','M010','A134','2023-05-03 13:04:07'),('WA90','3rd','M010','A134','2022-06-29 08:37:23'),('WA90','3rd','M010','A134','2023-05-03 13:04:07'),('WA90','4th','M010','A134','2022-06-29 08:37:23'),('WA90','4th','M010','A134','2023-05-03 13:04:07'),('AA40','1st','M016','A135','2022-09-25 01:38:19'),('AA40','1st','M016','A135','2023-02-24 19:09:43'),('AA40','1st','M016','A135','2023-05-21 11:27:46'),('AA40','2nd','M006','A135','2022-09-25 01:38:19'),('AA40','2nd','M006','A135','2023-02-24 19:09:43'),('AA40','2nd','M006','A135','2023-05-21 11:27:46'),('AA40','3rd','M006','A135','2022-09-25 01:38:19'),('AA40','3rd','M006','A135','2023-02-24 19:09:43'),('AA40','3rd','M006','A135','2023-05-21 11:27:46'),('AA40','4th','M006','A135','2022-09-25 01:38:19'),('AA40','4th','M006','A135','2023-02-24 19:09:43'),('AA40','4th','M006','A135','2023-05-21 11:27:46'),('WA90','1st','M032','A135','2022-07-19 10:58:53'),('WA90','2nd','M010','A135','2022-07-19 10:58:53'),('WA90','3rd','M010','A135','2022-07-19 10:58:53'),('WA90','4th','M010','A135','2022-07-19 10:58:53'),('AA40','1st','M016','A136','2021-03-03 14:03:33'),('AA40','1st','M016','A136','2023-02-01 23:32:09'),('AA40','2nd','M006','A136','2021-03-03 14:03:33'),('AA40','2nd','M006','A136','2023-02-01 23:32:09'),('AA40','3rd','M006','A136','2021-03-03 14:03:33'),('AA40','3rd','M006','A136','2023-02-01 23:32:09'),('AA40','4th','M006','A136','2021-03-03 14:03:33'),('AA40','4th','M006','A136','2023-02-01 23:32:09'),('WA70','1st','M028','A136','2023-01-19 11:01:25'),('WA70','2nd','M010','A136','2023-01-19 11:01:25'),('WA70','3rd','M010','A136','2023-01-19 11:01:25'),('WA70','4th','M010','A136','2023-01-19 11:01:25'),('WA90','1st','M032','A136','2021-12-21 04:53:41'),('WA90','2nd','M010','A136','2021-12-21 04:53:41'),('WA90','3rd','M010','A136','2021-12-21 04:53:41'),('WA90','4th','M010','A136','2021-12-21 04:53:41'),('AA40','1st','M016','A137','2021-12-27 15:50:11'),('AA40','2nd','M006','A137','2021-12-27 15:50:11'),('AA40','3rd','M006','A137','2021-12-27 15:50:11'),('AA40','4th','M006','A137','2021-12-27 15:50:11'),('AA50','1st','M020','A137','2022-01-15 10:29:14'),('AA50','1st','M020','A137','2023-06-18 04:45:59'),('AA50','2nd','M006','A137','2022-01-15 10:29:14'),('AA50','2nd','M006','A137','2023-06-18 04:45:59'),('AA50','3rd','M006','A137','2022-01-15 10:29:14'),('AA50','3rd','M006','A137','2023-06-18 04:45:59'),('AA50','4th','M006','A137','2022-01-15 10:29:14'),('AA50','4th','M006','A137','2023-06-18 04:45:59'),('WA70','1st','M028','A137','2023-03-12 04:21:17'),('WA70','2nd','M010','A137','2023-03-12 04:21:17'),('WA70','3rd','M010','A137','2023-03-12 04:21:17'),('WA70','4th','M010','A137','2023-03-12 04:21:17'),('WA90','1st','M032','A137','2023-04-01 00:20:00'),('WA90','2nd','M010','A137','2023-04-01 00:20:00'),('WA90','3rd','M010','A137','2023-04-01 00:20:00'),('WA90','4th','M010','A137','2023-04-01 00:20:00'),('AA50','1st','M020','A138','2022-04-20 15:49:01'),('AA50','2nd','M006','A138','2022-04-20 15:49:01'),('AA50','3rd','M006','A138','2022-04-20 15:49:01'),('AA50','4th','M006','A138','2022-04-20 15:49:01'),('WA60','1st','M024','A138','2022-02-01 07:38:57'),('WA60','2nd','M010','A138','2022-02-01 07:38:57'),('WA60','3rd','M010','A138','2022-02-01 07:38:57'),('WA60','4th','M010','A138','2022-02-01 07:38:57'),('WA90','1st','M032','A138','2021-05-20 01:16:19'),('WA90','1st','M032','A138','2022-03-09 13:07:37'),('WA90','1st','M032','A138','2023-02-03 11:47:39'),('WA90','2nd','M010','A138','2021-05-20 01:16:19'),('WA90','2nd','M010','A138','2022-03-09 13:07:37'),('WA90','2nd','M010','A138','2023-02-03 11:47:39'),('WA90','3rd','M010','A138','2021-05-20 01:16:19'),('WA90','3rd','M010','A138','2022-03-09 13:07:37'),('WA90','3rd','M010','A138','2023-02-03 11:47:39'),('WA90','4th','M010','A138','2021-05-20 01:16:19'),('WA90','4th','M010','A138','2022-03-09 13:07:37'),('WA90','4th','M010','A138','2023-02-03 11:47:39'),('AA40','1st','M016','A139','2022-02-16 02:46:58'),('AA40','2nd','M006','A139','2022-02-16 02:46:58'),('AA40','3rd','M006','A139','2022-02-16 02:46:58'),('AA40','4th','M006','A139','2022-02-16 02:46:58'),('AA50','1st','M020','A139','2022-01-24 02:30:58'),('AA50','2nd','M006','A139','2022-01-24 02:30:58'),('AA50','3rd','M006','A139','2022-01-24 02:30:58'),('AA50','4th','M006','A139','2022-01-24 02:30:58'),('WA60','1st','M024','A139','2021-11-02 00:40:30'),('WA60','1st','M024','A139','2021-12-30 05:49:50'),('WA60','2nd','M010','A139','2021-11-02 00:40:30'),('WA60','2nd','M010','A139','2021-12-30 05:49:50'),('WA60','3rd','M010','A139','2021-11-02 00:40:30'),('WA60','3rd','M010','A139','2021-12-30 05:49:50'),('WA60','4th','M010','A139','2021-11-02 00:40:30'),('WA60','4th','M010','A139','2021-12-30 05:49:50'),('AA50','1st','M020','A140','2021-04-27 23:24:31'),('AA50','2nd','M006','A140','2021-04-27 23:24:31'),('AA50','3rd','M006','A140','2021-04-27 23:24:31'),('AA50','4th','M006','A140','2021-04-27 23:24:31'),('WA90','1st','M032','A140','2021-11-26 11:27:18'),('WA90','2nd','M010','A140','2021-11-26 11:27:18'),('WA90','3rd','M010','A140','2021-11-26 11:27:18'),('WA90','4th','M010','A140','2021-11-26 11:27:18'),('WA60','1st','M024','A141','2021-03-14 14:49:36'),('WA60','2nd','M010','A141','2021-03-14 14:49:36'),('WA60','3rd','M010','A141','2021-03-14 14:49:36'),('WA60','4th','M010','A141','2021-03-14 14:49:36'),('WA70','1st','M028','A141','2023-01-19 11:01:25'),('WA70','2nd','M010','A141','2023-01-19 11:01:25'),('WA70','3rd','M010','A141','2023-01-19 11:01:25'),('WA70','4th','M010','A141','2023-01-19 11:01:25'),('AA50','1st','M020','A142','2021-07-20 17:41:25'),('AA50','2nd','M006','A142','2021-07-20 17:41:25'),('AA50','3rd','M006','A142','2021-07-20 17:41:25'),('AA50','4th','M006','A142','2021-07-20 17:41:25'),('AA50','1st','M020','A143','2022-01-15 10:29:14'),('AA50','1st','M020','A143','2022-09-08 01:01:56'),('AA50','2nd','M006','A143','2022-01-15 10:29:14'),('AA50','2nd','M006','A143','2022-09-08 01:01:56'),('AA50','3rd','M006','A143','2022-01-15 10:29:14'),('AA50','3rd','M006','A143','2022-09-08 01:01:56'),('AA50','4th','M006','A143','2022-01-15 10:29:14'),('AA50','4th','M006','A143','2022-09-08 01:01:56'),('WA60','1st','M024','A143','2022-06-17 18:26:09'),('WA60','1st','M024','A143','2022-08-16 17:43:59'),('WA60','2nd','M010','A143','2022-06-17 18:26:09'),('WA60','2nd','M010','A143','2022-08-16 17:43:59'),('WA60','3rd','M010','A143','2022-06-17 18:26:09'),('WA60','3rd','M010','A143','2022-08-16 17:43:59'),('WA60','4th','M010','A143','2022-06-17 18:26:09'),('WA60','4th','M010','A143','2022-08-16 17:43:59'),('WA70','1st','M028','A143','2021-04-12 19:31:05'),('WA70','2nd','M010','A143','2021-04-12 19:31:05'),('WA70','3rd','M010','A143','2021-04-12 19:31:05'),('WA70','4th','M010','A143','2021-04-12 19:31:05'),('WA90','1st','M032','A143','2021-08-17 06:43:53'),('WA90','1st','M032','A143','2023-06-11 14:53:57'),('WA90','2nd','M010','A143','2021-08-17 06:43:53'),('WA90','2nd','M010','A143','2023-06-11 14:53:57'),('WA90','3rd','M010','A143','2021-08-17 06:43:53'),('WA90','3rd','M010','A143','2023-06-11 14:53:57'),('WA90','4th','M010','A143','2021-08-17 06:43:53'),('WA90','4th','M010','A143','2023-06-11 14:53:57'),('AA50','1st','M020','A144','2022-11-18 06:47:20'),('AA50','2nd','M006','A144','2022-11-18 06:47:20'),('AA50','3rd','M006','A144','2022-11-18 06:47:20'),('AA50','4th','M006','A144','2022-11-18 06:47:20'),('WA60','1st','M024','A144','2021-03-14 03:15:49'),('WA60','2nd','M010','A144','2021-03-14 03:15:49'),('WA60','3rd','M010','A144','2021-03-14 03:15:49'),('WA60','4th','M010','A144','2021-03-14 03:15:49'),('WA90','1st','M032','A144','2023-04-01 00:20:00'),('WA90','1st','M032','A144','2023-05-03 13:04:07'),('WA90','2nd','M010','A144','2023-04-01 00:20:00'),('WA90','2nd','M010','A144','2023-05-03 13:04:07'),('WA90','3rd','M010','A144','2023-04-01 00:20:00'),('WA90','3rd','M010','A144','2023-05-03 13:04:07'),('WA90','4th','M010','A144','2023-04-01 00:20:00'),('WA90','4th','M010','A144','2023-05-03 13:04:07'),('WA60','1st','M024','A145','2021-03-14 03:15:49'),('WA60','1st','M024','A145','2022-12-22 03:41:18'),('WA60','2nd','M010','A145','2021-03-14 03:15:49'),('WA60','2nd','M010','A145','2022-12-22 03:41:18'),('WA60','3rd','M010','A145','2021-03-14 03:15:49'),('WA60','3rd','M010','A145','2022-12-22 03:41:18'),('WA60','4th','M010','A145','2021-03-14 03:15:49'),('WA60','4th','M010','A145','2022-12-22 03:41:18'),('WA90','1st','M032','A145','2021-12-24 16:46:25'),('WA90','2nd','M010','A145','2021-12-24 16:46:25'),('WA90','3rd','M010','A145','2021-12-24 16:46:25'),('WA90','4th','M010','A145','2021-12-24 16:46:25'),('AA40','1st','M016','A146','2021-02-25 04:29:28'),('AA40','2nd','M006','A146','2021-02-25 04:29:28'),('AA40','3rd','M006','A146','2021-02-25 04:29:28'),('AA40','4th','M006','A146','2021-02-25 04:29:28'),('WA70','1st','M028','A146','2023-02-07 19:28:43'),('WA70','2nd','M010','A146','2023-02-07 19:28:43'),('WA70','3rd','M010','A146','2023-02-07 19:28:43'),('WA70','4th','M010','A146','2023-02-07 19:28:43'),('WA60','1st','M024','A147','2021-05-30 16:49:25'),('WA60','1st','M024','A147','2021-09-30 10:54:06'),('WA60','1st','M024','A147','2021-11-02 00:40:30'),('WA60','2nd','M010','A147','2021-05-30 16:49:25'),('WA60','2nd','M010','A147','2021-09-30 10:54:06'),('WA60','2nd','M010','A147','2021-11-02 00:40:30'),('WA60','3rd','M010','A147','2021-05-30 16:49:25'),('WA60','3rd','M010','A147','2021-09-30 10:54:06'),('WA60','3rd','M010','A147','2021-11-02 00:40:30'),('WA60','4th','M010','A147','2021-05-30 16:49:25'),('WA60','4th','M010','A147','2021-09-30 10:54:06'),('WA60','4th','M010','A147','2021-11-02 00:40:30'),('WA70','1st','M028','A147','2022-09-23 10:17:33'),('WA70','2nd','M010','A147','2022-09-23 10:17:33'),('WA70','3rd','M010','A147','2022-09-23 10:17:33'),('WA70','4th','M010','A147','2022-09-23 10:17:33'),('WA90','1st','M032','A147','2021-12-21 04:53:41'),('WA90','1st','M032','A147','2022-03-09 13:07:37'),('WA90','2nd','M010','A147','2021-12-21 04:53:41'),('WA90','2nd','M010','A147','2022-03-09 13:07:37'),('WA90','3rd','M010','A147','2021-12-21 04:53:41'),('WA90','3rd','M010','A147','2022-03-09 13:07:37'),('WA90','4th','M010','A147','2021-12-21 04:53:41'),('WA90','4th','M010','A147','2022-03-09 13:07:37'),('AA40','1st','M016','A148','2023-05-21 11:27:46'),('AA40','2nd','M006','A148','2023-05-21 11:27:46'),('AA40','3rd','M006','A148','2023-05-21 11:27:46'),('AA40','4th','M006','A148','2023-05-21 11:27:46'),('WA60','1st','M024','A148','2022-06-17 18:26:09'),('WA60','2nd','M010','A148','2022-06-17 18:26:09'),('WA60','3rd','M010','A148','2022-06-17 18:26:09'),('WA60','4th','M010','A148','2022-06-17 18:26:09'),('WA70','1st','M028','A148','2021-10-25 12:38:54'),('WA70','1st','M028','A148','2022-04-06 07:32:33'),('WA70','2nd','M010','A148','2021-10-25 12:38:54'),('WA70','2nd','M010','A148','2022-04-06 07:32:33'),('WA70','3rd','M010','A148','2021-10-25 12:38:54'),('WA70','3rd','M010','A148','2022-04-06 07:32:33'),('WA70','4th','M010','A148','2021-10-25 12:38:54'),('WA70','4th','M010','A148','2022-04-06 07:32:33'),('WA90','1st','M032','A148','2022-02-11 01:59:37'),('WA90','2nd','M010','A148','2022-02-11 01:59:37'),('WA90','3rd','M010','A148','2022-02-11 01:59:37'),('WA90','4th','M010','A148','2022-02-11 01:59:37'),('WA70','1st','M028','A150','2021-10-25 12:38:54'),('WA70','2nd','M010','A150','2021-10-25 12:38:54'),('WA70','3rd','M010','A150','2021-10-25 12:38:54'),('WA70','4th','M010','A150','2021-10-25 12:38:54'),('WA90','1st','M032','A150','2023-05-03 13:07:05'),('WA90','1st','M032','A150','2023-05-20 19:23:29'),('WA90','2nd','M010','A150','2023-05-03 13:07:05'),('WA90','2nd','M010','A150','2023-05-20 19:23:29'),('WA90','3rd','M010','A150','2023-05-03 13:07:05'),('WA90','3rd','M010','A150','2023-05-20 19:23:29'),('WA90','4th','M010','A150','2023-05-03 13:07:05'),('WA90','4th','M010','A150','2023-05-20 19:23:29'),('AA50','1st','M020','A151','2022-01-15 10:29:14'),('AA50','2nd','M006','A151','2022-01-15 10:29:14'),('AA50','3rd','M006','A151','2022-01-15 10:29:14'),('AA50','4th','M006','A151','2022-01-15 10:29:14'),('WA60','1st','M024','A151','2021-03-14 03:15:49'),('WA60','2nd','M010','A151','2021-03-14 03:15:49'),('WA60','3rd','M010','A151','2021-03-14 03:15:49'),('WA60','4th','M010','A151','2021-03-14 03:15:49'),('WA90','1st','M032','A151','2022-04-04 11:42:05'),('WA90','2nd','M010','A151','2022-04-04 11:42:05'),('WA90','3rd','M010','A151','2022-04-04 11:42:05'),('WA90','4th','M010','A151','2022-04-04 11:42:05'),('AA50','1st','M020','A152','2022-02-11 05:33:02'),('AA50','1st','M020','A152','2022-07-01 14:46:08'),('AA50','2nd','M006','A152','2022-02-11 05:33:02'),('AA50','2nd','M006','A152','2022-07-01 14:46:08'),('AA50','3rd','M006','A152','2022-02-11 05:33:02'),('AA50','3rd','M006','A152','2022-07-01 14:46:08'),('AA50','4th','M006','A152','2022-02-11 05:33:02'),('AA50','4th','M006','A152','2022-07-01 14:46:08'),('AA40','1st','M016','A153','2022-02-19 08:48:40'),('AA40','1st','M016','A153','2022-09-13 23:25:09'),('AA40','2nd','M006','A153','2022-02-19 08:48:40'),('AA40','2nd','M006','A153','2022-09-13 23:25:09'),('AA40','3rd','M006','A153','2022-02-19 08:48:40'),('AA40','3rd','M006','A153','2022-09-13 23:25:09'),('AA40','4th','M006','A153','2022-02-19 08:48:40'),('AA40','4th','M006','A153','2022-09-13 23:25:09'),('AA50','1st','M020','A153','2021-11-25 17:51:51'),('AA50','1st','M020','A153','2023-01-25 00:59:28'),('AA50','2nd','M006','A153','2021-11-25 17:51:51'),('AA50','2nd','M006','A153','2023-01-25 00:59:28'),('AA50','3rd','M006','A153','2021-11-25 17:51:51'),('AA50','3rd','M006','A153','2023-01-25 00:59:28'),('AA50','4th','M006','A153','2021-11-25 17:51:51'),('AA50','4th','M006','A153','2023-01-25 00:59:28'),('AA40','1st','M016','A154','2022-01-28 09:11:33'),('AA40','2nd','M006','A154','2022-01-28 09:11:33'),('AA40','3rd','M006','A154','2022-01-28 09:11:33'),('AA40','4th','M006','A154','2022-01-28 09:11:33'),('AA50','1st','M020','A154','2023-01-22 10:34:30'),('AA50','2nd','M006','A154','2023-01-22 10:34:30'),('AA50','3rd','M006','A154','2023-01-22 10:34:30'),('AA50','4th','M006','A154','2023-01-22 10:34:30'),('WA60','1st','M024','A154','2021-07-01 01:22:36'),('WA60','1st','M024','A154','2022-05-22 08:33:42'),('WA60','2nd','M010','A154','2021-07-01 01:22:36'),('WA60','2nd','M010','A154','2022-05-22 08:33:42'),('WA60','3rd','M010','A154','2021-07-01 01:22:36'),('WA60','3rd','M010','A154','2022-05-22 08:33:42'),('WA60','4th','M010','A154','2021-07-01 01:22:36'),('WA60','4th','M010','A154','2022-05-22 08:33:42'),('AA40','1st','M016','A155','2022-06-07 16:31:13'),('AA40','2nd','M006','A155','2022-06-07 16:31:13'),('AA40','3rd','M006','A155','2022-06-07 16:31:13'),('AA40','4th','M006','A155','2022-06-07 16:31:13'),('WA60','1st','M024','A155','2022-06-21 12:27:46'),('WA60','2nd','M010','A155','2022-06-21 12:27:46'),('WA60','3rd','M010','A155','2022-06-21 12:27:46'),('WA60','4th','M010','A155','2022-06-21 12:27:46'),('WA70','1st','M028','A155','2022-11-18 12:24:39'),('WA70','2nd','M010','A155','2022-11-18 12:24:39'),('WA70','3rd','M010','A155','2022-11-18 12:24:39'),('WA70','4th','M010','A155','2022-11-18 12:24:39'),('WA70','1st','M028','A156','2021-08-08 17:15:55'),('WA70','2nd','M010','A156','2021-08-08 17:15:55'),('WA70','3rd','M010','A156','2021-08-08 17:15:55'),('WA70','4th','M010','A156','2021-08-08 17:15:55'),('AA40','1st','M016','A157','2021-04-26 14:09:28'),('AA40','1st','M016','A157','2022-01-16 04:43:37'),('AA40','2nd','M006','A157','2021-04-26 14:09:28'),('AA40','2nd','M006','A157','2022-01-16 04:43:37'),('AA40','3rd','M006','A157','2021-04-26 14:09:28'),('AA40','3rd','M006','A157','2022-01-16 04:43:37'),('AA40','4th','M006','A157','2021-04-26 14:09:28'),('AA40','4th','M006','A157','2022-01-16 04:43:37'),('WA60','1st','M024','A157','2021-05-06 10:00:07'),('WA60','1st','M024','A157','2023-05-10 21:02:13'),('WA60','2nd','M010','A157','2021-05-06 10:00:07'),('WA60','2nd','M010','A157','2023-05-10 21:02:13'),('WA60','3rd','M010','A157','2021-05-06 10:00:07'),('WA60','3rd','M010','A157','2023-05-10 21:02:13'),('WA60','4th','M010','A157','2021-05-06 10:00:07'),('WA60','4th','M010','A157','2023-05-10 21:02:13'),('WA70','1st','M028','A157','2022-11-05 12:06:51'),('WA70','2nd','M010','A157','2022-11-05 12:06:51'),('WA70','3rd','M010','A157','2022-11-05 12:06:51'),('WA70','4th','M010','A157','2022-11-05 12:06:51'),('WA60','1st','M024','A158','2021-03-15 00:45:41'),('WA60','1st','M024','A158','2022-06-17 18:26:09'),('WA60','2nd','M010','A158','2021-03-15 00:45:41'),('WA60','2nd','M010','A158','2022-06-17 18:26:09'),('WA60','3rd','M010','A158','2021-03-15 00:45:41'),('WA60','3rd','M010','A158','2022-06-17 18:26:09'),('WA60','4th','M010','A158','2021-03-15 00:45:41'),('WA60','4th','M010','A158','2022-06-17 18:26:09'),('AA40','1st','M016','A159','2021-07-25 21:13:38'),('AA40','2nd','M006','A159','2021-07-25 21:13:38'),('AA40','3rd','M006','A159','2021-07-25 21:13:38'),('AA40','4th','M006','A159','2021-07-25 21:13:38'),('WA60','1st','M024','A159','2022-05-28 13:16:30'),('WA60','2nd','M010','A159','2022-05-28 13:16:30'),('WA60','3rd','M010','A159','2022-05-28 13:16:30'),('WA60','4th','M010','A159','2022-05-28 13:16:30'),('WA70','1st','M028','A159','2022-09-24 10:09:04'),('WA70','2nd','M010','A159','2022-09-24 10:09:04'),('WA70','3rd','M010','A159','2022-09-24 10:09:04'),('WA70','4th','M010','A159','2022-09-24 10:09:04'),('WA90','1st','M032','A159','2023-02-28 12:25:30'),('WA90','2nd','M010','A159','2023-02-28 12:25:30'),('WA90','3rd','M010','A159','2023-02-28 12:25:30'),('WA90','4th','M010','A159','2023-02-28 12:25:30'),('AA40','1st','M016','A160','2021-07-11 04:07:57'),('AA40','1st','M016','A160','2022-10-02 18:22:35'),('AA40','2nd','M006','A160','2021-07-11 04:07:57'),('AA40','2nd','M006','A160','2022-10-02 18:22:35'),('AA40','3rd','M006','A160','2021-07-11 04:07:57'),('AA40','3rd','M006','A160','2022-10-02 18:22:35'),('AA40','4th','M006','A160','2021-07-11 04:07:57'),('AA40','4th','M006','A160','2022-10-02 18:22:35'),('WA60','1st','M024','A160','2022-12-22 03:41:18'),('WA60','2nd','M010','A160','2022-12-22 03:41:18'),('WA60','3rd','M010','A160','2022-12-22 03:41:18'),('WA60','4th','M010','A160','2022-12-22 03:41:18'),('WA70','1st','M028','A160','2021-05-20 00:18:07'),('WA70','2nd','M010','A160','2021-05-20 00:18:07'),('WA70','3rd','M010','A160','2021-05-20 00:18:07'),('WA70','4th','M010','A160','2021-05-20 00:18:07'),('AA40','1st','M016','A161','2022-01-28 09:11:33'),('AA40','2nd','M006','A161','2022-01-28 09:11:33'),('AA40','3rd','M006','A161','2022-01-28 09:11:33'),('AA40','4th','M006','A161','2022-01-28 09:11:33'),('WA70','1st','M028','A161','2021-02-03 23:50:03'),('WA70','2nd','M010','A161','2021-02-03 23:50:03'),('WA70','3rd','M010','A161','2021-02-03 23:50:03'),('WA70','4th','M010','A161','2021-02-03 23:50:03'),('AA40','1st','M016','A162','2021-02-28 23:15:38'),('AA40','1st','M016','A162','2021-10-03 16:55:25'),('AA40','2nd','M006','A162','2021-02-28 23:15:38'),('AA40','2nd','M006','A162','2021-10-03 16:55:25'),('AA40','3rd','M006','A162','2021-02-28 23:15:38'),('AA40','3rd','M006','A162','2021-10-03 16:55:25'),('AA40','4th','M006','A162','2021-02-28 23:15:38'),('AA40','4th','M006','A162','2021-10-03 16:55:25'),('WA70','1st','M028','A162','2022-12-05 21:06:23'),('WA70','1st','M028','A162','2023-06-04 14:55:05'),('WA70','2nd','M010','A162','2022-12-05 21:06:23'),('WA70','2nd','M010','A162','2023-06-04 14:55:05'),('WA70','3rd','M010','A162','2022-12-05 21:06:23'),('WA70','3rd','M010','A162','2023-06-04 14:55:05'),('WA70','4th','M010','A162','2022-12-05 21:06:23'),('WA70','4th','M010','A162','2023-06-04 14:55:05'),('AA40','1st','M016','A163','2021-06-10 07:14:59'),('AA40','2nd','M006','A163','2021-06-10 07:14:59'),('AA40','3rd','M006','A163','2021-06-10 07:14:59'),('AA40','4th','M006','A163','2021-06-10 07:14:59'),('AA50','1st','M020','A163','2021-07-20 17:41:25'),('AA50','2nd','M006','A163','2021-07-20 17:41:25'),('AA50','3rd','M006','A163','2021-07-20 17:41:25'),('AA50','4th','M006','A163','2021-07-20 17:41:25'),('WA60','1st','M024','A163','2022-05-28 13:16:30'),('WA60','2nd','M010','A163','2022-05-28 13:16:30'),('WA60','3rd','M010','A163','2022-05-28 13:16:30'),('WA60','4th','M010','A163','2022-05-28 13:16:30'),('AA40','1st','M016','A164','2022-09-25 01:38:19'),('AA40','2nd','M006','A164','2022-09-25 01:38:19'),('AA40','3rd','M006','A164','2022-09-25 01:38:19'),('AA40','4th','M006','A164','2022-09-25 01:38:19'),('WA60','1st','M024','A164','2022-06-21 12:27:46'),('WA60','2nd','M010','A164','2022-06-21 12:27:46'),('WA60','3rd','M010','A164','2022-06-21 12:27:46'),('WA60','4th','M010','A164','2022-06-21 12:27:46'),('WA90','1st','M032','A164','2022-01-18 13:45:28'),('WA90','2nd','M010','A164','2022-01-18 13:45:28'),('WA90','3rd','M010','A164','2022-01-18 13:45:28'),('WA90','4th','M010','A164','2022-01-18 13:45:28'),('AA40','1st','M016','A165','2021-06-05 06:38:15'),('AA40','2nd','M006','A165','2021-06-05 06:38:15'),('AA40','3rd','M006','A165','2021-06-05 06:38:15'),('AA40','4th','M006','A165','2021-06-05 06:38:15'),('AA50','1st','M020','A165','2021-12-06 18:35:25'),('AA50','1st','M020','A165','2022-04-27 16:31:04'),('AA50','2nd','M006','A165','2021-12-06 18:35:25'),('AA50','2nd','M006','A165','2022-04-27 16:31:04'),('AA50','3rd','M006','A165','2021-12-06 18:35:25'),('AA50','3rd','M006','A165','2022-04-27 16:31:04'),('AA50','4th','M006','A165','2021-12-06 18:35:25'),('AA50','4th','M006','A165','2022-04-27 16:31:04'),('WA60','1st','M024','A165','2021-06-19 21:06:21'),('WA60','1st','M024','A165','2022-10-01 15:23:51'),('WA60','2nd','M010','A165','2021-06-19 21:06:21'),('WA60','2nd','M010','A165','2022-10-01 15:23:51'),('WA60','3rd','M010','A165','2021-06-19 21:06:21'),('WA60','3rd','M010','A165','2022-10-01 15:23:51'),('WA60','4th','M010','A165','2021-06-19 21:06:21'),('WA60','4th','M010','A165','2022-10-01 15:23:51'),('WA70','1st','M028','A165','2022-03-29 17:52:46'),('WA70','2nd','M010','A165','2022-03-29 17:52:46'),('WA70','3rd','M010','A165','2022-03-29 17:52:46'),('WA70','4th','M010','A165','2022-03-29 17:52:46'),('AA40','1st','M016','A166','2022-02-17 09:21:36'),('AA40','2nd','M006','A166','2022-02-17 09:21:36'),('AA40','3rd','M006','A166','2022-02-17 09:21:36'),('AA40','4th','M006','A166','2022-02-17 09:21:36'),('AA50','1st','M020','A166','2022-01-01 03:19:13'),('AA50','2nd','M006','A166','2022-01-01 03:19:13'),('AA50','3rd','M006','A166','2022-01-01 03:19:13'),('AA50','4th','M006','A166','2022-01-01 03:19:13'),('WA60','1st','M024','A166','2021-11-02 00:40:30'),('WA60','1st','M024','A166','2021-12-25 09:53:37'),('WA60','1st','M024','A166','2022-02-05 08:50:49'),('WA60','1st','M024','A166','2023-05-31 10:06:11'),('WA60','2nd','M010','A166','2021-11-02 00:40:30'),('WA60','2nd','M010','A166','2021-12-25 09:53:37'),('WA60','2nd','M010','A166','2022-02-05 08:50:49'),('WA60','2nd','M010','A166','2023-05-31 10:06:11'),('WA60','3rd','M010','A166','2021-11-02 00:40:30'),('WA60','3rd','M010','A166','2021-12-25 09:53:37'),('WA60','3rd','M010','A166','2022-02-05 08:50:49'),('WA60','3rd','M010','A166','2023-05-31 10:06:11'),('WA60','4th','M010','A166','2021-11-02 00:40:30'),('WA60','4th','M010','A166','2021-12-25 09:53:37'),('WA60','4th','M010','A166','2022-02-05 08:50:49'),('WA60','4th','M010','A166','2023-05-31 10:06:11'),('WA90','1st','M032','A166','2022-06-27 04:03:20'),('WA90','2nd','M010','A166','2022-06-27 04:03:20'),('WA90','3rd','M010','A166','2022-06-27 04:03:20'),('WA90','4th','M010','A166','2022-06-27 04:03:20'),('AA50','1st','M020','A168','2022-01-24 02:30:58'),('AA50','2nd','M006','A168','2022-01-24 02:30:58'),('AA50','3rd','M006','A168','2022-01-24 02:30:58'),('AA50','4th','M006','A168','2022-01-24 02:30:58'),('WA60','1st','M024','A168','2022-05-22 08:33:42'),('WA60','2nd','M010','A168','2022-05-22 08:33:42'),('WA60','3rd','M010','A168','2022-05-22 08:33:42'),('WA60','4th','M010','A168','2022-05-22 08:33:42'),('WA70','1st','M028','A168','2022-11-18 12:24:39'),('WA70','2nd','M010','A168','2022-11-18 12:24:39'),('WA70','3rd','M010','A168','2022-11-18 12:24:39'),('WA70','4th','M010','A168','2022-11-18 12:24:39'),('WA90','1st','M032','A169','2021-12-24 16:46:25'),('WA90','1st','M032','A169','2022-03-06 09:05:03'),('WA90','2nd','M010','A169','2021-12-24 16:46:25'),('WA90','2nd','M010','A169','2022-03-06 09:05:03'),('WA90','3rd','M010','A169','2021-12-24 16:46:25'),('WA90','3rd','M010','A169','2022-03-06 09:05:03'),('WA90','4th','M010','A169','2021-12-24 16:46:25'),('WA90','4th','M010','A169','2022-03-06 09:05:03'),('AA40','1st','M016','A170','2022-01-28 09:11:33'),('AA40','2nd','M006','A170','2022-01-28 09:11:33'),('AA40','3rd','M006','A170','2022-01-28 09:11:33'),('AA40','4th','M006','A170','2022-01-28 09:11:33'),('AA50','1st','M020','A170','2022-10-06 03:04:39'),('AA50','1st','M020','A170','2022-11-18 06:47:20'),('AA50','2nd','M006','A170','2022-10-06 03:04:39'),('AA50','2nd','M006','A170','2022-11-18 06:47:20'),('AA50','3rd','M006','A170','2022-10-06 03:04:39'),('AA50','3rd','M006','A170','2022-11-18 06:47:20'),('AA50','4th','M006','A170','2022-10-06 03:04:39'),('AA50','4th','M006','A170','2022-11-18 06:47:20'),('WA60','1st','M024','A170','2022-05-23 12:34:51'),('WA60','1st','M024','A170','2022-10-01 15:23:51'),('WA60','2nd','M010','A170','2022-05-23 12:34:51'),('WA60','2nd','M010','A170','2022-10-01 15:23:51'),('WA60','3rd','M010','A170','2022-05-23 12:34:51'),('WA60','3rd','M010','A170','2022-10-01 15:23:51'),('WA60','4th','M010','A170','2022-05-23 12:34:51'),('WA60','4th','M010','A170','2022-10-01 15:23:51'),('WA70','1st','M028','A170','2021-01-02 05:42:59'),('WA70','1st','M028','A170','2021-08-08 17:15:55'),('WA70','2nd','M010','A170','2021-01-02 05:42:59'),('WA70','2nd','M010','A170','2021-08-08 17:15:55'),('WA70','3rd','M010','A170','2021-01-02 05:42:59'),('WA70','3rd','M010','A170','2021-08-08 17:15:55'),('WA70','4th','M010','A170','2021-01-02 05:42:59'),('WA70','4th','M010','A170','2021-08-08 17:15:55'),('AA40','1st','M016','A171','2022-09-13 23:25:09'),('AA40','2nd','M006','A171','2022-09-13 23:25:09'),('AA40','3rd','M006','A171','2022-09-13 23:25:09'),('AA40','4th','M006','A171','2022-09-13 23:25:09'),('AA50','1st','M020','A171','2022-02-23 17:57:16'),('AA50','2nd','M006','A171','2022-02-23 17:57:16'),('AA50','3rd','M006','A171','2022-02-23 17:57:16'),('AA50','4th','M006','A171','2022-02-23 17:57:16'),('WA90','1st','M032','A171','2022-06-12 08:33:24'),('WA90','2nd','M010','A171','2022-06-12 08:33:24'),('WA90','3rd','M010','A171','2022-06-12 08:33:24'),('WA90','4th','M010','A171','2022-06-12 08:33:24'),('AA40','1st','M016','A172','2021-09-21 01:46:44'),('AA40','2nd','M006','A172','2021-09-21 01:46:44'),('AA40','3rd','M006','A172','2021-09-21 01:46:44'),('AA40','4th','M006','A172','2021-09-21 01:46:44'),('AA40','1st','M016','A173','2022-01-28 09:11:33'),('AA40','2nd','M006','A173','2022-01-28 09:11:33'),('AA40','3rd','M006','A173','2022-01-28 09:11:33'),('AA40','4th','M006','A173','2022-01-28 09:11:33'),('AA50','1st','M020','A173','2021-12-06 18:35:25'),('AA50','1st','M020','A173','2021-12-11 03:41:15'),('AA50','1st','M020','A173','2022-04-20 15:49:01'),('AA50','1st','M020','A173','2022-10-06 03:04:39'),('AA50','2nd','M006','A173','2021-12-06 18:35:25'),('AA50','2nd','M006','A173','2021-12-11 03:41:15'),('AA50','2nd','M006','A173','2022-04-20 15:49:01'),('AA50','2nd','M006','A173','2022-10-06 03:04:39'),('AA50','3rd','M006','A173','2021-12-06 18:35:25'),('AA50','3rd','M006','A173','2021-12-11 03:41:15'),('AA50','3rd','M006','A173','2022-04-20 15:49:01'),('AA50','3rd','M006','A173','2022-10-06 03:04:39'),('AA50','4th','M006','A173','2021-12-06 18:35:25'),('AA50','4th','M006','A173','2021-12-11 03:41:15'),('AA50','4th','M006','A173','2022-04-20 15:49:01'),('AA50','4th','M006','A173','2022-10-06 03:04:39'),('WA60','1st','M024','A173','2021-07-22 08:07:01'),('WA60','2nd','M010','A173','2021-07-22 08:07:01'),('WA60','3rd','M010','A173','2021-07-22 08:07:01'),('WA60','4th','M010','A173','2021-07-22 08:07:01'),('WA90','1st','M032','A173','2023-04-01 00:20:00'),('WA90','1st','M032','A173','2023-05-20 04:59:36'),('WA90','2nd','M010','A173','2023-04-01 00:20:00'),('WA90','2nd','M010','A173','2023-05-20 04:59:36'),('WA90','3rd','M010','A173','2023-04-01 00:20:00'),('WA90','3rd','M010','A173','2023-05-20 04:59:36'),('WA90','4th','M010','A173','2023-04-01 00:20:00'),('WA90','4th','M010','A173','2023-05-20 04:59:36'),('AA40','1st','M016','A174','2021-04-02 22:41:07'),('AA40','1st','M016','A174','2021-10-21 00:06:39'),('AA40','2nd','M006','A174','2021-04-02 22:41:07'),('AA40','2nd','M006','A174','2021-10-21 00:06:39'),('AA40','3rd','M006','A174','2021-04-02 22:41:07'),('AA40','3rd','M006','A174','2021-10-21 00:06:39'),('AA40','4th','M006','A174','2021-04-02 22:41:07'),('AA40','4th','M006','A174','2021-10-21 00:06:39'),('AA50','1st','M020','A174','2021-08-27 23:28:19'),('AA50','1st','M020','A174','2022-11-27 00:44:34'),('AA50','2nd','M006','A174','2021-08-27 23:28:19'),('AA50','2nd','M006','A174','2022-11-27 00:44:34'),('AA50','3rd','M006','A174','2021-08-27 23:28:19'),('AA50','3rd','M006','A174','2022-11-27 00:44:34'),('AA50','4th','M006','A174','2021-08-27 23:28:19'),('AA50','4th','M006','A174','2022-11-27 00:44:34'),('WA90','1st','M032','A174','2021-07-22 00:01:14'),('WA90','1st','M032','A174','2021-12-24 16:46:25'),('WA90','1st','M032','A174','2023-05-03 13:04:07'),('WA90','2nd','M010','A174','2021-07-22 00:01:14'),('WA90','2nd','M010','A174','2021-12-24 16:46:25'),('WA90','2nd','M010','A174','2023-05-03 13:04:07'),('WA90','3rd','M010','A174','2021-07-22 00:01:14'),('WA90','3rd','M010','A174','2021-12-24 16:46:25'),('WA90','3rd','M010','A174','2023-05-03 13:04:07'),('WA90','4th','M010','A174','2021-07-22 00:01:14'),('WA90','4th','M010','A174','2021-12-24 16:46:25'),('WA90','4th','M010','A174','2023-05-03 13:04:07'),('AA40','1st','M016','A175','2021-05-21 15:10:11'),('AA40','2nd','M006','A175','2021-05-21 15:10:11'),('AA40','3rd','M006','A175','2021-05-21 15:10:11'),('AA40','4th','M006','A175','2021-05-21 15:10:11'),('AA50','1st','M020','A175','2021-03-06 07:25:41'),('AA50','1st','M020','A175','2022-02-11 05:33:02'),('AA50','1st','M020','A175','2022-06-13 01:31:03'),('AA50','1st','M020','A175','2022-10-06 03:04:39'),('AA50','2nd','M006','A175','2021-03-06 07:25:41'),('AA50','2nd','M006','A175','2022-02-11 05:33:02'),('AA50','2nd','M006','A175','2022-06-13 01:31:03'),('AA50','2nd','M006','A175','2022-10-06 03:04:39'),('AA50','3rd','M006','A175','2021-03-06 07:25:41'),('AA50','3rd','M006','A175','2022-02-11 05:33:02'),('AA50','3rd','M006','A175','2022-06-13 01:31:03'),('AA50','3rd','M006','A175','2022-10-06 03:04:39'),('AA50','4th','M006','A175','2021-03-06 07:25:41'),('AA50','4th','M006','A175','2022-02-11 05:33:02'),('AA50','4th','M006','A175','2022-06-13 01:31:03'),('AA50','4th','M006','A175','2022-10-06 03:04:39'),('WA70','1st','M028','A175','2023-03-27 02:42:50'),('WA70','2nd','M010','A175','2023-03-27 02:42:50'),('WA70','3rd','M010','A175','2023-03-27 02:42:50'),('WA70','4th','M010','A175','2023-03-27 02:42:50'),('WA90','1st','M032','A175','2021-12-24 20:09:49'),('WA90','1st','M032','A175','2022-01-29 23:29:53'),('WA90','2nd','M010','A175','2021-12-24 20:09:49'),('WA90','2nd','M010','A175','2022-01-29 23:29:53'),('WA90','3rd','M010','A175','2021-12-24 20:09:49'),('WA90','3rd','M010','A175','2022-01-29 23:29:53'),('WA90','4th','M010','A175','2021-12-24 20:09:49'),('WA90','4th','M010','A175','2022-01-29 23:29:53'),('AA40','1st','M016','A176','2022-01-28 09:11:33'),('AA40','1st','M016','A176','2022-03-31 11:20:28'),('AA40','2nd','M006','A176','2022-01-28 09:11:33'),('AA40','2nd','M006','A176','2022-03-31 11:20:28'),('AA40','3rd','M006','A176','2022-01-28 09:11:33'),('AA40','3rd','M006','A176','2022-03-31 11:20:28'),('AA40','4th','M006','A176','2022-01-28 09:11:33'),('AA40','4th','M006','A176','2022-03-31 11:20:28'),('AA50','1st','M020','A176','2023-02-23 16:42:01'),('AA50','2nd','M006','A176','2023-02-23 16:42:01'),('AA50','3rd','M006','A176','2023-02-23 16:42:01'),('AA50','4th','M006','A176','2023-02-23 16:42:01'),('WA60','1st','M024','A176','2021-06-13 00:52:27'),('WA60','2nd','M010','A176','2021-06-13 00:52:27'),('WA60','3rd','M010','A176','2021-06-13 00:52:27'),('WA60','4th','M010','A176','2021-06-13 00:52:27'),('WA70','1st','M028','A176','2021-10-25 12:38:54'),('WA70','1st','M028','A176','2022-06-08 22:11:30'),('WA70','2nd','M010','A176','2021-10-25 12:38:54'),('WA70','2nd','M010','A176','2022-06-08 22:11:30'),('WA70','3rd','M010','A176','2021-10-25 12:38:54'),('WA70','3rd','M010','A176','2022-06-08 22:11:30'),('WA70','4th','M010','A176','2021-10-25 12:38:54'),('WA70','4th','M010','A176','2022-06-08 22:11:30'),('AA50','1st','M020','A177','2023-06-18 04:45:59'),('AA50','2nd','M006','A177','2023-06-18 04:45:59'),('AA50','3rd','M006','A177','2023-06-18 04:45:59'),('AA50','4th','M006','A177','2023-06-18 04:45:59'),('WA60','1st','M024','A177','2022-03-06 11:49:45'),('WA60','2nd','M010','A177','2022-03-06 11:49:45'),('WA60','3rd','M010','A177','2022-03-06 11:49:45'),('WA60','4th','M010','A177','2022-03-06 11:49:45'),('WA70','1st','M028','A177','2022-03-29 17:52:46'),('WA70','2nd','M010','A177','2022-03-29 17:52:46'),('WA70','3rd','M010','A177','2022-03-29 17:52:46'),('WA70','4th','M010','A177','2022-03-29 17:52:46'),('WA60','1st','M024','A178','2021-11-11 23:41:00'),('WA60','2nd','M010','A178','2021-11-11 23:41:00'),('WA60','3rd','M010','A178','2021-11-11 23:41:00'),('WA60','4th','M010','A178','2021-11-11 23:41:00'),('WA70','1st','M028','A179','2021-04-12 19:31:05'),('WA70','1st','M028','A179','2022-09-23 10:17:33'),('WA70','2nd','M010','A179','2021-04-12 19:31:05'),('WA70','2nd','M010','A179','2022-09-23 10:17:33'),('WA70','3rd','M010','A179','2021-04-12 19:31:05'),('WA70','3rd','M010','A179','2022-09-23 10:17:33'),('WA70','4th','M010','A179','2021-04-12 19:31:05'),('WA70','4th','M010','A179','2022-09-23 10:17:33'),('WA90','1st','M032','A179','2023-05-03 13:04:07'),('WA90','2nd','M010','A179','2023-05-03 13:04:07'),('WA90','3rd','M010','A179','2023-05-03 13:04:07'),('WA90','4th','M010','A179','2023-05-03 13:04:07'),('AA40','1st','M016','A180','2022-03-31 11:20:28'),('AA40','2nd','M006','A180','2022-03-31 11:20:28'),('AA40','3rd','M006','A180','2022-03-31 11:20:28'),('AA40','4th','M006','A180','2022-03-31 11:20:28'),('AA50','1st','M020','A180','2022-09-12 21:54:05'),('AA50','2nd','M006','A180','2022-09-12 21:54:05'),('AA50','3rd','M006','A180','2022-09-12 21:54:05'),('AA50','4th','M006','A180','2022-09-12 21:54:05'),('WA60','1st','M024','A180','2021-03-14 14:49:36'),('WA60','2nd','M010','A180','2021-03-14 14:49:36'),('WA60','3rd','M010','A180','2021-03-14 14:49:36'),('WA60','4th','M010','A180','2021-03-14 14:49:36'),('WA70','1st','M028','A180','2022-02-04 01:57:00'),('WA70','1st','M028','A180','2022-12-05 21:06:23'),('WA70','2nd','M010','A180','2022-02-04 01:57:00'),('WA70','2nd','M010','A180','2022-12-05 21:06:23'),('WA70','3rd','M010','A180','2022-02-04 01:57:00'),('WA70','3rd','M010','A180','2022-12-05 21:06:23'),('WA70','4th','M010','A180','2022-02-04 01:57:00'),('WA70','4th','M010','A180','2022-12-05 21:06:23'),('AA40','1st','M016','A181','2021-12-26 04:39:48'),('AA40','2nd','M006','A181','2021-12-26 04:39:48'),('AA40','3rd','M006','A181','2021-12-26 04:39:48'),('AA40','4th','M006','A181','2021-12-26 04:39:48'),('WA70','1st','M028','A181','2021-12-04 05:15:14'),('WA70','2nd','M010','A181','2021-12-04 05:15:14'),('WA70','3rd','M010','A181','2021-12-04 05:15:14'),('WA70','4th','M010','A181','2021-12-04 05:15:14'),('AA40','1st','M016','A182','2021-07-25 21:13:38'),('AA40','2nd','M006','A182','2021-07-25 21:13:38'),('AA40','3rd','M006','A182','2021-07-25 21:13:38'),('AA40','4th','M006','A182','2021-07-25 21:13:38'),('AA50','1st','M020','A182','2023-02-07 13:49:20'),('AA50','2nd','M006','A182','2023-02-07 13:49:20'),('AA50','3rd','M006','A182','2023-02-07 13:49:20'),('AA50','4th','M006','A182','2023-02-07 13:49:20'),('WA60','1st','M024','A182','2021-05-06 10:00:07'),('WA60','1st','M024','A182','2022-05-28 13:16:30'),('WA60','2nd','M010','A182','2021-05-06 10:00:07'),('WA60','2nd','M010','A182','2022-05-28 13:16:30'),('WA60','3rd','M010','A182','2021-05-06 10:00:07'),('WA60','3rd','M010','A182','2022-05-28 13:16:30'),('WA60','4th','M010','A182','2021-05-06 10:00:07'),('WA60','4th','M010','A182','2022-05-28 13:16:30'),('WA90','1st','M032','A182','2022-02-11 01:59:37'),('WA90','2nd','M010','A182','2022-02-11 01:59:37'),('WA90','3rd','M010','A182','2022-02-11 01:59:37'),('WA90','4th','M010','A182','2022-02-11 01:59:37'),('AA50','1st','M020','A183','2022-09-12 21:54:05'),('AA50','2nd','M006','A183','2022-09-12 21:54:05'),('AA50','3rd','M006','A183','2022-09-12 21:54:05'),('AA50','4th','M006','A183','2022-09-12 21:54:05'),('AA40','1st','M016','A184','2022-01-16 04:43:37'),('AA40','1st','M016','A184','2022-01-28 09:11:33'),('AA40','2nd','M006','A184','2022-01-16 04:43:37'),('AA40','2nd','M006','A184','2022-01-28 09:11:33'),('AA40','3rd','M006','A184','2022-01-16 04:43:37'),('AA40','3rd','M006','A184','2022-01-28 09:11:33'),('AA40','4th','M006','A184','2022-01-16 04:43:37'),('AA40','4th','M006','A184','2022-01-28 09:11:33'),('WA60','1st','M024','A184','2021-03-14 03:15:49'),('WA60','1st','M024','A184','2021-06-19 21:06:21'),('WA60','1st','M024','A184','2022-12-22 03:41:18'),('WA60','2nd','M010','A184','2021-03-14 03:15:49'),('WA60','2nd','M010','A184','2021-06-19 21:06:21'),('WA60','2nd','M010','A184','2022-12-22 03:41:18'),('WA60','3rd','M010','A184','2021-03-14 03:15:49'),('WA60','3rd','M010','A184','2021-06-19 21:06:21'),('WA60','3rd','M010','A184','2022-12-22 03:41:18'),('WA60','4th','M010','A184','2021-03-14 03:15:49'),('WA60','4th','M010','A184','2021-06-19 21:06:21'),('WA60','4th','M010','A184','2022-12-22 03:41:18'),('WA90','1st','M032','A184','2022-06-29 08:37:23'),('WA90','2nd','M010','A184','2022-06-29 08:37:23'),('WA90','3rd','M010','A184','2022-06-29 08:37:23'),('WA90','4th','M010','A184','2022-06-29 08:37:23'),('WA90','1st','M032','A185','2022-04-04 11:42:05'),('WA90','1st','M032','A185','2023-02-03 11:47:39'),('WA90','1st','M032','A185','2023-04-01 00:20:00'),('WA90','2nd','M010','A185','2022-04-04 11:42:05'),('WA90','2nd','M010','A185','2023-02-03 11:47:39'),('WA90','2nd','M010','A185','2023-04-01 00:20:00'),('WA90','3rd','M010','A185','2022-04-04 11:42:05'),('WA90','3rd','M010','A185','2023-02-03 11:47:39'),('WA90','3rd','M010','A185','2023-04-01 00:20:00'),('WA90','4th','M010','A185','2022-04-04 11:42:05'),('WA90','4th','M010','A185','2023-02-03 11:47:39'),('WA90','4th','M010','A185','2023-04-01 00:20:00'),('AA40','1st','M016','A186','2021-06-10 07:14:59'),('AA40','2nd','M006','A186','2021-06-10 07:14:59'),('AA40','3rd','M006','A186','2021-06-10 07:14:59'),('AA40','4th','M006','A186','2021-06-10 07:14:59'),('WA60','1st','M024','A186','2021-05-30 16:49:25'),('WA60','1st','M024','A186','2021-06-19 21:06:21'),('WA60','2nd','M010','A186','2021-05-30 16:49:25'),('WA60','2nd','M010','A186','2021-06-19 21:06:21'),('WA60','3rd','M010','A186','2021-05-30 16:49:25'),('WA60','3rd','M010','A186','2021-06-19 21:06:21'),('WA60','4th','M010','A186','2021-05-30 16:49:25'),('WA60','4th','M010','A186','2021-06-19 21:06:21'),('WA70','1st','M028','A186','2022-08-04 11:33:07'),('WA70','2nd','M010','A186','2022-08-04 11:33:07'),('WA70','3rd','M010','A186','2022-08-04 11:33:07'),('WA70','4th','M010','A186','2022-08-04 11:33:07'),('AA40','1st','M016','A187','2021-09-21 01:46:44'),('AA40','1st','M016','A187','2023-06-14 21:30:25'),('AA40','2nd','M006','A187','2021-09-21 01:46:44'),('AA40','2nd','M006','A187','2023-06-14 21:30:25'),('AA40','3rd','M006','A187','2021-09-21 01:46:44'),('AA40','3rd','M006','A187','2023-06-14 21:30:25'),('AA40','4th','M006','A187','2021-09-21 01:46:44'),('AA40','4th','M006','A187','2023-06-14 21:30:25'),('AA50','1st','M020','A187','2021-08-27 23:28:19'),('AA50','1st','M020','A187','2021-10-25 07:55:58'),('AA50','2nd','M006','A187','2021-08-27 23:28:19'),('AA50','2nd','M006','A187','2021-10-25 07:55:58'),('AA50','3rd','M006','A187','2021-08-27 23:28:19'),('AA50','3rd','M006','A187','2021-10-25 07:55:58'),('AA50','4th','M006','A187','2021-08-27 23:28:19'),('AA50','4th','M006','A187','2021-10-25 07:55:58'),('WA60','1st','M024','A187','2022-08-16 17:43:59'),('WA60','2nd','M010','A187','2022-08-16 17:43:59'),('WA60','3rd','M010','A187','2022-08-16 17:43:59'),('WA60','4th','M010','A187','2022-08-16 17:43:59'),('AA50','1st','M020','A188','2022-09-12 21:54:05'),('AA50','1st','M020','A188','2023-02-23 16:42:01'),('AA50','2nd','M006','A188','2022-09-12 21:54:05'),('AA50','2nd','M006','A188','2023-02-23 16:42:01'),('AA50','3rd','M006','A188','2022-09-12 21:54:05'),('AA50','3rd','M006','A188','2023-02-23 16:42:01'),('AA50','4th','M006','A188','2022-09-12 21:54:05'),('AA50','4th','M006','A188','2023-02-23 16:42:01'),('WA60','1st','M024','A188','2021-03-15 00:45:41'),('WA60','2nd','M010','A188','2021-03-15 00:45:41'),('WA60','3rd','M010','A188','2021-03-15 00:45:41'),('WA60','4th','M010','A188','2021-03-15 00:45:41'),('WA90','1st','M032','A188','2021-07-22 00:01:14'),('WA90','2nd','M010','A188','2021-07-22 00:01:14'),('WA90','3rd','M010','A188','2021-07-22 00:01:14'),('WA90','4th','M010','A188','2021-07-22 00:01:14'),('AA40','1st','M016','A189','2022-01-28 09:11:33'),('AA40','2nd','M006','A189','2022-01-28 09:11:33'),('AA40','3rd','M006','A189','2022-01-28 09:11:33'),('AA40','4th','M006','A189','2022-01-28 09:11:33'),('AA50','1st','M020','A189','2022-09-12 21:54:05'),('AA50','2nd','M006','A189','2022-09-12 21:54:05'),('AA50','3rd','M006','A189','2022-09-12 21:54:05'),('AA50','4th','M006','A189','2022-09-12 21:54:05'),('WA60','1st','M024','A189','2022-02-05 08:50:49'),('WA60','2nd','M010','A189','2022-02-05 08:50:49'),('WA60','3rd','M010','A189','2022-02-05 08:50:49'),('WA60','4th','M010','A189','2022-02-05 08:50:49'),('AA40','1st','M016','A190','2022-02-16 02:46:58'),('AA40','2nd','M006','A190','2022-02-16 02:46:58'),('AA40','3rd','M006','A190','2022-02-16 02:46:58'),('AA40','4th','M006','A190','2022-02-16 02:46:58'),('AA50','1st','M020','A190','2021-11-25 17:51:51'),('AA50','2nd','M006','A190','2021-11-25 17:51:51'),('AA50','3rd','M006','A190','2021-11-25 17:51:51'),('AA50','4th','M006','A190','2021-11-25 17:51:51'),('WA60','1st','M024','A190','2021-09-30 10:54:06'),('WA60','2nd','M010','A190','2021-09-30 10:54:06'),('WA60','3rd','M010','A190','2021-09-30 10:54:06'),('WA60','4th','M010','A190','2021-09-30 10:54:06'),('WA70','1st','M028','A190','2023-06-04 14:55:05'),('WA70','2nd','M010','A190','2023-06-04 14:55:05'),('WA70','3rd','M010','A190','2023-06-04 14:55:05'),('WA70','4th','M010','A190','2023-06-04 14:55:05'),('WA60','1st','M024','A191','2021-08-24 00:04:47'),('WA60','2nd','M010','A191','2021-08-24 00:04:47'),('WA60','3rd','M010','A191','2021-08-24 00:04:47'),('WA60','4th','M010','A191','2021-08-24 00:04:47'),('WA70','1st','M028','A191','2021-01-04 23:38:31'),('WA70','1st','M028','A191','2022-06-08 22:11:30'),('WA70','2nd','M010','A191','2021-01-04 23:38:31'),('WA70','2nd','M010','A191','2022-06-08 22:11:30'),('WA70','3rd','M010','A191','2021-01-04 23:38:31'),('WA70','3rd','M010','A191','2022-06-08 22:11:30'),('WA70','4th','M010','A191','2021-01-04 23:38:31'),('WA70','4th','M010','A191','2022-06-08 22:11:30'),('WA90','1st','M032','A191','2021-12-15 11:23:52'),('WA90','2nd','M010','A191','2021-12-15 11:23:52'),('WA90','3rd','M010','A191','2021-12-15 11:23:52'),('WA90','4th','M010','A191','2021-12-15 11:23:52'),('AA40','1st','M016','A192','2021-04-02 22:41:07'),('AA40','1st','M016','A192','2023-02-24 19:09:43'),('AA40','2nd','M006','A192','2021-04-02 22:41:07'),('AA40','2nd','M006','A192','2023-02-24 19:09:43'),('AA40','3rd','M006','A192','2021-04-02 22:41:07'),('AA40','3rd','M006','A192','2023-02-24 19:09:43'),('AA40','4th','M006','A192','2021-04-02 22:41:07'),('AA40','4th','M006','A192','2023-02-24 19:09:43'),('WA60','1st','M024','A192','2022-06-21 12:27:46'),('WA60','2nd','M010','A192','2022-06-21 12:27:46'),('WA60','3rd','M010','A192','2022-06-21 12:27:46'),('WA60','4th','M010','A192','2022-06-21 12:27:46'),('WA70','1st','M028','A192','2022-11-18 12:24:39'),('WA70','1st','M028','A192','2023-01-19 11:01:25'),('WA70','2nd','M010','A192','2022-11-18 12:24:39'),('WA70','2nd','M010','A192','2023-01-19 11:01:25'),('WA70','3rd','M010','A192','2022-11-18 12:24:39'),('WA70','3rd','M010','A192','2023-01-19 11:01:25'),('WA70','4th','M010','A192','2022-11-18 12:24:39'),('WA70','4th','M010','A192','2023-01-19 11:01:25'),('WA90','1st','M032','A192','2021-09-25 11:34:14'),('WA90','2nd','M010','A192','2021-09-25 11:34:14'),('WA90','3rd','M010','A192','2021-09-25 11:34:14'),('WA90','4th','M010','A192','2021-09-25 11:34:14'),('AA40','1st','M016','A193','2021-07-11 04:07:57'),('AA40','1st','M016','A193','2021-09-21 01:46:44'),('AA40','2nd','M006','A193','2021-07-11 04:07:57'),('AA40','2nd','M006','A193','2021-09-21 01:46:44'),('AA40','3rd','M006','A193','2021-07-11 04:07:57'),('AA40','3rd','M006','A193','2021-09-21 01:46:44'),('AA40','4th','M006','A193','2021-07-11 04:07:57'),('AA40','4th','M006','A193','2021-09-21 01:46:44'),('AA50','1st','M020','A193','2022-01-15 10:29:14'),('AA50','1st','M020','A193','2023-04-27 00:37:26'),('AA50','2nd','M006','A193','2022-01-15 10:29:14'),('AA50','2nd','M006','A193','2023-04-27 00:37:26'),('AA50','3rd','M006','A193','2022-01-15 10:29:14'),('AA50','3rd','M006','A193','2023-04-27 00:37:26'),('AA50','4th','M006','A193','2022-01-15 10:29:14'),('AA50','4th','M006','A193','2023-04-27 00:37:26'),('WA90','1st','M032','A193','2022-07-19 10:58:53'),('WA90','2nd','M010','A193','2022-07-19 10:58:53'),('WA90','3rd','M010','A193','2022-07-19 10:58:53'),('WA90','4th','M010','A193','2022-07-19 10:58:53'),('AA40','1st','M016','A194','2023-06-14 21:30:25'),('AA40','2nd','M006','A194','2023-06-14 21:30:25'),('AA40','3rd','M006','A194','2023-06-14 21:30:25'),('AA40','4th','M006','A194','2023-06-14 21:30:25'),('AA50','1st','M020','A194','2021-10-25 07:55:58'),('AA50','2nd','M006','A194','2021-10-25 07:55:58'),('AA50','3rd','M006','A194','2021-10-25 07:55:58'),('AA50','4th','M006','A194','2021-10-25 07:55:58'),('WA60','1st','M024','A194','2021-11-11 23:41:00'),('WA60','2nd','M010','A194','2021-11-11 23:41:00'),('WA60','3rd','M010','A194','2021-11-11 23:41:00'),('WA60','4th','M010','A194','2021-11-11 23:41:00'),('AA40','1st','M016','A195','2021-10-21 00:06:39'),('AA40','1st','M016','A195','2022-11-26 19:54:21'),('AA40','2nd','M006','A195','2021-10-21 00:06:39'),('AA40','2nd','M006','A195','2022-11-26 19:54:21'),('AA40','3rd','M006','A195','2021-10-21 00:06:39'),('AA40','3rd','M006','A195','2022-11-26 19:54:21'),('AA40','4th','M006','A195','2021-10-21 00:06:39'),('AA40','4th','M006','A195','2022-11-26 19:54:21'),('WA70','1st','M028','A195','2022-02-04 01:57:00'),('WA70','1st','M028','A195','2022-04-06 07:32:33'),('WA70','2nd','M010','A195','2022-02-04 01:57:00'),('WA70','2nd','M010','A195','2022-04-06 07:32:33'),('WA70','3rd','M010','A195','2022-02-04 01:57:00'),('WA70','3rd','M010','A195','2022-04-06 07:32:33'),('WA70','4th','M010','A195','2022-02-04 01:57:00'),('WA70','4th','M010','A195','2022-04-06 07:32:33'),('AA40','1st','M016','A196','2023-05-15 17:11:00'),('AA40','2nd','M006','A196','2023-05-15 17:11:00'),('AA40','3rd','M006','A196','2023-05-15 17:11:00'),('AA40','4th','M006','A196','2023-05-15 17:11:00'),('AA50','1st','M020','A196','2021-07-19 08:16:55'),('AA50','1st','M020','A196','2022-01-24 02:30:58'),('AA50','2nd','M006','A196','2021-07-19 08:16:55'),('AA50','2nd','M006','A196','2022-01-24 02:30:58'),('AA50','3rd','M006','A196','2021-07-19 08:16:55'),('AA50','3rd','M006','A196','2022-01-24 02:30:58'),('AA50','4th','M006','A196','2021-07-19 08:16:55'),('AA50','4th','M006','A196','2022-01-24 02:30:58'),('WA60','1st','M024','A196','2021-05-06 10:00:07'),('WA60','2nd','M010','A196','2021-05-06 10:00:07'),('WA60','3rd','M010','A196','2021-05-06 10:00:07'),('WA60','4th','M010','A196','2021-05-06 10:00:07'),('WA90','1st','M032','A196','2022-06-29 08:37:23'),('WA90','2nd','M010','A196','2022-06-29 08:37:23'),('WA90','3rd','M010','A196','2022-06-29 08:37:23'),('WA90','4th','M010','A196','2022-06-29 08:37:23'),('AA50','1st','M020','A197','2022-06-13 01:31:01'),('AA50','1st','M020','A197','2022-06-13 01:31:03'),('AA50','1st','M020','A197','2023-06-15 14:48:03'),('AA50','2nd','M006','A197','2022-06-13 01:31:01'),('AA50','2nd','M006','A197','2022-06-13 01:31:03'),('AA50','2nd','M006','A197','2023-06-15 14:48:03'),('AA50','3rd','M006','A197','2022-06-13 01:31:01'),('AA50','3rd','M006','A197','2022-06-13 01:31:03'),('AA50','3rd','M006','A197','2023-06-15 14:48:03'),('AA50','4th','M006','A197','2022-06-13 01:31:01'),('AA50','4th','M006','A197','2022-06-13 01:31:03'),('AA50','4th','M006','A197','2023-06-15 14:48:03'),('WA60','1st','M024','A197','2021-03-15 00:45:41'),('WA60','2nd','M010','A197','2021-03-15 00:45:41'),('WA60','3rd','M010','A197','2021-03-15 00:45:41'),('WA60','4th','M010','A197','2021-03-15 00:45:41'),('WA70','1st','M028','A197','2021-10-25 12:38:54'),('WA70','2nd','M010','A197','2021-10-25 12:38:54'),('WA70','3rd','M010','A197','2021-10-25 12:38:54'),('WA70','4th','M010','A197','2021-10-25 12:38:54'),('WA90','1st','M032','A197','2023-06-11 14:53:57'),('WA90','2nd','M010','A197','2023-06-11 14:53:57'),('WA90','3rd','M010','A197','2023-06-11 14:53:57'),('WA90','4th','M010','A197','2023-06-11 14:53:57'),('AA50','1st','M020','A198','2021-02-08 14:31:00'),('AA50','1st','M020','A198','2022-10-17 15:33:58'),('AA50','2nd','M006','A198','2021-02-08 14:31:00'),('AA50','2nd','M006','A198','2022-10-17 15:33:58'),('AA50','3rd','M006','A198','2021-02-08 14:31:00'),('AA50','3rd','M006','A198','2022-10-17 15:33:58'),('AA50','4th','M006','A198','2021-02-08 14:31:00'),('AA50','4th','M006','A198','2022-10-17 15:33:58'),('WA70','1st','M028','A198','2023-03-27 02:42:50'),('WA70','2nd','M010','A198','2023-03-27 02:42:50'),('WA70','3rd','M010','A198','2023-03-27 02:42:50'),('WA70','4th','M010','A198','2023-03-27 02:42:50'),('WA90','1st','M032','A198','2021-11-26 11:27:18'),('WA90','2nd','M010','A198','2021-11-26 11:27:18'),('WA90','3rd','M010','A198','2021-11-26 11:27:18'),('WA90','4th','M010','A198','2021-11-26 11:27:18'),('AA40','1st','M016','A199','2022-09-13 23:25:09'),('AA40','2nd','M006','A199','2022-09-13 23:25:09'),('AA40','3rd','M006','A199','2022-09-13 23:25:09'),('AA40','4th','M006','A199','2022-09-13 23:25:09'),('AA50','1st','M020','A199','2021-08-27 23:28:19'),('AA50','2nd','M006','A199','2021-08-27 23:28:19'),('AA50','3rd','M006','A199','2021-08-27 23:28:19'),('AA50','4th','M006','A199','2021-08-27 23:28:19'),('WA70','1st','M028','A199','2021-10-25 12:38:54'),('WA70','2nd','M010','A199','2021-10-25 12:38:54'),('WA70','3rd','M010','A199','2021-10-25 12:38:54'),('WA70','4th','M010','A199','2021-10-25 12:38:54'),('AA40','1st','M016','A200','2021-03-03 14:03:33'),('AA40','2nd','M006','A200','2021-03-03 14:03:33'),('AA40','3rd','M006','A200','2021-03-03 14:03:33'),('AA40','4th','M006','A200','2021-03-03 14:03:33'),('WA60','1st','M024','A200','2021-08-16 06:19:51'),('WA60','2nd','M010','A200','2021-08-16 06:19:51'),('WA60','3rd','M010','A200','2021-08-16 06:19:51'),('WA60','4th','M010','A200','2021-08-16 06:19:51'),('AA40','1st','M016','A201','2022-03-31 11:20:28'),('AA40','1st','M016','A201','2023-02-24 19:09:43'),('AA40','2nd','M006','A201','2022-03-31 11:20:28'),('AA40','2nd','M006','A201','2023-02-24 19:09:43'),('AA40','3rd','M006','A201','2022-03-31 11:20:28'),('AA40','3rd','M006','A201','2023-02-24 19:09:43'),('AA40','4th','M006','A201','2022-03-31 11:20:28'),('AA40','4th','M006','A201','2023-02-24 19:09:43'),('AA50','1st','M020','A201','2021-12-11 03:41:15'),('AA50','2nd','M006','A201','2021-12-11 03:41:15'),('AA50','3rd','M006','A201','2021-12-11 03:41:15'),('AA50','4th','M006','A201','2021-12-11 03:41:15'),('WA60','1st','M024','A201','2021-08-17 21:34:30'),('WA60','1st','M024','A201','2021-08-24 00:04:47'),('WA60','1st','M024','A201','2022-05-23 12:34:51'),('WA60','2nd','M010','A201','2021-08-17 21:34:30'),('WA60','2nd','M010','A201','2021-08-24 00:04:47'),('WA60','2nd','M010','A201','2022-05-23 12:34:51'),('WA60','3rd','M010','A201','2021-08-17 21:34:30'),('WA60','3rd','M010','A201','2021-08-24 00:04:47'),('WA60','3rd','M010','A201','2022-05-23 12:34:51'),('WA60','4th','M010','A201','2021-08-17 21:34:30'),('WA60','4th','M010','A201','2021-08-24 00:04:47'),('WA60','4th','M010','A201','2022-05-23 12:34:51'),('WA70','1st','M028','A201','2022-05-13 05:56:12'),('WA70','1st','M028','A201','2022-11-18 12:24:39'),('WA70','2nd','M010','A201','2022-05-13 05:56:12'),('WA70','2nd','M010','A201','2022-11-18 12:24:39'),('WA70','3rd','M010','A201','2022-05-13 05:56:12'),('WA70','3rd','M010','A201','2022-11-18 12:24:39'),('WA70','4th','M010','A201','2022-05-13 05:56:12'),('WA70','4th','M010','A201','2022-11-18 12:24:39'),('WA90','1st','M032','A201','2021-11-10 08:08:44'),('WA90','1st','M032','A201','2023-05-03 13:07:05'),('WA90','2nd','M010','A201','2021-11-10 08:08:44'),('WA90','2nd','M010','A201','2023-05-03 13:07:05'),('WA90','3rd','M010','A201','2021-11-10 08:08:44'),('WA90','3rd','M010','A201','2023-05-03 13:07:05'),('WA90','4th','M010','A201','2021-11-10 08:08:44'),('WA90','4th','M010','A201','2023-05-03 13:07:05'),('AA40','1st','M016','A202','2021-03-03 14:03:33'),('AA40','1st','M016','A202','2022-06-30 17:46:36'),('AA40','2nd','M006','A202','2021-03-03 14:03:33'),('AA40','2nd','M006','A202','2022-06-30 17:46:36'),('AA40','3rd','M006','A202','2021-03-03 14:03:33'),('AA40','3rd','M006','A202','2022-06-30 17:46:36'),('AA40','4th','M006','A202','2021-03-03 14:03:33'),('AA40','4th','M006','A202','2022-06-30 17:46:36'),('AA50','1st','M020','A202','2022-07-01 14:46:08'),('AA50','2nd','M006','A202','2022-07-01 14:46:08'),('AA50','3rd','M006','A202','2022-07-01 14:46:08'),('AA50','4th','M006','A202','2022-07-01 14:46:08'),('WA60','1st','M024','A202','2021-06-19 21:06:21'),('WA60','1st','M024','A202','2022-07-05 01:47:29'),('WA60','1st','M024','A202','2023-05-31 10:06:11'),('WA60','2nd','M010','A202','2021-06-19 21:06:21'),('WA60','2nd','M010','A202','2022-07-05 01:47:29'),('WA60','2nd','M010','A202','2023-05-31 10:06:11'),('WA60','3rd','M010','A202','2021-06-19 21:06:21'),('WA60','3rd','M010','A202','2022-07-05 01:47:29'),('WA60','3rd','M010','A202','2023-05-31 10:06:11'),('WA60','4th','M010','A202','2021-06-19 21:06:21'),('WA60','4th','M010','A202','2022-07-05 01:47:29'),('WA60','4th','M010','A202','2023-05-31 10:06:11'),('WA90','1st','M032','A202','2023-02-28 12:25:30'),('WA90','2nd','M010','A202','2023-02-28 12:25:30'),('WA90','3rd','M010','A202','2023-02-28 12:25:30'),('WA90','4th','M010','A202','2023-02-28 12:25:30'),('AA40','1st','M016','A203','2021-12-27 15:50:11'),('AA40','2nd','M006','A203','2021-12-27 15:50:11'),('AA40','3rd','M006','A203','2021-12-27 15:50:11'),('AA40','4th','M006','A203','2021-12-27 15:50:11'),('WA90','1st','M032','A203','2021-08-17 06:43:53'),('WA90','2nd','M010','A203','2021-08-17 06:43:53'),('WA90','3rd','M010','A203','2021-08-17 06:43:53'),('WA90','4th','M010','A203','2021-08-17 06:43:53'),('AA40','1st','M016','A204','2022-09-13 23:25:09'),('AA40','2nd','M006','A204','2022-09-13 23:25:09'),('AA40','3rd','M006','A204','2022-09-13 23:25:09'),('AA40','4th','M006','A204','2022-09-13 23:25:09'),('AA50','1st','M020','A204','2021-02-19 16:27:51'),('AA50','2nd','M006','A204','2021-02-19 16:27:51'),('AA50','3rd','M006','A204','2021-02-19 16:27:51'),('AA50','4th','M006','A204','2021-02-19 16:27:51'),('AA40','1st','M016','A205','2022-05-02 14:02:22'),('AA40','2nd','M006','A205','2022-05-02 14:02:22'),('AA40','3rd','M006','A205','2022-05-02 14:02:22'),('AA40','4th','M006','A205','2022-05-02 14:02:22'),('WA60','1st','M024','A205','2023-03-05 03:57:53'),('WA60','2nd','M010','A205','2023-03-05 03:57:53'),('WA60','3rd','M010','A205','2023-03-05 03:57:53'),('WA60','4th','M010','A205','2023-03-05 03:57:53'),('WA70','1st','M028','A205','2021-05-20 00:18:07'),('WA70','1st','M028','A205','2022-06-08 22:11:30'),('WA70','2nd','M010','A205','2021-05-20 00:18:07'),('WA70','2nd','M010','A205','2022-06-08 22:11:30'),('WA70','3rd','M010','A205','2021-05-20 00:18:07'),('WA70','3rd','M010','A205','2022-06-08 22:11:30'),('WA70','4th','M010','A205','2021-05-20 00:18:07'),('WA70','4th','M010','A205','2022-06-08 22:11:30'),('WA90','1st','M032','A205','2021-12-24 16:46:25'),('WA90','1st','M032','A205','2022-06-27 04:03:20'),('WA90','2nd','M010','A205','2021-12-24 16:46:25'),('WA90','2nd','M010','A205','2022-06-27 04:03:20'),('WA90','3rd','M010','A205','2021-12-24 16:46:25'),('WA90','3rd','M010','A205','2022-06-27 04:03:20'),('WA90','4th','M010','A205','2021-12-24 16:46:25'),('WA90','4th','M010','A205','2022-06-27 04:03:20'),('AA50','1st','M020','A206','2022-01-15 10:29:14'),('AA50','2nd','M006','A206','2022-01-15 10:29:14'),('AA50','3rd','M006','A206','2022-01-15 10:29:14'),('AA50','4th','M006','A206','2022-01-15 10:29:14'),('WA60','1st','M024','A206','2021-06-19 21:06:21'),('WA60','2nd','M010','A206','2021-06-19 21:06:21'),('WA60','3rd','M010','A206','2021-06-19 21:06:21'),('WA60','4th','M010','A206','2021-06-19 21:06:21'),('WA70','1st','M028','A206','2021-04-12 19:31:01'),('WA70','1st','M028','A206','2021-04-12 19:31:05'),('WA70','1st','M028','A206','2022-07-30 14:09:03'),('WA70','2nd','M010','A206','2021-04-12 19:31:01'),('WA70','2nd','M010','A206','2021-04-12 19:31:05'),('WA70','2nd','M010','A206','2022-07-30 14:09:03'),('WA70','3rd','M010','A206','2021-04-12 19:31:01'),('WA70','3rd','M010','A206','2021-04-12 19:31:05'),('WA70','3rd','M010','A206','2022-07-30 14:09:03'),('WA70','4th','M010','A206','2021-04-12 19:31:01'),('WA70','4th','M010','A206','2021-04-12 19:31:05'),('WA70','4th','M010','A206','2022-07-30 14:09:03'),('WA90','1st','M032','A206','2021-12-24 20:09:49'),('WA90','2nd','M010','A206','2021-12-24 20:09:49'),('WA90','3rd','M010','A206','2021-12-24 20:09:49'),('WA90','4th','M010','A206','2021-12-24 20:09:49'),('AA40','1st','M016','A207','2022-10-02 18:22:35'),('AA40','2nd','M006','A207','2022-10-02 18:22:35'),('AA40','3rd','M006','A207','2022-10-02 18:22:35'),('AA40','4th','M006','A207','2022-10-02 18:22:35'),('AA50','1st','M020','A208','2021-08-27 23:28:19'),('AA50','2nd','M006','A208','2021-08-27 23:28:19'),('AA50','3rd','M006','A208','2021-08-27 23:28:19'),('AA50','4th','M006','A208','2021-08-27 23:28:19'),('WA70','1st','M028','A208','2022-09-23 10:17:33'),('WA70','1st','M028','A208','2023-04-16 04:02:26'),('WA70','2nd','M010','A208','2022-09-23 10:17:33'),('WA70','2nd','M010','A208','2023-04-16 04:02:26'),('WA70','3rd','M010','A208','2022-09-23 10:17:33'),('WA70','3rd','M010','A208','2023-04-16 04:02:26'),('WA70','4th','M010','A208','2022-09-23 10:17:33'),('WA70','4th','M010','A208','2023-04-16 04:02:26'),('WA90','1st','M032','A208','2021-12-24 20:09:49'),('WA90','2nd','M010','A208','2021-12-24 20:09:49'),('WA90','3rd','M010','A208','2021-12-24 20:09:49'),('WA90','4th','M010','A208','2021-12-24 20:09:49'),('AA40','1st','M016','A209','2021-12-26 04:39:48'),('AA40','1st','M016','A209','2023-02-01 23:32:09'),('AA40','2nd','M006','A209','2021-12-26 04:39:48'),('AA40','2nd','M006','A209','2023-02-01 23:32:09'),('AA40','3rd','M006','A209','2021-12-26 04:39:48'),('AA40','3rd','M006','A209','2023-02-01 23:32:09'),('AA40','4th','M006','A209','2021-12-26 04:39:48'),('AA40','4th','M006','A209','2023-02-01 23:32:09'),('AA50','1st','M020','A209','2021-02-19 16:27:51'),('AA50','2nd','M006','A209','2021-02-19 16:27:51'),('AA50','3rd','M006','A209','2021-02-19 16:27:51'),('AA50','4th','M006','A209','2021-02-19 16:27:51'),('WA60','1st','M024','A209','2021-08-16 06:19:51'),('WA60','1st','M024','A209','2021-11-11 23:41:00'),('WA60','2nd','M010','A209','2021-08-16 06:19:51'),('WA60','2nd','M010','A209','2021-11-11 23:41:00'),('WA60','3rd','M010','A209','2021-08-16 06:19:51'),('WA60','3rd','M010','A209','2021-11-11 23:41:00'),('WA60','4th','M010','A209','2021-08-16 06:19:51'),('WA60','4th','M010','A209','2021-11-11 23:41:00'),('WA70','1st','M028','A209','2023-05-29 12:20:08'),('WA70','2nd','M010','A209','2023-05-29 12:20:08'),('WA70','3rd','M010','A209','2023-05-29 12:20:08'),('WA70','4th','M010','A209','2023-05-29 12:20:08'),('AA40','1st','M016','A210','2022-08-08 14:51:31'),('AA40','2nd','M006','A210','2022-08-08 14:51:31'),('AA40','3rd','M006','A210','2022-08-08 14:51:31'),('AA40','4th','M006','A210','2022-08-08 14:51:31'),('AA50','1st','M020','A210','2023-04-27 00:37:26'),('AA50','2nd','M006','A210','2023-04-27 00:37:26'),('AA50','3rd','M006','A210','2023-04-27 00:37:26'),('AA50','4th','M006','A210','2023-04-27 00:37:26'),('AA40','1st','M016','A211','2022-10-02 18:22:35'),('AA40','2nd','M006','A211','2022-10-02 18:22:35'),('AA40','3rd','M006','A211','2022-10-02 18:22:35'),('AA40','4th','M006','A211','2022-10-02 18:22:35'),('AA50','1st','M020','A211','2022-10-17 15:33:58'),('AA50','1st','M020','A211','2023-04-27 00:37:26'),('AA50','2nd','M006','A211','2022-10-17 15:33:58'),('AA50','2nd','M006','A211','2023-04-27 00:37:26'),('AA50','3rd','M006','A211','2022-10-17 15:33:58'),('AA50','3rd','M006','A211','2023-04-27 00:37:26'),('AA50','4th','M006','A211','2022-10-17 15:33:58'),('AA50','4th','M006','A211','2023-04-27 00:37:26'),('WA60','1st','M024','A211','2022-02-05 08:50:41'),('WA60','1st','M024','A211','2022-02-05 08:50:49'),('WA60','2nd','M010','A211','2022-02-05 08:50:41'),('WA60','2nd','M010','A211','2022-02-05 08:50:49'),('WA60','3rd','M010','A211','2022-02-05 08:50:41'),('WA60','3rd','M010','A211','2022-02-05 08:50:49'),('WA60','4th','M010','A211','2022-02-05 08:50:41'),('WA60','4th','M010','A211','2022-02-05 08:50:49'),('WA70','1st','M028','A211','2022-09-24 10:09:04'),('WA70','1st','M028','A211','2022-11-18 12:24:39'),('WA70','2nd','M010','A211','2022-09-24 10:09:04'),('WA70','2nd','M010','A211','2022-11-18 12:24:39'),('WA70','3rd','M010','A211','2022-09-24 10:09:04'),('WA70','3rd','M010','A211','2022-11-18 12:24:39'),('WA70','4th','M010','A211','2022-09-24 10:09:04'),('WA70','4th','M010','A211','2022-11-18 12:24:39'),('AA40','1st','M016','A212','2022-11-25 07:06:51'),('AA40','2nd','M006','A212','2022-11-25 07:06:51'),('AA40','3rd','M006','A212','2022-11-25 07:06:51'),('AA40','4th','M006','A212','2022-11-25 07:06:51'),('WA60','1st','M024','A212','2022-03-19 00:03:49'),('WA60','1st','M024','A212','2022-06-26 19:09:34'),('WA60','1st','M024','A212','2022-10-01 15:23:51'),('WA60','2nd','M010','A212','2022-03-19 00:03:49'),('WA60','2nd','M010','A212','2022-06-26 19:09:34'),('WA60','2nd','M010','A212','2022-10-01 15:23:51'),('WA60','3rd','M010','A212','2022-03-19 00:03:49'),('WA60','3rd','M010','A212','2022-06-26 19:09:34'),('WA60','3rd','M010','A212','2022-10-01 15:23:51'),('WA60','4th','M010','A212','2022-03-19 00:03:49'),('WA60','4th','M010','A212','2022-06-26 19:09:34'),('WA60','4th','M010','A212','2022-10-01 15:23:51'),('WA90','1st','M032','A212','2021-11-06 19:09:07'),('WA90','2nd','M010','A212','2021-11-06 19:09:07'),('WA90','3rd','M010','A212','2021-11-06 19:09:07'),('WA90','4th','M010','A212','2021-11-06 19:09:07'),('AA40','1st','M016','A214','2021-02-28 23:15:38'),('AA40','1st','M016','A214','2021-07-15 01:35:42'),('AA40','2nd','M006','A214','2021-02-28 23:15:38'),('AA40','2nd','M006','A214','2021-07-15 01:35:42'),('AA40','3rd','M006','A214','2021-02-28 23:15:38'),('AA40','3rd','M006','A214','2021-07-15 01:35:42'),('AA40','4th','M006','A214','2021-02-28 23:15:38'),('AA40','4th','M006','A214','2021-07-15 01:35:42'),('WA60','1st','M024','A214','2021-11-02 00:40:30'),('WA60','2nd','M010','A214','2021-11-02 00:40:30'),('WA60','3rd','M010','A214','2021-11-02 00:40:30'),('WA60','4th','M010','A214','2021-11-02 00:40:30'),('WA90','1st','M032','A214','2022-03-23 19:57:13'),('WA90','1st','M032','A214','2023-04-16 12:05:50'),('WA90','2nd','M010','A214','2022-03-23 19:57:13'),('WA90','2nd','M010','A214','2023-04-16 12:05:50'),('WA90','3rd','M010','A214','2022-03-23 19:57:13'),('WA90','3rd','M010','A214','2023-04-16 12:05:50'),('WA90','4th','M010','A214','2022-03-23 19:57:13'),('WA90','4th','M010','A214','2023-04-16 12:05:50'),('WA60','1st','M024','A216','2022-06-26 19:09:34'),('WA60','2nd','M010','A216','2022-06-26 19:09:34'),('WA60','3rd','M010','A216','2022-06-26 19:09:34'),('WA60','4th','M010','A216','2022-06-26 19:09:34'),('WA70','1st','M028','A216','2021-10-25 12:38:54'),('WA70','2nd','M010','A216','2021-10-25 12:38:54'),('WA70','3rd','M010','A216','2021-10-25 12:38:54'),('WA70','4th','M010','A216','2021-10-25 12:38:54'),('AA50','1st','M020','A217','2022-09-08 01:01:56'),('AA50','2nd','M006','A217','2022-09-08 01:01:56'),('AA50','3rd','M006','A217','2022-09-08 01:01:56'),('AA50','4th','M006','A217','2022-09-08 01:01:56'),('WA60','1st','M024','A217','2023-03-05 03:57:53'),('WA60','2nd','M010','A217','2023-03-05 03:57:53'),('WA60','3rd','M010','A217','2023-03-05 03:57:53'),('WA60','4th','M010','A217','2023-03-05 03:57:53'),('WA70','1st','M028','A217','2021-01-04 23:38:31'),('WA70','2nd','M010','A217','2021-01-04 23:38:31'),('WA70','3rd','M010','A217','2021-01-04 23:38:31'),('WA70','4th','M010','A217','2021-01-04 23:38:31'),('AA40','1st','M016','A218','2022-02-16 02:46:58'),('AA40','1st','M016','A218','2023-02-24 19:09:43'),('AA40','2nd','M006','A218','2022-02-16 02:46:58'),('AA40','2nd','M006','A218','2023-02-24 19:09:43'),('AA40','3rd','M006','A218','2022-02-16 02:46:58'),('AA40','3rd','M006','A218','2023-02-24 19:09:43'),('AA40','4th','M006','A218','2022-02-16 02:46:58'),('AA40','4th','M006','A218','2023-02-24 19:09:43'),('AA50','1st','M020','A218','2022-06-13 01:31:03'),('AA50','2nd','M006','A218','2022-06-13 01:31:03'),('AA50','3rd','M006','A218','2022-06-13 01:31:03'),('AA50','4th','M006','A218','2022-06-13 01:31:03'),('AA40','1st','M016','A219','2021-06-05 06:38:15'),('AA40','2nd','M006','A219','2021-06-05 06:38:15'),('AA40','3rd','M006','A219','2021-06-05 06:38:15'),('AA40','4th','M006','A219','2021-06-05 06:38:15'),('AA50','1st','M020','A219','2022-10-17 15:33:58'),('AA50','1st','M020','A219','2023-01-22 10:34:30'),('AA50','2nd','M006','A219','2022-10-17 15:33:58'),('AA50','2nd','M006','A219','2023-01-22 10:34:30'),('AA50','3rd','M006','A219','2022-10-17 15:33:58'),('AA50','3rd','M006','A219','2023-01-22 10:34:30'),('AA50','4th','M006','A219','2022-10-17 15:33:58'),('AA50','4th','M006','A219','2023-01-22 10:34:30'),('WA60','1st','M024','A219','2021-11-02 00:40:30'),('WA60','1st','M024','A219','2021-12-25 09:53:37'),('WA60','2nd','M010','A219','2021-11-02 00:40:30'),('WA60','2nd','M010','A219','2021-12-25 09:53:37'),('WA60','3rd','M010','A219','2021-11-02 00:40:30'),('WA60','3rd','M010','A219','2021-12-25 09:53:37'),('WA60','4th','M010','A219','2021-11-02 00:40:30'),('WA60','4th','M010','A219','2021-12-25 09:53:37'),('WA70','1st','M028','A219','2023-06-11 15:57:30'),('WA70','2nd','M010','A219','2023-06-11 15:57:30'),('WA70','3rd','M010','A219','2023-06-11 15:57:30'),('WA70','4th','M010','A219','2023-06-11 15:57:30'),('WA90','1st','M032','A219','2022-01-06 13:14:41'),('WA90','1st','M032','A219','2022-02-10 15:36:52'),('WA90','1st','M032','A219','2022-06-27 04:03:20'),('WA90','2nd','M010','A219','2022-01-06 13:14:41'),('WA90','2nd','M010','A219','2022-02-10 15:36:52'),('WA90','2nd','M010','A219','2022-06-27 04:03:20'),('WA90','3rd','M010','A219','2022-01-06 13:14:41'),('WA90','3rd','M010','A219','2022-02-10 15:36:52'),('WA90','3rd','M010','A219','2022-06-27 04:03:20'),('WA90','4th','M010','A219','2022-01-06 13:14:41'),('WA90','4th','M010','A219','2022-02-10 15:36:52'),('WA90','4th','M010','A219','2022-06-27 04:03:20'),('WA60','1st','M024','A220','2022-07-05 01:47:29'),('WA60','2nd','M010','A220','2022-07-05 01:47:29'),('WA60','3rd','M010','A220','2022-07-05 01:47:29'),('WA60','4th','M010','A220','2022-07-05 01:47:29'),('WA70','1st','M028','A220','2021-10-10 12:26:46'),('WA70','2nd','M010','A220','2021-10-10 12:26:46'),('WA70','3rd','M010','A220','2021-10-10 12:26:46'),('WA70','4th','M010','A220','2021-10-10 12:26:46'),('AA50','1st','M020','A221','2023-04-27 00:37:26'),('AA50','2nd','M006','A221','2023-04-27 00:37:26'),('AA50','3rd','M006','A221','2023-04-27 00:37:26'),('AA50','4th','M006','A221','2023-04-27 00:37:26'),('WA70','1st','M028','A221','2023-05-29 12:20:08'),('WA70','2nd','M010','A221','2023-05-29 12:20:08'),('WA70','3rd','M010','A221','2023-05-29 12:20:08'),('WA70','4th','M010','A221','2023-05-29 12:20:08'),('WA90','1st','M032','A221','2023-06-11 14:53:57'),('WA90','2nd','M010','A221','2023-06-11 14:53:57'),('WA90','3rd','M010','A221','2023-06-11 14:53:57'),('WA90','4th','M010','A221','2023-06-11 14:53:57'),('AA40','1st','M016','A222','2021-02-28 23:15:38'),('AA40','2nd','M006','A222','2021-02-28 23:15:38'),('AA40','3rd','M006','A222','2021-02-28 23:15:38'),('AA40','4th','M006','A222','2021-02-28 23:15:38'),('AA50','1st','M020','A222','2021-07-19 08:16:55'),('AA50','1st','M020','A222','2022-02-11 05:33:02'),('AA50','1st','M020','A222','2023-06-18 04:45:59'),('AA50','2nd','M006','A222','2021-07-19 08:16:55'),('AA50','2nd','M006','A222','2022-02-11 05:33:02'),('AA50','2nd','M006','A222','2023-06-18 04:45:59'),('AA50','3rd','M006','A222','2021-07-19 08:16:55'),('AA50','3rd','M006','A222','2022-02-11 05:33:02'),('AA50','3rd','M006','A222','2023-06-18 04:45:59'),('AA50','4th','M006','A222','2021-07-19 08:16:55'),('AA50','4th','M006','A222','2022-02-11 05:33:02'),('AA50','4th','M006','A222','2023-06-18 04:45:59'),('WA70','1st','M028','A222','2022-12-19 00:09:07'),('WA70','2nd','M010','A222','2022-12-19 00:09:07'),('WA70','3rd','M010','A222','2022-12-19 00:09:07'),('WA70','4th','M010','A222','2022-12-19 00:09:07'),('AA40','1st','M016','A223','2021-10-15 08:49:22'),('AA40','2nd','M006','A223','2021-10-15 08:49:22'),('AA40','3rd','M006','A223','2021-10-15 08:49:22'),('AA40','4th','M006','A223','2021-10-15 08:49:22'),('WA60','1st','M024','A223','2021-12-30 05:49:50'),('WA60','2nd','M010','A223','2021-12-30 05:49:50'),('WA60','3rd','M010','A223','2021-12-30 05:49:50'),('WA60','4th','M010','A223','2021-12-30 05:49:50'),('WA90','1st','M032','A223','2023-04-16 12:05:50'),('WA90','1st','M032','A223','2023-05-03 13:07:05'),('WA90','2nd','M010','A223','2023-04-16 12:05:50'),('WA90','2nd','M010','A223','2023-05-03 13:07:05'),('WA90','3rd','M010','A223','2023-04-16 12:05:50'),('WA90','3rd','M010','A223','2023-05-03 13:07:05'),('WA90','4th','M010','A223','2023-04-16 12:05:50'),('WA90','4th','M010','A223','2023-05-03 13:07:05'),('AA50','1st','M020','A224','2022-02-11 05:33:02'),('AA50','2nd','M006','A224','2022-02-11 05:33:02'),('AA50','3rd','M006','A224','2022-02-11 05:33:02'),('AA50','4th','M006','A224','2022-02-11 05:33:02'),('WA60','1st','M024','A224','2021-06-13 00:52:27'),('WA60','2nd','M010','A224','2021-06-13 00:52:27'),('WA60','3rd','M010','A224','2021-06-13 00:52:27'),('WA60','4th','M010','A224','2021-06-13 00:52:27'),('WA90','1st','M032','A224','2023-02-03 11:47:39'),('WA90','2nd','M010','A224','2023-02-03 11:47:39'),('WA90','3rd','M010','A224','2023-02-03 11:47:39'),('WA90','4th','M010','A224','2023-02-03 11:47:39'),('AA50','1st','M020','A225','2022-04-20 15:49:01'),('AA50','1st','M020','A225','2022-04-27 16:31:04'),('AA50','1st','M020','A225','2022-11-27 00:44:34'),('AA50','2nd','M006','A225','2022-04-20 15:49:01'),('AA50','2nd','M006','A225','2022-04-27 16:31:04'),('AA50','2nd','M006','A225','2022-11-27 00:44:34'),('AA50','3rd','M006','A225','2022-04-20 15:49:01'),('AA50','3rd','M006','A225','2022-04-27 16:31:04'),('AA50','3rd','M006','A225','2022-11-27 00:44:34'),('AA50','4th','M006','A225','2022-04-20 15:49:01'),('AA50','4th','M006','A225','2022-04-27 16:31:04'),('AA50','4th','M006','A225','2022-11-27 00:44:34'),('WA60','1st','M024','A225','2021-10-20 15:47:59'),('WA60','2nd','M010','A225','2021-10-20 15:47:59'),('WA60','3rd','M010','A225','2021-10-20 15:47:59'),('WA60','4th','M010','A225','2021-10-20 15:47:59'),('WA70','1st','M028','A225','2021-10-10 12:26:46'),('WA70','2nd','M010','A225','2021-10-10 12:26:46'),('WA70','3rd','M010','A225','2021-10-10 12:26:46'),('WA70','4th','M010','A225','2021-10-10 12:26:46'),('WA90','1st','M032','A225','2021-04-05 22:06:17'),('WA90','1st','M032','A225','2022-02-11 01:59:37'),('WA90','2nd','M010','A225','2021-04-05 22:06:17'),('WA90','2nd','M010','A225','2022-02-11 01:59:37'),('WA90','3rd','M010','A225','2021-04-05 22:06:17'),('WA90','3rd','M010','A225','2022-02-11 01:59:37'),('WA90','4th','M010','A225','2021-04-05 22:06:17'),('WA90','4th','M010','A225','2022-02-11 01:59:37'),('AA40','1st','M016','A226','2022-08-08 14:51:31'),('AA40','1st','M016','A226','2022-12-12 08:42:48'),('AA40','2nd','M006','A226','2022-08-08 14:51:31'),('AA40','2nd','M006','A226','2022-12-12 08:42:48'),('AA40','3rd','M006','A226','2022-08-08 14:51:31'),('AA40','3rd','M006','A226','2022-12-12 08:42:48'),('AA40','4th','M006','A226','2022-08-08 14:51:31'),('AA40','4th','M006','A226','2022-12-12 08:42:48'),('AA50','1st','M020','A226','2021-04-27 23:24:31'),('AA50','1st','M020','A226','2022-02-23 17:57:16'),('AA50','2nd','M006','A226','2021-04-27 23:24:31'),('AA50','2nd','M006','A226','2022-02-23 17:57:16'),('AA50','3rd','M006','A226','2021-04-27 23:24:31'),('AA50','3rd','M006','A226','2022-02-23 17:57:16'),('AA50','4th','M006','A226','2021-04-27 23:24:31'),('AA50','4th','M006','A226','2022-02-23 17:57:16'),('WA60','1st','M024','A227','2022-04-18 22:11:04'),('WA60','1st','M024','A227','2023-03-05 03:57:53'),('WA60','2nd','M010','A227','2022-04-18 22:11:04'),('WA60','2nd','M010','A227','2023-03-05 03:57:53'),('WA60','3rd','M010','A227','2022-04-18 22:11:04'),('WA60','3rd','M010','A227','2023-03-05 03:57:53'),('WA60','4th','M010','A227','2022-04-18 22:11:04'),('WA60','4th','M010','A227','2023-03-05 03:57:53'),('WA70','1st','M028','A228','2021-10-10 12:26:46'),('WA70','1st','M028','A228','2022-09-24 10:09:04'),('WA70','2nd','M010','A228','2021-10-10 12:26:46'),('WA70','2nd','M010','A228','2022-09-24 10:09:04'),('WA70','3rd','M010','A228','2021-10-10 12:26:46'),('WA70','3rd','M010','A228','2022-09-24 10:09:04'),('WA70','4th','M010','A228','2021-10-10 12:26:46'),('WA70','4th','M010','A228','2022-09-24 10:09:04'),('AA40','1st','M016','A229','2021-07-25 21:13:38'),('AA40','1st','M016','A229','2022-06-30 17:46:36'),('AA40','1st','M016','A229','2022-09-25 01:38:19'),('AA40','2nd','M006','A229','2021-07-25 21:13:38'),('AA40','2nd','M006','A229','2022-06-30 17:46:36'),('AA40','2nd','M006','A229','2022-09-25 01:38:19'),('AA40','3rd','M006','A229','2021-07-25 21:13:38'),('AA40','3rd','M006','A229','2022-06-30 17:46:36'),('AA40','3rd','M006','A229','2022-09-25 01:38:19'),('AA40','4th','M006','A229','2021-07-25 21:13:38'),('AA40','4th','M006','A229','2022-06-30 17:46:36'),('AA40','4th','M006','A229','2022-09-25 01:38:19'),('WA70','1st','M028','A229','2021-01-04 23:38:31'),('WA70','2nd','M010','A229','2021-01-04 23:38:31'),('WA70','3rd','M010','A229','2021-01-04 23:38:31'),('WA70','4th','M010','A229','2021-01-04 23:38:31'),('WA90','1st','M032','A229','2023-05-03 13:07:05'),('WA90','2nd','M010','A229','2023-05-03 13:07:05'),('WA90','3rd','M010','A229','2023-05-03 13:07:05'),('WA90','4th','M010','A229','2023-05-03 13:07:05'),('AA40','1st','M016','A230','2021-02-28 23:15:38'),('AA40','1st','M016','A230','2022-09-13 23:25:09'),('AA40','2nd','M006','A230','2021-02-28 23:15:38'),('AA40','2nd','M006','A230','2022-09-13 23:25:09'),('AA40','3rd','M006','A230','2021-02-28 23:15:38'),('AA40','3rd','M006','A230','2022-09-13 23:25:09'),('AA40','4th','M006','A230','2021-02-28 23:15:38'),('AA40','4th','M006','A230','2022-09-13 23:25:09'),('WA90','1st','M032','A230','2023-02-03 11:47:39'),('WA90','2nd','M010','A230','2023-02-03 11:47:39'),('WA90','3rd','M010','A230','2023-02-03 11:47:39'),('WA90','4th','M010','A230','2023-02-03 11:47:39'),('AA50','1st','M020','A231','2021-02-19 16:27:51'),('AA50','2nd','M006','A231','2021-02-19 16:27:51'),('AA50','3rd','M006','A231','2021-02-19 16:27:51'),('AA50','4th','M006','A231','2021-02-19 16:27:51'),('WA60','1st','M024','A231','2021-03-14 14:49:36'),('WA60','2nd','M010','A231','2021-03-14 14:49:36'),('WA60','3rd','M010','A231','2021-03-14 14:49:36'),('WA60','4th','M010','A231','2021-03-14 14:49:36'),('WA70','1st','M028','A231','2021-05-20 00:18:07'),('WA70','1st','M028','A231','2023-02-09 22:55:11'),('WA70','2nd','M010','A231','2021-05-20 00:18:07'),('WA70','2nd','M010','A231','2023-02-09 22:55:11'),('WA70','3rd','M010','A231','2021-05-20 00:18:07'),('WA70','3rd','M010','A231','2023-02-09 22:55:11'),('WA70','4th','M010','A231','2021-05-20 00:18:07'),('WA70','4th','M010','A231','2023-02-09 22:55:11'),('WA90','1st','M032','A231','2022-01-06 13:14:41'),('WA90','1st','M032','A231','2023-05-20 04:59:36'),('WA90','2nd','M010','A231','2022-01-06 13:14:41'),('WA90','2nd','M010','A231','2023-05-20 04:59:36'),('WA90','3rd','M010','A231','2022-01-06 13:14:41'),('WA90','3rd','M010','A231','2023-05-20 04:59:36'),('WA90','4th','M010','A231','2022-01-06 13:14:41'),('WA90','4th','M010','A231','2023-05-20 04:59:36'),('AA40','1st','M016','A232','2023-05-21 11:27:46'),('AA40','2nd','M006','A232','2023-05-21 11:27:46'),('AA40','3rd','M006','A232','2023-05-21 11:27:46'),('AA40','4th','M006','A232','2023-05-21 11:27:46'),('WA60','1st','M024','A232','2022-05-28 13:16:30'),('WA60','2nd','M010','A232','2022-05-28 13:16:30'),('WA60','3rd','M010','A232','2022-05-28 13:16:30'),('WA60','4th','M010','A232','2022-05-28 13:16:30'),('WA70','1st','M028','A232','2021-05-20 00:18:07'),('WA70','2nd','M010','A232','2021-05-20 00:18:07'),('WA70','3rd','M010','A232','2021-05-20 00:18:07'),('WA70','4th','M010','A232','2021-05-20 00:18:07'),('WA90','1st','M032','A232','2022-06-29 08:37:23'),('WA90','2nd','M010','A232','2022-06-29 08:37:23'),('WA90','3rd','M010','A232','2022-06-29 08:37:23'),('WA90','4th','M010','A232','2022-06-29 08:37:23'),('WA70','1st','M028','A233','2022-09-24 10:09:04'),('WA70','1st','M028','A233','2023-03-23 12:03:58'),('WA70','2nd','M010','A233','2022-09-24 10:09:04'),('WA70','2nd','M010','A233','2023-03-23 12:03:58'),('WA70','3rd','M010','A233','2022-09-24 10:09:04'),('WA70','3rd','M010','A233','2023-03-23 12:03:58'),('WA70','4th','M010','A233','2022-09-24 10:09:04'),('WA70','4th','M010','A233','2023-03-23 12:03:58'),('WA90','1st','M032','A233','2022-02-11 01:59:37'),('WA90','1st','M032','A233','2023-04-16 12:05:50'),('WA90','1st','M032','A233','2023-05-03 13:07:05'),('WA90','2nd','M010','A233','2022-02-11 01:59:37'),('WA90','2nd','M010','A233','2023-04-16 12:05:50'),('WA90','2nd','M010','A233','2023-05-03 13:07:05'),('WA90','3rd','M010','A233','2022-02-11 01:59:37'),('WA90','3rd','M010','A233','2023-04-16 12:05:50'),('WA90','3rd','M010','A233','2023-05-03 13:07:05'),('WA90','4th','M010','A233','2022-02-11 01:59:37'),('WA90','4th','M010','A233','2023-04-16 12:05:50'),('WA90','4th','M010','A233','2023-05-03 13:07:05'),('WA60','1st','M024','A234','2022-04-18 22:11:04'),('WA60','2nd','M010','A234','2022-04-18 22:11:04'),('WA60','3rd','M010','A234','2022-04-18 22:11:04'),('WA60','4th','M010','A234','2022-04-18 22:11:04'),('WA70','1st','M028','A234','2021-02-03 23:50:03'),('WA70','2nd','M010','A234','2021-02-03 23:50:03'),('WA70','3rd','M010','A234','2021-02-03 23:50:03'),('WA70','4th','M010','A234','2021-02-03 23:50:03'),('AA50','1st','M020','A235','2021-08-30 12:20:37'),('AA50','2nd','M006','A235','2021-08-30 12:20:37'),('AA50','3rd','M006','A235','2021-08-30 12:20:37'),('AA50','4th','M006','A235','2021-08-30 12:20:37'),('WA60','1st','M024','A235','2023-06-19 16:41:01'),('WA60','2nd','M010','A235','2023-06-19 16:41:01'),('WA60','3rd','M010','A235','2023-06-19 16:41:01'),('WA60','4th','M010','A235','2023-06-19 16:41:01'),('WA90','1st','M032','A235','2021-11-10 08:08:44'),('WA90','2nd','M010','A235','2021-11-10 08:08:44'),('WA90','3rd','M010','A235','2021-11-10 08:08:44'),('WA90','4th','M010','A235','2021-11-10 08:08:44'),('AA40','1st','M016','A236','2021-04-26 14:09:28'),('AA40','2nd','M006','A236','2021-04-26 14:09:28'),('AA40','3rd','M006','A236','2021-04-26 14:09:28'),('AA40','4th','M006','A236','2021-04-26 14:09:28'),('AA50','1st','M020','A236','2023-06-18 04:45:59'),('AA50','2nd','M006','A236','2023-06-18 04:45:59'),('AA50','3rd','M006','A236','2023-06-18 04:45:59'),('AA50','4th','M006','A236','2023-06-18 04:45:59'),('WA70','1st','M028','A236','2022-05-04 11:15:29'),('WA70','2nd','M010','A236','2022-05-04 11:15:29'),('WA70','3rd','M010','A236','2022-05-04 11:15:29'),('WA70','4th','M010','A236','2022-05-04 11:15:29'),('WA90','1st','M032','A236','2022-06-29 08:37:23'),('WA90','1st','M032','A236','2023-02-28 12:25:30'),('WA90','2nd','M010','A236','2022-06-29 08:37:23'),('WA90','2nd','M010','A236','2023-02-28 12:25:30'),('WA90','3rd','M010','A236','2022-06-29 08:37:23'),('WA90','3rd','M010','A236','2023-02-28 12:25:30'),('WA90','4th','M010','A236','2022-06-29 08:37:23'),('WA90','4th','M010','A236','2023-02-28 12:25:30'),('AA50','1st','M020','A237','2021-11-25 17:51:51'),('AA50','1st','M020','A237','2022-09-08 01:01:56'),('AA50','2nd','M006','A237','2021-11-25 17:51:51'),('AA50','2nd','M006','A237','2022-09-08 01:01:56'),('AA50','3rd','M006','A237','2021-11-25 17:51:51'),('AA50','3rd','M006','A237','2022-09-08 01:01:56'),('AA50','4th','M006','A237','2021-11-25 17:51:51'),('AA50','4th','M006','A237','2022-09-08 01:01:56'),('WA70','1st','M028','A237','2021-01-02 05:42:59'),('WA70','1st','M028','A237','2022-06-08 22:11:30'),('WA70','2nd','M010','A237','2021-01-02 05:42:59'),('WA70','2nd','M010','A237','2022-06-08 22:11:30'),('WA70','3rd','M010','A237','2021-01-02 05:42:59'),('WA70','3rd','M010','A237','2022-06-08 22:11:30'),('WA70','4th','M010','A237','2021-01-02 05:42:59'),('WA70','4th','M010','A237','2022-06-08 22:11:30'),('WA90','1st','M032','A237','2021-12-15 11:23:52'),('WA90','1st','M032','A237','2022-03-06 09:05:03'),('WA90','2nd','M010','A237','2021-12-15 11:23:52'),('WA90','2nd','M010','A237','2022-03-06 09:05:03'),('WA90','3rd','M010','A237','2021-12-15 11:23:52'),('WA90','3rd','M010','A237','2022-03-06 09:05:03'),('WA90','4th','M010','A237','2021-12-15 11:23:52'),('WA90','4th','M010','A237','2022-03-06 09:05:03'),('AA40','1st','M016','A238','2021-02-28 23:15:38'),('AA40','2nd','M006','A238','2021-02-28 23:15:38'),('AA40','3rd','M006','A238','2021-02-28 23:15:38'),('AA40','4th','M006','A238','2021-02-28 23:15:38'),('AA50','1st','M020','A238','2021-07-20 17:41:25'),('AA50','2nd','M006','A238','2021-07-20 17:41:25'),('AA50','3rd','M006','A238','2021-07-20 17:41:25'),('AA50','4th','M006','A238','2021-07-20 17:41:25'),('WA60','1st','M024','A238','2021-11-02 00:40:30'),('WA60','1st','M024','A238','2022-02-01 07:38:57'),('WA60','2nd','M010','A238','2021-11-02 00:40:30'),('WA60','2nd','M010','A238','2022-02-01 07:38:57'),('WA60','3rd','M010','A238','2021-11-02 00:40:30'),('WA60','3rd','M010','A238','2022-02-01 07:38:57'),('WA60','4th','M010','A238','2021-11-02 00:40:30'),('WA60','4th','M010','A238','2022-02-01 07:38:57'),('AA50','1st','M020','A239','2022-01-15 10:29:14'),('AA50','2nd','M006','A239','2022-01-15 10:29:14'),('AA50','3rd','M006','A239','2022-01-15 10:29:14'),('AA50','4th','M006','A239','2022-01-15 10:29:14'),('WA60','1st','M024','A239','2021-03-14 03:15:49'),('WA60','2nd','M010','A239','2021-03-14 03:15:49'),('WA60','3rd','M010','A239','2021-03-14 03:15:49'),('WA60','4th','M010','A239','2021-03-14 03:15:49'),('WA70','1st','M028','A239','2022-04-06 07:32:33'),('WA70','1st','M028','A239','2022-11-18 12:24:39'),('WA70','2nd','M010','A239','2022-04-06 07:32:33'),('WA70','2nd','M010','A239','2022-11-18 12:24:39'),('WA70','3rd','M010','A239','2022-04-06 07:32:33'),('WA70','3rd','M010','A239','2022-11-18 12:24:39'),('WA70','4th','M010','A239','2022-04-06 07:32:33'),('WA70','4th','M010','A239','2022-11-18 12:24:39'),('AA40','1st','M016','A240','2023-02-01 23:32:09'),('AA40','1st','M016','A240','2023-02-24 19:09:43'),('AA40','2nd','M006','A240','2023-02-01 23:32:09'),('AA40','2nd','M006','A240','2023-02-24 19:09:43'),('AA40','3rd','M006','A240','2023-02-01 23:32:09'),('AA40','3rd','M006','A240','2023-02-24 19:09:43'),('AA40','4th','M006','A240','2023-02-01 23:32:09'),('AA40','4th','M006','A240','2023-02-24 19:09:43'),('AA50','1st','M020','A240','2021-12-06 18:35:25'),('AA50','2nd','M006','A240','2021-12-06 18:35:25'),('AA50','3rd','M006','A240','2021-12-06 18:35:25'),('AA50','4th','M006','A240','2021-12-06 18:35:25'),('WA70','1st','M028','A240','2021-04-12 19:31:05'),('WA70','2nd','M010','A240','2021-04-12 19:31:05'),('WA70','3rd','M010','A240','2021-04-12 19:31:05'),('WA70','4th','M010','A240','2021-04-12 19:31:05'),('AA40','1st','M016','A241','2023-02-24 19:09:43'),('AA40','2nd','M006','A241','2023-02-24 19:09:43'),('AA40','3rd','M006','A241','2023-02-24 19:09:43'),('AA40','4th','M006','A241','2023-02-24 19:09:43'),('WA70','1st','M028','A241','2023-01-19 11:01:25'),('WA70','2nd','M010','A241','2023-01-19 11:01:25'),('WA70','3rd','M010','A241','2023-01-19 11:01:25'),('WA70','4th','M010','A241','2023-01-19 11:01:25'),('AA50','1st','M020','A242','2023-02-23 16:42:01'),('AA50','2nd','M006','A242','2023-02-23 16:42:01'),('AA50','3rd','M006','A242','2023-02-23 16:42:01'),('AA50','4th','M006','A242','2023-02-23 16:42:01'),('WA60','1st','M024','A242','2021-08-16 06:19:51'),('WA60','2nd','M010','A242','2021-08-16 06:19:51'),('WA60','3rd','M010','A242','2021-08-16 06:19:51'),('WA60','4th','M010','A242','2021-08-16 06:19:51'),('WA70','1st','M028','A242','2021-05-20 00:18:07'),('WA70','2nd','M010','A242','2021-05-20 00:18:07'),('WA70','3rd','M010','A242','2021-05-20 00:18:07'),('WA70','4th','M010','A242','2021-05-20 00:18:07'),('WA90','1st','M032','A242','2022-02-11 01:59:37'),('WA90','2nd','M010','A242','2022-02-11 01:59:37'),('WA90','3rd','M010','A242','2022-02-11 01:59:37'),('WA90','4th','M010','A242','2022-02-11 01:59:37'),('AA50','1st','M020','A243','2022-01-01 03:19:13'),('AA50','2nd','M006','A243','2022-01-01 03:19:13'),('AA50','3rd','M006','A243','2022-01-01 03:19:13'),('AA50','4th','M006','A243','2022-01-01 03:19:13'),('WA60','1st','M024','A243','2021-03-15 00:45:41'),('WA60','1st','M024','A243','2022-07-05 01:47:29'),('WA60','2nd','M010','A243','2021-03-15 00:45:41'),('WA60','2nd','M010','A243','2022-07-05 01:47:29'),('WA60','3rd','M010','A243','2021-03-15 00:45:41'),('WA60','3rd','M010','A243','2022-07-05 01:47:29'),('WA60','4th','M010','A243','2021-03-15 00:45:41'),('WA60','4th','M010','A243','2022-07-05 01:47:29'),('AA40','1st','M016','A244','2022-02-03 15:32:27'),('AA40','2nd','M006','A244','2022-02-03 15:32:27'),('AA40','3rd','M006','A244','2022-02-03 15:32:27'),('AA40','4th','M006','A244','2022-02-03 15:32:27'),('AA40','1st','M016','A245','2022-05-17 05:46:22'),('AA40','2nd','M006','A245','2022-05-17 05:46:22'),('AA40','3rd','M006','A245','2022-05-17 05:46:22'),('AA40','4th','M006','A245','2022-05-17 05:46:22'),('WA70','1st','M028','A245','2021-08-08 17:15:55'),('WA70','2nd','M010','A245','2021-08-08 17:15:55'),('WA70','3rd','M010','A245','2021-08-08 17:15:55'),('WA70','4th','M010','A245','2021-08-08 17:15:55'),('AA40','1st','M016','A246','2021-04-17 19:43:56'),('AA40','2nd','M006','A246','2021-04-17 19:43:56'),('AA40','3rd','M006','A246','2021-04-17 19:43:56'),('AA40','4th','M006','A246','2021-04-17 19:43:56'),('WA70','1st','M028','A246','2022-05-13 05:56:12'),('WA70','2nd','M010','A246','2022-05-13 05:56:12'),('WA70','3rd','M010','A246','2022-05-13 05:56:12'),('WA70','4th','M010','A246','2022-05-13 05:56:12'),('AA40','1st','M016','A247','2021-09-21 01:46:44'),('AA40','2nd','M006','A247','2021-09-21 01:46:44'),('AA40','3rd','M006','A247','2021-09-21 01:46:44'),('AA40','4th','M006','A247','2021-09-21 01:46:44'),('AA50','1st','M020','A247','2023-02-07 13:49:20'),('AA50','2nd','M006','A247','2023-02-07 13:49:20'),('AA50','3rd','M006','A247','2023-02-07 13:49:20'),('AA50','4th','M006','A247','2023-02-07 13:49:20'),('WA60','1st','M024','A247','2021-05-06 10:00:07'),('WA60','1st','M024','A247','2021-08-24 00:04:47'),('WA60','2nd','M010','A247','2021-05-06 10:00:07'),('WA60','2nd','M010','A247','2021-08-24 00:04:47'),('WA60','3rd','M010','A247','2021-05-06 10:00:07'),('WA60','3rd','M010','A247','2021-08-24 00:04:47'),('WA60','4th','M010','A247','2021-05-06 10:00:07'),('WA60','4th','M010','A247','2021-08-24 00:04:47'),('WA90','1st','M032','A247','2021-05-20 01:16:19'),('WA90','2nd','M010','A247','2021-05-20 01:16:19'),('WA90','3rd','M010','A247','2021-05-20 01:16:19'),('WA90','4th','M010','A247','2021-05-20 01:16:19'),('AA50','1st','M020','A248','2021-12-11 03:41:15'),('AA50','1st','M020','A248','2022-10-17 15:33:58'),('AA50','2nd','M006','A248','2021-12-11 03:41:15'),('AA50','2nd','M006','A248','2022-10-17 15:33:58'),('AA50','3rd','M006','A248','2021-12-11 03:41:15'),('AA50','3rd','M006','A248','2022-10-17 15:33:58'),('AA50','4th','M006','A248','2021-12-11 03:41:15'),('AA50','4th','M006','A248','2022-10-17 15:33:58'),('WA60','1st','M024','A248','2022-10-01 15:23:51'),('WA60','2nd','M010','A248','2022-10-01 15:23:51'),('WA60','3rd','M010','A248','2022-10-01 15:23:51'),('WA60','4th','M010','A248','2022-10-01 15:23:51'),('WA70','1st','M028','A248','2021-04-12 19:31:05'),('WA70','1st','M028','A248','2022-09-23 10:17:33'),('WA70','2nd','M010','A248','2021-04-12 19:31:05'),('WA70','2nd','M010','A248','2022-09-23 10:17:33'),('WA70','3rd','M010','A248','2021-04-12 19:31:05'),('WA70','3rd','M010','A248','2022-09-23 10:17:33'),('WA70','4th','M010','A248','2021-04-12 19:31:05'),('WA70','4th','M010','A248','2022-09-23 10:17:33'),('WA60','1st','M024','A249','2023-03-03 18:46:47'),('WA60','2nd','M010','A249','2023-03-03 18:46:47'),('WA60','3rd','M010','A249','2023-03-03 18:46:47'),('WA60','4th','M010','A249','2023-03-03 18:46:47'),('WA90','1st','M032','A249','2021-11-26 11:27:18'),('WA90','1st','M032','A249','2022-02-10 15:36:52'),('WA90','2nd','M010','A249','2021-11-26 11:27:18'),('WA90','2nd','M010','A249','2022-02-10 15:36:52'),('WA90','3rd','M010','A249','2021-11-26 11:27:18'),('WA90','3rd','M010','A249','2022-02-10 15:36:52'),('WA90','4th','M010','A249','2021-11-26 11:27:18'),('WA90','4th','M010','A249','2022-02-10 15:36:52'),('AA40','1st','M016','A250','2021-07-11 04:07:57'),('AA40','1st','M016','A250','2022-02-03 15:32:27'),('AA40','1st','M016','A250','2023-05-21 11:27:46'),('AA40','2nd','M006','A250','2021-07-11 04:07:57'),('AA40','2nd','M006','A250','2022-02-03 15:32:27'),('AA40','2nd','M006','A250','2023-05-21 11:27:46'),('AA40','3rd','M006','A250','2021-07-11 04:07:57'),('AA40','3rd','M006','A250','2022-02-03 15:32:27'),('AA40','3rd','M006','A250','2023-05-21 11:27:46'),('AA40','4th','M006','A250','2021-07-11 04:07:57'),('AA40','4th','M006','A250','2022-02-03 15:32:27'),('AA40','4th','M006','A250','2023-05-21 11:27:46'),('WA60','1st','M024','A250','2021-03-14 14:49:36'),('WA60','1st','M024','A250','2021-08-24 00:04:47'),('WA60','2nd','M010','A250','2021-03-14 14:49:36'),('WA60','2nd','M010','A250','2021-08-24 00:04:47'),('WA60','3rd','M010','A250','2021-03-14 14:49:36'),('WA60','3rd','M010','A250','2021-08-24 00:04:47'),('WA60','4th','M010','A250','2021-03-14 14:49:36'),('WA60','4th','M010','A250','2021-08-24 00:04:47'),('WA90','1st','M032','A250','2021-07-22 00:01:14'),('WA90','1st','M032','A250','2021-09-25 11:34:14'),('WA90','2nd','M010','A250','2021-07-22 00:01:14'),('WA90','2nd','M010','A250','2021-09-25 11:34:14'),('WA90','3rd','M010','A250','2021-07-22 00:01:14'),('WA90','3rd','M010','A250','2021-09-25 11:34:14'),('WA90','4th','M010','A250','2021-07-22 00:01:14'),('WA90','4th','M010','A250','2021-09-25 11:34:14'),('AA40','1st','M016','A251','2022-12-12 08:42:48'),('AA40','2nd','M006','A251','2022-12-12 08:42:48'),('AA40','3rd','M006','A251','2022-12-12 08:42:48'),('AA40','4th','M006','A251','2022-12-12 08:42:48'),('WA60','1st','M024','A251','2022-07-05 01:47:29'),('WA60','2nd','M010','A251','2022-07-05 01:47:29'),('WA60','3rd','M010','A251','2022-07-05 01:47:29'),('WA60','4th','M010','A251','2022-07-05 01:47:29'),('AA40','1st','M016','A252','2022-12-12 08:42:48'),('AA40','2nd','M006','A252','2022-12-12 08:42:48'),('AA40','3rd','M006','A252','2022-12-12 08:42:48'),('AA40','4th','M006','A252','2022-12-12 08:42:48'),('AA50','1st','M020','A252','2021-08-30 12:20:37'),('AA50','2nd','M006','A252','2021-08-30 12:20:37'),('AA50','3rd','M006','A252','2021-08-30 12:20:37'),('AA50','4th','M006','A252','2021-08-30 12:20:37'),('WA70','1st','M028','A252','2023-01-19 11:01:25'),('WA70','2nd','M010','A252','2023-01-19 11:01:25'),('WA70','3rd','M010','A252','2023-01-19 11:01:25'),('WA70','4th','M010','A252','2023-01-19 11:01:25'),('WA90','1st','M032','A252','2022-06-29 08:37:23'),('WA90','1st','M032','A252','2023-06-11 14:53:57'),('WA90','2nd','M010','A252','2022-06-29 08:37:23'),('WA90','2nd','M010','A252','2023-06-11 14:53:57'),('WA90','3rd','M010','A252','2022-06-29 08:37:23'),('WA90','3rd','M010','A252','2023-06-11 14:53:57'),('WA90','4th','M010','A252','2022-06-29 08:37:23'),('WA90','4th','M010','A252','2023-06-11 14:53:57'),('WA60','1st','M024','A253','2023-05-10 21:02:13'),('WA60','2nd','M010','A253','2023-05-10 21:02:13'),('WA60','3rd','M010','A253','2023-05-10 21:02:13'),('WA60','4th','M010','A253','2023-05-10 21:02:13'),('WA70','1st','M028','A253','2022-11-29 14:08:54'),('WA70','2nd','M010','A253','2022-11-29 14:08:54'),('WA70','3rd','M010','A253','2022-11-29 14:08:54'),('WA70','4th','M010','A253','2022-11-29 14:08:54'),('WA90','1st','M032','A253','2022-01-18 13:45:28'),('WA90','1st','M032','A253','2023-05-20 04:59:36'),('WA90','2nd','M010','A253','2022-01-18 13:45:28'),('WA90','2nd','M010','A253','2023-05-20 04:59:36'),('WA90','3rd','M010','A253','2022-01-18 13:45:28'),('WA90','3rd','M010','A253','2023-05-20 04:59:36'),('WA90','4th','M010','A253','2022-01-18 13:45:28'),('WA90','4th','M010','A253','2023-05-20 04:59:36'),('AA50','1st','M020','A254','2022-07-01 14:46:08'),('AA50','2nd','M006','A254','2022-07-01 14:46:08'),('AA50','3rd','M006','A254','2022-07-01 14:46:08'),('AA50','4th','M006','A254','2022-07-01 14:46:08'),('WA70','1st','M028','A254','2023-06-11 15:57:30'),('WA70','2nd','M010','A254','2023-06-11 15:57:30'),('WA70','3rd','M010','A254','2023-06-11 15:57:30'),('WA70','4th','M010','A254','2023-06-11 15:57:30'),('AA40','1st','M016','A255','2021-06-05 06:38:15'),('AA40','2nd','M006','A255','2021-06-05 06:38:15'),('AA40','3rd','M006','A255','2021-06-05 06:38:15'),('AA40','4th','M006','A255','2021-06-05 06:38:15'),('WA60','1st','M024','A255','2021-06-19 21:06:21'),('WA60','1st','M024','A255','2021-08-17 21:34:30'),('WA60','2nd','M010','A255','2021-06-19 21:06:21'),('WA60','2nd','M010','A255','2021-08-17 21:34:30'),('WA60','3rd','M010','A255','2021-06-19 21:06:21'),('WA60','3rd','M010','A255','2021-08-17 21:34:30'),('WA60','4th','M010','A255','2021-06-19 21:06:21'),('WA60','4th','M010','A255','2021-08-17 21:34:30'),('WA70','1st','M028','A255','2023-03-27 02:42:50'),('WA70','2nd','M010','A255','2023-03-27 02:42:50'),('WA70','3rd','M010','A255','2023-03-27 02:42:50'),('WA70','4th','M010','A255','2023-03-27 02:42:50'),('AA40','1st','M016','A256','2022-03-31 11:20:28'),('AA40','2nd','M006','A256','2022-03-31 11:20:28'),('AA40','3rd','M006','A256','2022-03-31 11:20:28'),('AA40','4th','M006','A256','2022-03-31 11:20:28'),('WA60','1st','M024','A256','2021-09-30 10:54:06'),('WA60','2nd','M010','A256','2021-09-30 10:54:06'),('WA60','3rd','M010','A256','2021-09-30 10:54:06'),('WA60','4th','M010','A256','2021-09-30 10:54:06'),('WA70','1st','M028','A256','2022-04-06 07:32:33'),('WA70','1st','M028','A256','2022-12-05 21:06:23'),('WA70','1st','M028','A256','2023-01-12 19:43:47'),('WA70','1st','M028','A256','2023-02-09 22:55:11'),('WA70','2nd','M010','A256','2022-04-06 07:32:33'),('WA70','2nd','M010','A256','2022-12-05 21:06:23'),('WA70','2nd','M010','A256','2023-01-12 19:43:47'),('WA70','2nd','M010','A256','2023-02-09 22:55:11'),('WA70','3rd','M010','A256','2022-04-06 07:32:33'),('WA70','3rd','M010','A256','2022-12-05 21:06:23'),('WA70','3rd','M010','A256','2023-01-12 19:43:47'),('WA70','3rd','M010','A256','2023-02-09 22:55:11'),('WA70','4th','M010','A256','2022-04-06 07:32:33'),('WA70','4th','M010','A256','2022-12-05 21:06:23'),('WA70','4th','M010','A256','2023-01-12 19:43:47'),('WA70','4th','M010','A256','2023-02-09 22:55:11'),('WA90','1st','M032','A256','2022-06-27 04:03:20'),('WA90','2nd','M010','A256','2022-06-27 04:03:20'),('WA90','3rd','M010','A256','2022-06-27 04:03:20'),('WA90','4th','M010','A256','2022-06-27 04:03:20'),('AA50','1st','M020','A257','2021-06-09 02:23:35'),('AA50','1st','M020','A257','2021-11-06 05:31:23'),('AA50','1st','M020','A257','2021-12-11 03:41:15'),('AA50','2nd','M006','A257','2021-06-09 02:23:35'),('AA50','2nd','M006','A257','2021-11-06 05:31:23'),('AA50','2nd','M006','A257','2021-12-11 03:41:15'),('AA50','3rd','M006','A257','2021-06-09 02:23:35'),('AA50','3rd','M006','A257','2021-11-06 05:31:23'),('AA50','3rd','M006','A257','2021-12-11 03:41:15'),('AA50','4th','M006','A257','2021-06-09 02:23:35'),('AA50','4th','M006','A257','2021-11-06 05:31:23'),('AA50','4th','M006','A257','2021-12-11 03:41:15'),('WA70','1st','M028','A257','2022-05-04 11:15:29'),('WA70','2nd','M010','A257','2022-05-04 11:15:29'),('WA70','3rd','M010','A257','2022-05-04 11:15:29'),('WA70','4th','M010','A257','2022-05-04 11:15:29'),('WA90','1st','M032','A257','2022-03-23 19:57:13'),('WA90','1st','M032','A257','2022-04-04 11:42:05'),('WA90','1st','M032','A257','2023-02-03 11:47:39'),('WA90','2nd','M010','A257','2022-03-23 19:57:13'),('WA90','2nd','M010','A257','2022-04-04 11:42:05'),('WA90','2nd','M010','A257','2023-02-03 11:47:39'),('WA90','3rd','M010','A257','2022-03-23 19:57:13'),('WA90','3rd','M010','A257','2022-04-04 11:42:05'),('WA90','3rd','M010','A257','2023-02-03 11:47:39'),('WA90','4th','M010','A257','2022-03-23 19:57:13'),('WA90','4th','M010','A257','2022-04-04 11:42:05'),('WA90','4th','M010','A257','2023-02-03 11:47:39'),('AA40','1st','M016','A258','2021-10-15 08:49:22'),('AA40','1st','M016','A258','2021-12-27 15:50:11'),('AA40','1st','M016','A258','2022-09-25 01:38:19'),('AA40','2nd','M006','A258','2021-10-15 08:49:22'),('AA40','2nd','M006','A258','2021-12-27 15:50:11'),('AA40','2nd','M006','A258','2022-09-25 01:38:19'),('AA40','3rd','M006','A258','2021-10-15 08:49:22'),('AA40','3rd','M006','A258','2021-12-27 15:50:11'),('AA40','3rd','M006','A258','2022-09-25 01:38:19'),('AA40','4th','M006','A258','2021-10-15 08:49:22'),('AA40','4th','M006','A258','2021-12-27 15:50:11'),('AA40','4th','M006','A258','2022-09-25 01:38:19'),('AA50','1st','M020','A258','2021-06-09 02:23:35'),('AA50','2nd','M006','A258','2021-06-09 02:23:35'),('AA50','3rd','M006','A258','2021-06-09 02:23:35'),('AA50','4th','M006','A258','2021-06-09 02:23:35'),('WA60','1st','M024','A258','2021-10-20 15:47:59'),('WA60','2nd','M010','A258','2021-10-20 15:47:59'),('WA60','3rd','M010','A258','2021-10-20 15:47:59'),('WA60','4th','M010','A258','2021-10-20 15:47:59'),('WA90','1st','M032','A258','2021-11-26 11:27:18'),('WA90','2nd','M010','A258','2021-11-26 11:27:18'),('WA90','3rd','M010','A258','2021-11-26 11:27:18'),('WA90','4th','M010','A258','2021-11-26 11:27:18'),('AA50','1st','M020','A259','2023-02-07 13:49:20'),('AA50','2nd','M006','A259','2023-02-07 13:49:20'),('AA50','3rd','M006','A259','2023-02-07 13:49:20'),('AA50','4th','M006','A259','2023-02-07 13:49:20'),('WA60','1st','M024','A259','2022-10-01 15:23:51'),('WA60','2nd','M010','A259','2022-10-01 15:23:51'),('WA60','3rd','M010','A259','2022-10-01 15:23:51'),('WA60','4th','M010','A259','2022-10-01 15:23:51'),('WA90','1st','M032','A259','2023-06-11 14:53:57'),('WA90','2nd','M010','A259','2023-06-11 14:53:57'),('WA90','3rd','M010','A259','2023-06-11 14:53:57'),('WA90','4th','M010','A259','2023-06-11 14:53:57'),('AA40','1st','M016','A260','2021-02-25 04:29:28'),('AA40','1st','M016','A260','2022-05-17 05:46:22'),('AA40','2nd','M006','A260','2021-02-25 04:29:28'),('AA40','2nd','M006','A260','2022-05-17 05:46:22'),('AA40','3rd','M006','A260','2021-02-25 04:29:28'),('AA40','3rd','M006','A260','2022-05-17 05:46:22'),('AA40','4th','M006','A260','2021-02-25 04:29:28'),('AA40','4th','M006','A260','2022-05-17 05:46:22'),('AA50','1st','M020','A260','2022-09-12 21:54:05'),('AA50','1st','M020','A260','2023-06-18 04:45:59'),('AA50','2nd','M006','A260','2022-09-12 21:54:05'),('AA50','2nd','M006','A260','2023-06-18 04:45:59'),('AA50','3rd','M006','A260','2022-09-12 21:54:05'),('AA50','3rd','M006','A260','2023-06-18 04:45:59'),('AA50','4th','M006','A260','2022-09-12 21:54:05'),('AA50','4th','M006','A260','2023-06-18 04:45:59'),('WA60','1st','M024','A260','2022-09-13 21:22:23'),('WA60','2nd','M010','A260','2022-09-13 21:22:23'),('WA60','3rd','M010','A260','2022-09-13 21:22:23'),('WA60','4th','M010','A260','2022-09-13 21:22:23'),('WA70','1st','M028','A260','2022-11-18 12:24:39'),('WA70','2nd','M010','A260','2022-11-18 12:24:39'),('WA70','3rd','M010','A260','2022-11-18 12:24:39'),('WA70','4th','M010','A260','2022-11-18 12:24:39'),('WA90','1st','M032','A260','2021-11-06 19:09:07'),('WA90','1st','M032','A260','2021-11-10 08:08:44'),('WA90','1st','M032','A260','2022-01-06 13:14:41'),('WA90','2nd','M010','A260','2021-11-06 19:09:07'),('WA90','2nd','M010','A260','2021-11-10 08:08:44'),('WA90','2nd','M010','A260','2022-01-06 13:14:41'),('WA90','3rd','M010','A260','2021-11-06 19:09:07'),('WA90','3rd','M010','A260','2021-11-10 08:08:44'),('WA90','3rd','M010','A260','2022-01-06 13:14:41'),('WA90','4th','M010','A260','2021-11-06 19:09:07'),('WA90','4th','M010','A260','2021-11-10 08:08:44'),('WA90','4th','M010','A260','2022-01-06 13:14:41'),('AA50','1st','M020','A261','2023-02-23 16:42:01'),('AA50','2nd','M006','A261','2023-02-23 16:42:01'),('AA50','3rd','M006','A261','2023-02-23 16:42:01'),('AA50','4th','M006','A261','2023-02-23 16:42:01'),('WA60','1st','M024','A261','2023-03-03 18:46:47'),('WA60','2nd','M010','A261','2023-03-03 18:46:47'),('WA60','3rd','M010','A261','2023-03-03 18:46:47'),('WA60','4th','M010','A261','2023-03-03 18:46:47'),('WA70','1st','M028','A261','2021-12-04 05:15:14'),('WA70','1st','M028','A261','2023-05-29 12:20:08'),('WA70','2nd','M010','A261','2021-12-04 05:15:14'),('WA70','2nd','M010','A261','2023-05-29 12:20:08'),('WA70','3rd','M010','A261','2021-12-04 05:15:14'),('WA70','3rd','M010','A261','2023-05-29 12:20:08'),('WA70','4th','M010','A261','2021-12-04 05:15:14'),('WA70','4th','M010','A261','2023-05-29 12:20:08'),('AA40','1st','M016','A262','2022-12-12 08:42:48'),('AA40','2nd','M006','A262','2022-12-12 08:42:48'),('AA40','3rd','M006','A262','2022-12-12 08:42:48'),('AA40','4th','M006','A262','2022-12-12 08:42:48'),('AA50','1st','M020','A262','2022-04-20 15:49:01'),('AA50','2nd','M006','A262','2022-04-20 15:49:01'),('AA50','3rd','M006','A262','2022-04-20 15:49:01'),('AA50','4th','M006','A262','2022-04-20 15:49:01'),('WA60','1st','M024','A262','2021-03-15 00:45:41'),('WA60','2nd','M010','A262','2021-03-15 00:45:41'),('WA60','3rd','M010','A262','2021-03-15 00:45:41'),('WA60','4th','M010','A262','2021-03-15 00:45:41'),('WA90','1st','M032','A262','2023-02-28 12:25:30'),('WA90','2nd','M010','A262','2023-02-28 12:25:30'),('WA90','3rd','M010','A262','2023-02-28 12:25:30'),('WA90','4th','M010','A262','2023-02-28 12:25:30'),('AA40','1st','M016','A263','2021-05-21 15:10:11'),('AA40','2nd','M006','A263','2021-05-21 15:10:11'),('AA40','3rd','M006','A263','2021-05-21 15:10:11'),('AA40','4th','M006','A263','2021-05-21 15:10:11'),('WA60','1st','M024','A263','2021-05-06 10:00:07'),('WA60','1st','M024','A263','2021-12-25 09:53:37'),('WA60','1st','M024','A263','2022-10-01 15:23:51'),('WA60','2nd','M010','A263','2021-05-06 10:00:07'),('WA60','2nd','M010','A263','2021-12-25 09:53:37'),('WA60','2nd','M010','A263','2022-10-01 15:23:51'),('WA60','3rd','M010','A263','2021-05-06 10:00:07'),('WA60','3rd','M010','A263','2021-12-25 09:53:37'),('WA60','3rd','M010','A263','2022-10-01 15:23:51'),('WA60','4th','M010','A263','2021-05-06 10:00:07'),('WA60','4th','M010','A263','2021-12-25 09:53:37'),('WA60','4th','M010','A263','2022-10-01 15:23:51'),('WA70','1st','M028','A263','2023-05-29 12:20:08'),('WA70','2nd','M010','A263','2023-05-29 12:20:08'),('WA70','3rd','M010','A263','2023-05-29 12:20:08'),('WA70','4th','M010','A263','2023-05-29 12:20:08'),('AA40','1st','M016','A264','2021-02-25 04:29:28'),('AA40','1st','M016','A264','2023-02-01 23:32:09'),('AA40','1st','M016','A264','2023-05-21 11:27:46'),('AA40','2nd','M006','A264','2021-02-25 04:29:28'),('AA40','2nd','M006','A264','2023-02-01 23:32:09'),('AA40','2nd','M006','A264','2023-05-21 11:27:46'),('AA40','3rd','M006','A264','2021-02-25 04:29:28'),('AA40','3rd','M006','A264','2023-02-01 23:32:09'),('AA40','3rd','M006','A264','2023-05-21 11:27:46'),('AA40','4th','M006','A264','2021-02-25 04:29:28'),('AA40','4th','M006','A264','2023-02-01 23:32:09'),('AA40','4th','M006','A264','2023-05-21 11:27:46'),('AA50','1st','M020','A264','2021-11-06 05:31:23'),('AA50','1st','M020','A264','2022-02-23 17:57:16'),('AA50','1st','M020','A264','2022-10-17 15:33:58'),('AA50','2nd','M006','A264','2021-11-06 05:31:23'),('AA50','2nd','M006','A264','2022-02-23 17:57:16'),('AA50','2nd','M006','A264','2022-10-17 15:33:58'),('AA50','3rd','M006','A264','2021-11-06 05:31:23'),('AA50','3rd','M006','A264','2022-02-23 17:57:16'),('AA50','3rd','M006','A264','2022-10-17 15:33:58'),('AA50','4th','M006','A264','2021-11-06 05:31:23'),('AA50','4th','M006','A264','2022-02-23 17:57:16'),('AA50','4th','M006','A264','2022-10-17 15:33:58'),('WA60','1st','M024','A264','2021-05-06 10:00:07'),('WA60','1st','M024','A264','2022-06-17 18:26:09'),('WA60','1st','M024','A264','2022-09-13 21:22:23'),('WA60','2nd','M010','A264','2021-05-06 10:00:07'),('WA60','2nd','M010','A264','2022-06-17 18:26:09'),('WA60','2nd','M010','A264','2022-09-13 21:22:23'),('WA60','3rd','M010','A264','2021-05-06 10:00:07'),('WA60','3rd','M010','A264','2022-06-17 18:26:09'),('WA60','3rd','M010','A264','2022-09-13 21:22:23'),('WA60','4th','M010','A264','2021-05-06 10:00:07'),('WA60','4th','M010','A264','2022-06-17 18:26:09'),('WA60','4th','M010','A264','2022-09-13 21:22:23'),('WA70','1st','M028','A264','2023-06-04 14:55:05'),('WA70','2nd','M010','A264','2023-06-04 14:55:05'),('WA70','3rd','M010','A264','2023-06-04 14:55:05'),('WA70','4th','M010','A264','2023-06-04 14:55:05'),('AA40','1st','M016','A265','2022-05-17 05:46:22'),('AA40','2nd','M006','A265','2022-05-17 05:46:22'),('AA40','3rd','M006','A265','2022-05-17 05:46:22'),('AA40','4th','M006','A265','2022-05-17 05:46:22'),('WA60','1st','M024','A265','2021-01-18 06:12:55'),('WA60','2nd','M010','A265','2021-01-18 06:12:55'),('WA60','3rd','M010','A265','2021-01-18 06:12:55'),('WA60','4th','M010','A265','2021-01-18 06:12:55'),('AA40','1st','M016','A267','2021-12-27 15:50:11'),('AA40','1st','M016','A267','2022-09-25 01:38:19'),('AA40','2nd','M006','A267','2021-12-27 15:50:11'),('AA40','2nd','M006','A267','2022-09-25 01:38:19'),('AA40','3rd','M006','A267','2021-12-27 15:50:11'),('AA40','3rd','M006','A267','2022-09-25 01:38:19'),('AA40','4th','M006','A267','2021-12-27 15:50:11'),('AA40','4th','M006','A267','2022-09-25 01:38:19'),('WA60','1st','M024','A267','2022-02-01 07:38:57'),('WA60','2nd','M010','A267','2022-02-01 07:38:57'),('WA60','3rd','M010','A267','2022-02-01 07:38:57'),('WA60','4th','M010','A267','2022-02-01 07:38:57'),('WA70','1st','M028','A267','2021-10-25 12:38:54'),('WA70','1st','M028','A267','2022-12-05 21:06:23'),('WA70','2nd','M010','A267','2021-10-25 12:38:54'),('WA70','2nd','M010','A267','2022-12-05 21:06:23'),('WA70','3rd','M010','A267','2021-10-25 12:38:54'),('WA70','3rd','M010','A267','2022-12-05 21:06:23'),('WA70','4th','M010','A267','2021-10-25 12:38:54'),('WA70','4th','M010','A267','2022-12-05 21:06:23'),('WA90','1st','M032','A267','2021-12-15 11:23:52'),('WA90','2nd','M010','A267','2021-12-15 11:23:52'),('WA90','3rd','M010','A267','2021-12-15 11:23:52'),('WA90','4th','M010','A267','2021-12-15 11:23:52'),('AA40','1st','M016','A268','2021-02-28 23:15:38'),('AA40','1st','M016','A268','2022-02-16 02:46:58'),('AA40','2nd','M006','A268','2021-02-28 23:15:38'),('AA40','2nd','M006','A268','2022-02-16 02:46:58'),('AA40','3rd','M006','A268','2021-02-28 23:15:38'),('AA40','3rd','M006','A268','2022-02-16 02:46:58'),('AA40','4th','M006','A268','2021-02-28 23:15:38'),('AA40','4th','M006','A268','2022-02-16 02:46:58'),('WA60','1st','M024','A268','2021-07-01 01:22:36'),('WA60','2nd','M010','A268','2021-07-01 01:22:36'),('WA60','3rd','M010','A268','2021-07-01 01:22:36'),('WA60','4th','M010','A268','2021-07-01 01:22:36'),('WA90','1st','M032','A268','2022-01-29 23:29:53'),('WA90','1st','M032','A268','2023-05-20 19:23:29'),('WA90','2nd','M010','A268','2022-01-29 23:29:53'),('WA90','2nd','M010','A268','2023-05-20 19:23:29'),('WA90','3rd','M010','A268','2022-01-29 23:29:53'),('WA90','3rd','M010','A268','2023-05-20 19:23:29'),('WA90','4th','M010','A268','2022-01-29 23:29:53'),('WA90','4th','M010','A268','2023-05-20 19:23:29'),('AA40','1st','M016','A269','2023-05-21 11:27:46'),('AA40','2nd','M006','A269','2023-05-21 11:27:46'),('AA40','3rd','M006','A269','2023-05-21 11:27:46'),('AA40','4th','M006','A269','2023-05-21 11:27:46'),('WA70','1st','M028','A269','2021-05-20 00:18:07'),('WA70','2nd','M010','A269','2021-05-20 00:18:07'),('WA70','3rd','M010','A269','2021-05-20 00:18:07'),('WA70','4th','M010','A269','2021-05-20 00:18:07'),('WA90','1st','M032','A269','2021-07-22 00:01:14'),('WA90','1st','M032','A269','2022-06-29 08:37:23'),('WA90','1st','M032','A269','2023-05-20 04:59:36'),('WA90','2nd','M010','A269','2021-07-22 00:01:14'),('WA90','2nd','M010','A269','2022-06-29 08:37:23'),('WA90','2nd','M010','A269','2023-05-20 04:59:36'),('WA90','3rd','M010','A269','2021-07-22 00:01:14'),('WA90','3rd','M010','A269','2022-06-29 08:37:23'),('WA90','3rd','M010','A269','2023-05-20 04:59:36'),('WA90','4th','M010','A269','2021-07-22 00:01:14'),('WA90','4th','M010','A269','2022-06-29 08:37:23'),('WA90','4th','M010','A269','2023-05-20 04:59:36'),('WA70','1st','M028','A270','2021-11-21 17:39:33'),('WA70','2nd','M010','A270','2021-11-21 17:39:33'),('WA70','3rd','M010','A270','2021-11-21 17:39:33'),('WA70','4th','M010','A270','2021-11-21 17:39:33'),('AA40','1st','M016','A271','2021-10-03 16:55:25'),('AA40','2nd','M006','A271','2021-10-03 16:55:25'),('AA40','3rd','M006','A271','2021-10-03 16:55:25'),('AA40','4th','M006','A271','2021-10-03 16:55:25'),('WA60','1st','M024','A271','2021-05-30 16:49:25'),('WA60','1st','M024','A271','2021-06-13 00:52:27'),('WA60','2nd','M010','A271','2021-05-30 16:49:25'),('WA60','2nd','M010','A271','2021-06-13 00:52:27'),('WA60','3rd','M010','A271','2021-05-30 16:49:25'),('WA60','3rd','M010','A271','2021-06-13 00:52:27'),('WA60','4th','M010','A271','2021-05-30 16:49:25'),('WA60','4th','M010','A271','2021-06-13 00:52:27'),('WA70','1st','M028','A271','2023-03-27 02:42:50'),('WA70','2nd','M010','A271','2023-03-27 02:42:50'),('WA70','3rd','M010','A271','2023-03-27 02:42:50'),('WA70','4th','M010','A271','2023-03-27 02:42:50'),('AA50','1st','M020','A272','2021-12-06 18:35:25'),('AA50','2nd','M006','A272','2021-12-06 18:35:25'),('AA50','3rd','M006','A272','2021-12-06 18:35:25'),('AA50','4th','M006','A272','2021-12-06 18:35:25'),('WA60','1st','M024','A272','2021-05-30 16:49:25'),('WA60','2nd','M010','A272','2021-05-30 16:49:25'),('WA60','3rd','M010','A272','2021-05-30 16:49:25'),('WA60','4th','M010','A272','2021-05-30 16:49:25'),('WA90','1st','M032','A272','2021-12-21 04:53:41'),('WA90','2nd','M010','A272','2021-12-21 04:53:41'),('WA90','3rd','M010','A272','2021-12-21 04:53:41'),('WA90','4th','M010','A272','2021-12-21 04:53:41'),('WA70','1st','M028','A273','2022-02-12 00:21:43'),('WA70','1st','M028','A273','2023-01-12 19:43:47'),('WA70','2nd','M010','A273','2022-02-12 00:21:43'),('WA70','2nd','M010','A273','2023-01-12 19:43:47'),('WA70','3rd','M010','A273','2022-02-12 00:21:43'),('WA70','3rd','M010','A273','2023-01-12 19:43:47'),('WA70','4th','M010','A273','2022-02-12 00:21:43'),('WA70','4th','M010','A273','2023-01-12 19:43:47'),('WA90','1st','M032','A273','2022-04-04 11:42:05'),('WA90','2nd','M010','A273','2022-04-04 11:42:05'),('WA90','3rd','M010','A273','2022-04-04 11:42:05'),('WA90','4th','M010','A273','2022-04-04 11:42:05'),('AA50','1st','M020','A274','2022-04-19 02:28:47'),('AA50','1st','M020','A274','2023-01-25 00:59:28'),('AA50','2nd','M006','A274','2022-04-19 02:28:47'),('AA50','2nd','M006','A274','2023-01-25 00:59:28'),('AA50','3rd','M006','A274','2022-04-19 02:28:47'),('AA50','3rd','M006','A274','2023-01-25 00:59:28'),('AA50','4th','M006','A274','2022-04-19 02:28:47'),('AA50','4th','M006','A274','2023-01-25 00:59:28'),('WA60','1st','M024','A274','2021-06-13 00:52:27'),('WA60','2nd','M010','A274','2021-06-13 00:52:27'),('WA60','3rd','M010','A274','2021-06-13 00:52:27'),('WA60','4th','M010','A274','2021-06-13 00:52:27'),('WA70','1st','M028','A274','2021-02-03 23:50:03'),('WA70','1st','M028','A274','2021-11-21 17:39:33'),('WA70','2nd','M010','A274','2021-02-03 23:50:03'),('WA70','2nd','M010','A274','2021-11-21 17:39:33'),('WA70','3rd','M010','A274','2021-02-03 23:50:03'),('WA70','3rd','M010','A274','2021-11-21 17:39:33'),('WA70','4th','M010','A274','2021-02-03 23:50:03'),('WA70','4th','M010','A274','2021-11-21 17:39:33'),('AA40','1st','M016','A275','2021-12-26 04:39:48'),('AA40','1st','M016','A275','2023-05-21 11:27:46'),('AA40','2nd','M006','A275','2021-12-26 04:39:48'),('AA40','2nd','M006','A275','2023-05-21 11:27:46'),('AA40','3rd','M006','A275','2021-12-26 04:39:48'),('AA40','3rd','M006','A275','2023-05-21 11:27:46'),('AA40','4th','M006','A275','2021-12-26 04:39:48'),('AA40','4th','M006','A275','2023-05-21 11:27:46'),('AA50','1st','M020','A275','2022-01-01 03:19:13'),('AA50','2nd','M006','A275','2022-01-01 03:19:13'),('AA50','3rd','M006','A275','2022-01-01 03:19:13'),('AA50','4th','M006','A275','2022-01-01 03:19:13'),('WA60','1st','M024','A275','2022-06-17 18:26:09'),('WA60','1st','M024','A275','2022-10-01 15:23:51'),('WA60','2nd','M010','A275','2022-06-17 18:26:09'),('WA60','2nd','M010','A275','2022-10-01 15:23:51'),('WA60','3rd','M010','A275','2022-06-17 18:26:09'),('WA60','3rd','M010','A275','2022-10-01 15:23:51'),('WA60','4th','M010','A275','2022-06-17 18:26:09'),('WA60','4th','M010','A275','2022-10-01 15:23:51'),('WA60','1st','M024','A276','2021-05-06 10:00:07'),('WA60','1st','M024','A276','2023-06-19 16:41:01'),('WA60','2nd','M010','A276','2021-05-06 10:00:07'),('WA60','2nd','M010','A276','2023-06-19 16:41:01'),('WA60','3rd','M010','A276','2021-05-06 10:00:07'),('WA60','3rd','M010','A276','2023-06-19 16:41:01'),('WA60','4th','M010','A276','2021-05-06 10:00:07'),('WA60','4th','M010','A276','2023-06-19 16:41:01'),('WA90','1st','M032','A276','2021-12-15 11:23:52'),('WA90','2nd','M010','A276','2021-12-15 11:23:52'),('WA90','3rd','M010','A276','2021-12-15 11:23:52'),('WA90','4th','M010','A276','2021-12-15 11:23:52'),('AA40','1st','M016','A277','2022-02-16 02:46:58'),('AA40','1st','M016','A277','2022-08-08 14:51:31'),('AA40','2nd','M006','A277','2022-02-16 02:46:58'),('AA40','2nd','M006','A277','2022-08-08 14:51:31'),('AA40','3rd','M006','A277','2022-02-16 02:46:58'),('AA40','3rd','M006','A277','2022-08-08 14:51:31'),('AA40','4th','M006','A277','2022-02-16 02:46:58'),('AA40','4th','M006','A277','2022-08-08 14:51:31'),('AA50','1st','M020','A277','2021-11-25 17:51:51'),('AA50','2nd','M006','A277','2021-11-25 17:51:51'),('AA50','3rd','M006','A277','2021-11-25 17:51:51'),('AA50','4th','M006','A277','2021-11-25 17:51:51'),('WA60','1st','M024','A277','2022-08-16 17:43:59'),('WA60','2nd','M010','A277','2022-08-16 17:43:59'),('WA60','3rd','M010','A277','2022-08-16 17:43:59'),('WA60','4th','M010','A277','2022-08-16 17:43:59'),('WA70','1st','M028','A277','2022-05-04 11:15:29'),('WA70','2nd','M010','A277','2022-05-04 11:15:29'),('WA70','3rd','M010','A277','2022-05-04 11:15:29'),('WA70','4th','M010','A277','2022-05-04 11:15:29'),('WA90','1st','M032','A277','2021-12-24 20:09:49'),('WA90','2nd','M010','A277','2021-12-24 20:09:49'),('WA90','3rd','M010','A277','2021-12-24 20:09:49'),('WA90','4th','M010','A277','2021-12-24 20:09:49'),('AA40','1st','M016','A278','2021-03-03 14:03:33'),('AA40','2nd','M006','A278','2021-03-03 14:03:33'),('AA40','3rd','M006','A278','2021-03-03 14:03:33'),('AA40','4th','M006','A278','2021-03-03 14:03:33'),('AA50','1st','M020','A278','2021-12-06 18:35:25'),('AA50','1st','M020','A278','2022-01-01 03:19:13'),('AA50','2nd','M006','A278','2021-12-06 18:35:25'),('AA50','2nd','M006','A278','2022-01-01 03:19:13'),('AA50','3rd','M006','A278','2021-12-06 18:35:25'),('AA50','3rd','M006','A278','2022-01-01 03:19:13'),('AA50','4th','M006','A278','2021-12-06 18:35:25'),('AA50','4th','M006','A278','2022-01-01 03:19:13'),('WA70','1st','M028','A278','2021-02-03 23:50:03'),('WA70','1st','M028','A278','2023-06-04 14:55:05'),('WA70','2nd','M010','A278','2021-02-03 23:50:03'),('WA70','2nd','M010','A278','2023-06-04 14:55:05'),('WA70','3rd','M010','A278','2021-02-03 23:50:03'),('WA70','3rd','M010','A278','2023-06-04 14:55:05'),('WA70','4th','M010','A278','2021-02-03 23:50:03'),('WA70','4th','M010','A278','2023-06-04 14:55:05'),('AA50','1st','M020','A279','2021-12-06 18:35:25'),('AA50','1st','M020','A279','2023-02-23 16:42:01'),('AA50','2nd','M006','A279','2021-12-06 18:35:25'),('AA50','2nd','M006','A279','2023-02-23 16:42:01'),('AA50','3rd','M006','A279','2021-12-06 18:35:25'),('AA50','3rd','M006','A279','2023-02-23 16:42:01'),('AA50','4th','M006','A279','2021-12-06 18:35:25'),('AA50','4th','M006','A279','2023-02-23 16:42:01'),('WA60','1st','M024','A279','2021-06-19 21:06:21'),('WA60','1st','M024','A279','2021-08-24 00:04:47'),('WA60','1st','M024','A279','2022-06-26 19:09:34'),('WA60','1st','M024','A279','2022-12-22 03:41:18'),('WA60','2nd','M010','A279','2021-06-19 21:06:21'),('WA60','2nd','M010','A279','2021-08-24 00:04:47'),('WA60','2nd','M010','A279','2022-06-26 19:09:34'),('WA60','2nd','M010','A279','2022-12-22 03:41:18'),('WA60','3rd','M010','A279','2021-06-19 21:06:21'),('WA60','3rd','M010','A279','2021-08-24 00:04:47'),('WA60','3rd','M010','A279','2022-06-26 19:09:34'),('WA60','3rd','M010','A279','2022-12-22 03:41:18'),('WA60','4th','M010','A279','2021-06-19 21:06:21'),('WA60','4th','M010','A279','2021-08-24 00:04:47'),('WA60','4th','M010','A279','2022-06-26 19:09:34'),('WA60','4th','M010','A279','2022-12-22 03:41:18'),('WA70','1st','M028','A279','2021-01-02 05:42:59'),('WA70','2nd','M010','A279','2021-01-02 05:42:59'),('WA70','3rd','M010','A279','2021-01-02 05:42:59'),('WA70','4th','M010','A279','2021-01-02 05:42:59'),('WA90','1st','M032','A279','2022-06-12 08:33:24'),('WA90','1st','M032','A279','2023-05-03 13:04:07'),('WA90','2nd','M010','A279','2022-06-12 08:33:24'),('WA90','2nd','M010','A279','2023-05-03 13:04:07'),('WA90','3rd','M010','A279','2022-06-12 08:33:24'),('WA90','3rd','M010','A279','2023-05-03 13:04:07'),('WA90','4th','M010','A279','2022-06-12 08:33:24'),('WA90','4th','M010','A279','2023-05-03 13:04:07'),('WA90','1st','M032','A280','2022-01-06 13:14:41'),('WA90','2nd','M010','A280','2022-01-06 13:14:41'),('WA90','3rd','M010','A280','2022-01-06 13:14:41'),('WA90','4th','M010','A280','2022-01-06 13:14:41'),('AA50','1st','M020','A281','2022-11-18 06:47:20'),('AA50','1st','M020','A281','2023-02-07 13:49:20'),('AA50','2nd','M006','A281','2022-11-18 06:47:20'),('AA50','2nd','M006','A281','2023-02-07 13:49:20'),('AA50','3rd','M006','A281','2022-11-18 06:47:20'),('AA50','3rd','M006','A281','2023-02-07 13:49:20'),('AA50','4th','M006','A281','2022-11-18 06:47:20'),('AA50','4th','M006','A281','2023-02-07 13:49:20'),('WA60','1st','M024','A281','2022-12-22 03:41:18'),('WA60','2nd','M010','A281','2022-12-22 03:41:18'),('WA60','3rd','M010','A281','2022-12-22 03:41:18'),('WA60','4th','M010','A281','2022-12-22 03:41:18'),('WA70','1st','M028','A281','2023-01-12 19:43:47'),('WA70','2nd','M010','A281','2023-01-12 19:43:47'),('WA70','3rd','M010','A281','2023-01-12 19:43:47'),('WA70','4th','M010','A281','2023-01-12 19:43:47'),('AA40','1st','M016','A282','2022-01-16 04:43:37'),('AA40','1st','M016','A282','2022-11-25 07:06:51'),('AA40','2nd','M006','A282','2022-01-16 04:43:37'),('AA40','2nd','M006','A282','2022-11-25 07:06:51'),('AA40','3rd','M006','A282','2022-01-16 04:43:37'),('AA40','3rd','M006','A282','2022-11-25 07:06:51'),('AA40','4th','M006','A282','2022-01-16 04:43:37'),('AA40','4th','M006','A282','2022-11-25 07:06:51'),('AA50','1st','M020','A282','2021-08-27 23:28:19'),('AA50','2nd','M006','A282','2021-08-27 23:28:19'),('AA50','3rd','M006','A282','2021-08-27 23:28:19'),('AA50','4th','M006','A282','2021-08-27 23:28:19'),('WA60','1st','M024','A282','2021-12-30 05:49:50'),('WA60','2nd','M010','A282','2021-12-30 05:49:50'),('WA60','3rd','M010','A282','2021-12-30 05:49:50'),('WA60','4th','M010','A282','2021-12-30 05:49:50'),('WA90','1st','M032','A282','2021-04-05 22:06:17'),('WA90','2nd','M010','A282','2021-04-05 22:06:17'),('WA90','3rd','M010','A282','2021-04-05 22:06:17'),('WA90','4th','M010','A282','2021-04-05 22:06:17'),('AA40','1st','M016','A283','2022-01-16 04:43:37'),('AA40','1st','M016','A283','2022-03-31 11:20:28'),('AA40','1st','M016','A283','2022-05-17 05:46:22'),('AA40','2nd','M006','A283','2022-01-16 04:43:37'),('AA40','2nd','M006','A283','2022-03-31 11:20:28'),('AA40','2nd','M006','A283','2022-05-17 05:46:22'),('AA40','3rd','M006','A283','2022-01-16 04:43:37'),('AA40','3rd','M006','A283','2022-03-31 11:20:28'),('AA40','3rd','M006','A283','2022-05-17 05:46:22'),('AA40','4th','M006','A283','2022-01-16 04:43:37'),('AA40','4th','M006','A283','2022-03-31 11:20:28'),('AA40','4th','M006','A283','2022-05-17 05:46:22'),('WA70','1st','M028','A283','2021-04-12 19:31:05'),('WA70','2nd','M010','A283','2021-04-12 19:31:05'),('WA70','3rd','M010','A283','2021-04-12 19:31:05'),('WA70','4th','M010','A283','2021-04-12 19:31:05'),('WA90','1st','M032','A283','2022-02-10 15:36:52'),('WA90','1st','M032','A283','2023-06-11 14:53:57'),('WA90','2nd','M010','A283','2022-02-10 15:36:52'),('WA90','2nd','M010','A283','2023-06-11 14:53:57'),('WA90','3rd','M010','A283','2022-02-10 15:36:52'),('WA90','3rd','M010','A283','2023-06-11 14:53:57'),('WA90','4th','M010','A283','2022-02-10 15:36:52'),('WA90','4th','M010','A283','2023-06-11 14:53:57'),('AA40','1st','M016','A284','2021-02-28 23:15:38'),('AA40','1st','M016','A284','2022-12-12 08:42:48'),('AA40','2nd','M006','A284','2021-02-28 23:15:38'),('AA40','2nd','M006','A284','2022-12-12 08:42:48'),('AA40','3rd','M006','A284','2021-02-28 23:15:38'),('AA40','3rd','M006','A284','2022-12-12 08:42:48'),('AA40','4th','M006','A284','2021-02-28 23:15:38'),('AA40','4th','M006','A284','2022-12-12 08:42:48'),('WA70','1st','M028','A284','2021-02-03 23:50:03'),('WA70','1st','M028','A284','2021-05-20 00:18:07'),('WA70','2nd','M010','A284','2021-02-03 23:50:03'),('WA70','2nd','M010','A284','2021-05-20 00:18:07'),('WA70','3rd','M010','A284','2021-02-03 23:50:03'),('WA70','3rd','M010','A284','2021-05-20 00:18:07'),('WA70','4th','M010','A284','2021-02-03 23:50:03'),('WA70','4th','M010','A284','2021-05-20 00:18:07'),('WA60','1st','M024','A285','2022-09-13 21:22:23'),('WA60','2nd','M010','A285','2022-09-13 21:22:23'),('WA60','3rd','M010','A285','2022-09-13 21:22:23'),('WA60','4th','M010','A285','2022-09-13 21:22:23'),('WA70','1st','M028','A285','2023-03-27 02:42:50'),('WA70','2nd','M010','A285','2023-03-27 02:42:50'),('WA70','3rd','M010','A285','2023-03-27 02:42:50'),('WA70','4th','M010','A285','2023-03-27 02:42:50'),('WA90','1st','M032','A285','2023-01-30 03:10:56'),('WA90','2nd','M010','A285','2023-01-30 03:10:56'),('WA90','3rd','M010','A285','2023-01-30 03:10:56'),('WA90','4th','M010','A285','2023-01-30 03:10:56'),('WA70','1st','M028','A286','2023-01-12 19:43:47'),('WA70','2nd','M010','A286','2023-01-12 19:43:47'),('WA70','3rd','M010','A286','2023-01-12 19:43:47'),('WA70','4th','M010','A286','2023-01-12 19:43:47'),('WA90','1st','M032','A286','2023-01-30 03:10:56'),('WA90','2nd','M010','A286','2023-01-30 03:10:56'),('WA90','3rd','M010','A286','2023-01-30 03:10:56'),('WA90','4th','M010','A286','2023-01-30 03:10:56'),('AA50','1st','M020','A287','2021-08-30 12:20:37'),('AA50','2nd','M006','A287','2021-08-30 12:20:37'),('AA50','3rd','M006','A287','2021-08-30 12:20:37'),('AA50','4th','M006','A287','2021-08-30 12:20:37'),('WA60','1st','M024','A287','2022-02-01 07:38:57'),('WA60','1st','M024','A287','2023-06-19 16:41:01'),('WA60','2nd','M010','A287','2022-02-01 07:38:57'),('WA60','2nd','M010','A287','2023-06-19 16:41:01'),('WA60','3rd','M010','A287','2022-02-01 07:38:57'),('WA60','3rd','M010','A287','2023-06-19 16:41:01'),('WA60','4th','M010','A287','2022-02-01 07:38:57'),('WA60','4th','M010','A287','2023-06-19 16:41:01'),('WA70','1st','M028','A287','2023-04-16 04:02:26'),('WA70','1st','M028','A287','2023-06-04 14:55:05'),('WA70','2nd','M010','A287','2023-04-16 04:02:26'),('WA70','2nd','M010','A287','2023-06-04 14:55:05'),('WA70','3rd','M010','A287','2023-04-16 04:02:26'),('WA70','3rd','M010','A287','2023-06-04 14:55:05'),('WA70','4th','M010','A287','2023-04-16 04:02:26'),('WA70','4th','M010','A287','2023-06-04 14:55:05'),('WA60','1st','M024','A288','2021-10-26 13:58:23'),('WA60','2nd','M010','A288','2021-10-26 13:58:23'),('WA60','3rd','M010','A288','2021-10-26 13:58:23'),('WA60','4th','M010','A288','2021-10-26 13:58:23'),('WA70','1st','M028','A288','2022-03-16 23:37:55'),('WA70','2nd','M010','A288','2022-03-16 23:37:55'),('WA70','3rd','M010','A288','2022-03-16 23:37:55'),('WA70','4th','M010','A288','2022-03-16 23:37:55'),('AA50','1st','M020','A290','2021-07-19 08:16:55'),('AA50','1st','M020','A290','2022-04-27 16:31:04'),('AA50','2nd','M006','A290','2021-07-19 08:16:55'),('AA50','2nd','M006','A290','2022-04-27 16:31:04'),('AA50','3rd','M006','A290','2021-07-19 08:16:55'),('AA50','3rd','M006','A290','2022-04-27 16:31:04'),('AA50','4th','M006','A290','2021-07-19 08:16:55'),('AA50','4th','M006','A290','2022-04-27 16:31:04'),('WA60','1st','M024','A290','2021-07-22 08:07:01'),('WA60','2nd','M010','A290','2021-07-22 08:07:01'),('WA60','3rd','M010','A290','2021-07-22 08:07:01'),('WA60','4th','M010','A290','2021-07-22 08:07:01'),('AA40','1st','M016','A291','2021-12-26 04:39:48'),('AA40','1st','M016','A291','2022-06-07 16:31:13'),('AA40','2nd','M006','A291','2021-12-26 04:39:48'),('AA40','2nd','M006','A291','2022-06-07 16:31:13'),('AA40','3rd','M006','A291','2021-12-26 04:39:48'),('AA40','3rd','M006','A291','2022-06-07 16:31:13'),('AA40','4th','M006','A291','2021-12-26 04:39:48'),('AA40','4th','M006','A291','2022-06-07 16:31:13'),('WA60','1st','M024','A291','2021-12-30 05:49:50'),('WA60','1st','M024','A291','2022-08-16 17:43:59'),('WA60','1st','M024','A291','2023-05-31 10:06:11'),('WA60','2nd','M010','A291','2021-12-30 05:49:50'),('WA60','2nd','M010','A291','2022-08-16 17:43:59'),('WA60','2nd','M010','A291','2023-05-31 10:06:11'),('WA60','3rd','M010','A291','2021-12-30 05:49:50'),('WA60','3rd','M010','A291','2022-08-16 17:43:59'),('WA60','3rd','M010','A291','2023-05-31 10:06:11'),('WA60','4th','M010','A291','2021-12-30 05:49:50'),('WA60','4th','M010','A291','2022-08-16 17:43:59'),('WA60','4th','M010','A291','2023-05-31 10:06:11'),('AA40','1st','M016','A292','2021-09-21 01:46:44'),('AA40','2nd','M006','A292','2021-09-21 01:46:44'),('AA40','3rd','M006','A292','2021-09-21 01:46:44'),('AA40','4th','M006','A292','2021-09-21 01:46:44'),('WA60','1st','M024','A292','2021-10-20 15:47:59'),('WA60','2nd','M010','A292','2021-10-20 15:47:59'),('WA60','3rd','M010','A292','2021-10-20 15:47:59'),('WA60','4th','M010','A292','2021-10-20 15:47:59'),('WA90','1st','M032','A292','2022-06-29 08:37:23'),('WA90','2nd','M010','A292','2022-06-29 08:37:23'),('WA90','3rd','M010','A292','2022-06-29 08:37:23'),('WA90','4th','M010','A292','2022-06-29 08:37:23'),('AA40','1st','M016','A293','2022-09-25 01:38:19'),('AA40','2nd','M006','A293','2022-09-25 01:38:19'),('AA40','3rd','M006','A293','2022-09-25 01:38:19'),('AA40','4th','M006','A293','2022-09-25 01:38:19'),('WA90','1st','M032','A293','2022-03-23 19:57:13'),('WA90','1st','M032','A293','2023-05-20 04:59:36'),('WA90','1st','M032','A293','2023-05-20 19:23:29'),('WA90','2nd','M010','A293','2022-03-23 19:57:13'),('WA90','2nd','M010','A293','2023-05-20 04:59:36'),('WA90','2nd','M010','A293','2023-05-20 19:23:29'),('WA90','3rd','M010','A293','2022-03-23 19:57:13'),('WA90','3rd','M010','A293','2023-05-20 04:59:36'),('WA90','3rd','M010','A293','2023-05-20 19:23:29'),('WA90','4th','M010','A293','2022-03-23 19:57:13'),('WA90','4th','M010','A293','2023-05-20 04:59:36'),('WA90','4th','M010','A293','2023-05-20 19:23:29'),('WA60','1st','M024','A294','2021-11-02 00:40:30'),('WA60','2nd','M010','A294','2021-11-02 00:40:30'),('WA60','3rd','M010','A294','2021-11-02 00:40:30'),('WA60','4th','M010','A294','2021-11-02 00:40:30'),('WA70','1st','M028','A294','2022-09-23 10:17:33'),('WA70','2nd','M010','A294','2022-09-23 10:17:33'),('WA70','3rd','M010','A294','2022-09-23 10:17:33'),('WA70','4th','M010','A294','2022-09-23 10:17:33'),('WA90','1st','M032','A294','2022-04-04 11:42:05'),('WA90','2nd','M010','A294','2022-04-04 11:42:05'),('WA90','3rd','M010','A294','2022-04-04 11:42:05'),('WA90','4th','M010','A294','2022-04-04 11:42:05'),('AA40','1st','M016','A295','2021-02-28 23:15:38'),('AA40','2nd','M006','A295','2021-02-28 23:15:38'),('AA40','3rd','M006','A295','2021-02-28 23:15:38'),('AA40','4th','M006','A295','2021-02-28 23:15:38'),('AA50','1st','M020','A295','2022-07-01 14:46:08'),('AA50','2nd','M006','A295','2022-07-01 14:46:08'),('AA50','3rd','M006','A295','2022-07-01 14:46:08'),('AA50','4th','M006','A295','2022-07-01 14:46:08'),('WA60','1st','M024','A295','2021-01-18 06:12:55'),('WA60','2nd','M010','A295','2021-01-18 06:12:55'),('WA60','3rd','M010','A295','2021-01-18 06:12:55'),('WA60','4th','M010','A295','2021-01-18 06:12:55'),('AA40','1st','M016','A296','2022-11-26 19:54:21'),('AA40','2nd','M006','A296','2022-11-26 19:54:21'),('AA40','3rd','M006','A296','2022-11-26 19:54:21'),('AA40','4th','M006','A296','2022-11-26 19:54:21'),('AA50','1st','M020','A296','2022-04-20 15:49:01'),('AA50','2nd','M006','A296','2022-04-20 15:49:01'),('AA50','3rd','M006','A296','2022-04-20 15:49:01'),('AA50','4th','M006','A296','2022-04-20 15:49:01'),('WA60','1st','M024','A297','2022-08-16 17:43:59'),('WA60','2nd','M010','A297','2022-08-16 17:43:59'),('WA60','3rd','M010','A297','2022-08-16 17:43:59'),('WA60','4th','M010','A297','2022-08-16 17:43:59'),('WA70','1st','M028','A297','2022-02-04 01:57:00'),('WA70','2nd','M010','A297','2022-02-04 01:57:00'),('WA70','3rd','M010','A297','2022-02-04 01:57:00'),('WA70','4th','M010','A297','2022-02-04 01:57:00'),('WA90','1st','M032','A297','2021-04-05 22:06:17'),('WA90','2nd','M010','A297','2021-04-05 22:06:17'),('WA90','3rd','M010','A297','2021-04-05 22:06:17'),('WA90','4th','M010','A297','2021-04-05 22:06:17'),('AA40','1st','M016','A298','2022-10-02 18:22:35'),('AA40','2nd','M006','A298','2022-10-02 18:22:35'),('AA40','3rd','M006','A298','2022-10-02 18:22:35'),('AA40','4th','M006','A298','2022-10-02 18:22:35'),('WA70','1st','M028','A298','2021-05-20 00:18:07'),('WA70','2nd','M010','A298','2021-05-20 00:18:07'),('WA70','3rd','M010','A298','2021-05-20 00:18:07'),('WA70','4th','M010','A298','2021-05-20 00:18:07'),('WA70','1st','M028','A299','2022-11-18 12:24:39'),('WA70','1st','M028','A299','2023-06-11 15:57:30'),('WA70','2nd','M010','A299','2022-11-18 12:24:39'),('WA70','2nd','M010','A299','2023-06-11 15:57:30'),('WA70','3rd','M010','A299','2022-11-18 12:24:39'),('WA70','3rd','M010','A299','2023-06-11 15:57:30'),('WA70','4th','M010','A299','2022-11-18 12:24:39'),('WA70','4th','M010','A299','2023-06-11 15:57:30'),('AA40','1st','M016','A300','2021-03-03 14:03:33'),('AA40','1st','M016','A300','2021-06-10 07:14:59'),('AA40','2nd','M006','A300','2021-03-03 14:03:33'),('AA40','2nd','M006','A300','2021-06-10 07:14:59'),('AA40','3rd','M006','A300','2021-03-03 14:03:33'),('AA40','3rd','M006','A300','2021-06-10 07:14:59'),('AA40','4th','M006','A300','2021-03-03 14:03:33'),('AA40','4th','M006','A300','2021-06-10 07:14:59'),('WA60','1st','M024','A300','2023-03-03 18:46:47'),('WA60','2nd','M010','A300','2023-03-03 18:46:47'),('WA60','3rd','M010','A300','2023-03-03 18:46:47'),('WA60','4th','M010','A300','2023-03-03 18:46:47'),('WA90','1st','M032','A300','2022-06-27 04:03:20'),('WA90','1st','M032','A300','2022-06-29 08:37:23'),('WA90','2nd','M010','A300','2022-06-27 04:03:20'),('WA90','2nd','M010','A300','2022-06-29 08:37:23'),('WA90','3rd','M010','A300','2022-06-27 04:03:20'),('WA90','3rd','M010','A300','2022-06-29 08:37:23'),('WA90','4th','M010','A300','2022-06-27 04:03:20'),('WA90','4th','M010','A300','2022-06-29 08:37:23'),('AA50','1st','M020','A301','2022-01-15 10:29:14'),('AA50','2nd','M006','A301','2022-01-15 10:29:14'),('AA50','3rd','M006','A301','2022-01-15 10:29:14'),('AA50','4th','M006','A301','2022-01-15 10:29:14'),('WA60','1st','M024','A301','2021-01-18 06:12:55'),('WA60','1st','M024','A301','2021-08-17 21:34:30'),('WA60','1st','M024','A301','2021-09-30 10:54:01'),('WA60','1st','M024','A301','2021-09-30 10:54:06'),('WA60','2nd','M010','A301','2021-01-18 06:12:55'),('WA60','2nd','M010','A301','2021-08-17 21:34:30'),('WA60','2nd','M010','A301','2021-09-30 10:54:01'),('WA60','2nd','M010','A301','2021-09-30 10:54:06'),('WA60','3rd','M010','A301','2021-01-18 06:12:55'),('WA60','3rd','M010','A301','2021-08-17 21:34:30'),('WA60','3rd','M010','A301','2021-09-30 10:54:01'),('WA60','3rd','M010','A301','2021-09-30 10:54:06'),('WA60','4th','M010','A301','2021-01-18 06:12:55'),('WA60','4th','M010','A301','2021-08-17 21:34:30'),('WA60','4th','M010','A301','2021-09-30 10:54:01'),('WA60','4th','M010','A301','2021-09-30 10:54:06'),('WA90','1st','M032','A301','2021-11-10 08:08:44'),('WA90','1st','M032','A301','2022-01-06 13:14:41'),('WA90','2nd','M010','A301','2021-11-10 08:08:44'),('WA90','2nd','M010','A301','2022-01-06 13:14:41'),('WA90','3rd','M010','A301','2021-11-10 08:08:44'),('WA90','3rd','M010','A301','2022-01-06 13:14:41'),('WA90','4th','M010','A301','2021-11-10 08:08:44'),('WA90','4th','M010','A301','2022-01-06 13:14:41'),('AA50','1st','M020','A302','2023-06-18 04:45:59'),('AA50','2nd','M006','A302','2023-06-18 04:45:59'),('AA50','3rd','M006','A302','2023-06-18 04:45:59'),('AA50','4th','M006','A302','2023-06-18 04:45:59'),('WA60','1st','M024','A302','2022-03-06 11:49:45'),('WA60','1st','M024','A302','2022-12-22 03:41:18'),('WA60','2nd','M010','A302','2022-03-06 11:49:45'),('WA60','2nd','M010','A302','2022-12-22 03:41:18'),('WA60','3rd','M010','A302','2022-03-06 11:49:45'),('WA60','3rd','M010','A302','2022-12-22 03:41:18'),('WA60','4th','M010','A302','2022-03-06 11:49:45'),('WA60','4th','M010','A302','2022-12-22 03:41:18'),('WA90','1st','M032','A302','2022-06-27 04:03:20'),('WA90','2nd','M010','A302','2022-06-27 04:03:20'),('WA90','3rd','M010','A302','2022-06-27 04:03:20'),('WA90','4th','M010','A302','2022-06-27 04:03:20'),('WA70','1st','M028','A303','2023-02-07 00:15:44'),('WA70','2nd','M010','A303','2023-02-07 00:15:44'),('WA70','3rd','M010','A303','2023-02-07 00:15:44'),('WA70','4th','M010','A303','2023-02-07 00:15:44'),('WA90','1st','M032','A303','2021-12-24 20:09:49'),('WA90','1st','M032','A303','2022-07-19 10:58:53'),('WA90','1st','M032','A303','2023-06-11 14:53:57'),('WA90','2nd','M010','A303','2021-12-24 20:09:49'),('WA90','2nd','M010','A303','2022-07-19 10:58:53'),('WA90','2nd','M010','A303','2023-06-11 14:53:57'),('WA90','3rd','M010','A303','2021-12-24 20:09:49'),('WA90','3rd','M010','A303','2022-07-19 10:58:53'),('WA90','3rd','M010','A303','2023-06-11 14:53:57'),('WA90','4th','M010','A303','2021-12-24 20:09:49'),('WA90','4th','M010','A303','2022-07-19 10:58:53'),('WA90','4th','M010','A303','2023-06-11 14:53:57'),('AA40','1st','M016','A304','2021-03-03 14:03:33'),('AA40','2nd','M006','A304','2021-03-03 14:03:33'),('AA40','3rd','M006','A304','2021-03-03 14:03:33'),('AA40','4th','M006','A304','2021-03-03 14:03:33'),('AA50','1st','M020','A304','2021-12-06 18:35:25'),('AA50','1st','M020','A304','2023-01-25 00:59:28'),('AA50','2nd','M006','A304','2021-12-06 18:35:25'),('AA50','2nd','M006','A304','2023-01-25 00:59:28'),('AA50','3rd','M006','A304','2021-12-06 18:35:25'),('AA50','3rd','M006','A304','2023-01-25 00:59:28'),('AA50','4th','M006','A304','2021-12-06 18:35:25'),('AA50','4th','M006','A304','2023-01-25 00:59:28'),('WA60','1st','M024','A304','2021-09-30 10:54:06'),('WA60','2nd','M010','A304','2021-09-30 10:54:06'),('WA60','3rd','M010','A304','2021-09-30 10:54:06'),('WA60','4th','M010','A304','2021-09-30 10:54:06'),('WA90','1st','M032','A304','2021-04-05 22:06:17'),('WA90','2nd','M010','A304','2021-04-05 22:06:17'),('WA90','3rd','M010','A304','2021-04-05 22:06:17'),('WA90','4th','M010','A304','2021-04-05 22:06:17'),('AA40','1st','M016','A305','2021-06-10 07:14:59'),('AA40','2nd','M006','A305','2021-06-10 07:14:59'),('AA40','3rd','M006','A305','2021-06-10 07:14:59'),('AA40','4th','M006','A305','2021-06-10 07:14:59'),('WA90','1st','M032','A305','2022-02-10 15:36:52'),('WA90','2nd','M010','A305','2022-02-10 15:36:52'),('WA90','3rd','M010','A305','2022-02-10 15:36:52'),('WA90','4th','M010','A305','2022-02-10 15:36:52'),('AA50','1st','M020','A306','2022-10-17 15:33:58'),('AA50','1st','M020','A306','2023-01-22 10:34:30'),('AA50','2nd','M006','A306','2022-10-17 15:33:58'),('AA50','2nd','M006','A306','2023-01-22 10:34:30'),('AA50','3rd','M006','A306','2022-10-17 15:33:58'),('AA50','3rd','M006','A306','2023-01-22 10:34:30'),('AA50','4th','M006','A306','2022-10-17 15:33:58'),('AA50','4th','M006','A306','2023-01-22 10:34:30'),('WA60','1st','M024','A306','2022-06-17 18:26:09'),('WA60','1st','M024','A306','2022-08-08 07:50:04'),('WA60','2nd','M010','A306','2022-06-17 18:26:09'),('WA60','2nd','M010','A306','2022-08-08 07:50:04'),('WA60','3rd','M010','A306','2022-06-17 18:26:09'),('WA60','3rd','M010','A306','2022-08-08 07:50:04'),('WA60','4th','M010','A306','2022-06-17 18:26:09'),('WA60','4th','M010','A306','2022-08-08 07:50:04'),('WA70','1st','M028','A306','2022-02-04 01:57:00'),('WA70','1st','M028','A306','2023-04-16 04:02:26'),('WA70','2nd','M010','A306','2022-02-04 01:57:00'),('WA70','2nd','M010','A306','2023-04-16 04:02:26'),('WA70','3rd','M010','A306','2022-02-04 01:57:00'),('WA70','3rd','M010','A306','2023-04-16 04:02:26'),('WA70','4th','M010','A306','2022-02-04 01:57:00'),('WA70','4th','M010','A306','2023-04-16 04:02:26'),('AA40','1st','M016','A307','2021-12-26 04:39:48'),('AA40','1st','M016','A307','2022-02-19 08:48:40'),('AA40','1st','M016','A307','2022-11-25 07:06:51'),('AA40','2nd','M006','A307','2021-12-26 04:39:48'),('AA40','2nd','M006','A307','2022-02-19 08:48:40'),('AA40','2nd','M006','A307','2022-11-25 07:06:51'),('AA40','3rd','M006','A307','2021-12-26 04:39:48'),('AA40','3rd','M006','A307','2022-02-19 08:48:40'),('AA40','3rd','M006','A307','2022-11-25 07:06:51'),('AA40','4th','M006','A307','2021-12-26 04:39:48'),('AA40','4th','M006','A307','2022-02-19 08:48:40'),('AA40','4th','M006','A307','2022-11-25 07:06:51'),('AA50','1st','M020','A307','2021-02-08 14:31:00'),('AA50','2nd','M006','A307','2021-02-08 14:31:00'),('AA50','3rd','M006','A307','2021-02-08 14:31:00'),('AA50','4th','M006','A307','2021-02-08 14:31:00'),('WA60','1st','M024','A307','2021-03-15 00:45:41'),('WA60','1st','M024','A307','2021-06-19 21:06:21'),('WA60','1st','M024','A307','2021-08-16 06:19:51'),('WA60','1st','M024','A307','2023-03-05 03:57:53'),('WA60','2nd','M010','A307','2021-03-15 00:45:41'),('WA60','2nd','M010','A307','2021-06-19 21:06:21'),('WA60','2nd','M010','A307','2021-08-16 06:19:51'),('WA60','2nd','M010','A307','2023-03-05 03:57:53'),('WA60','3rd','M010','A307','2021-03-15 00:45:41'),('WA60','3rd','M010','A307','2021-06-19 21:06:21'),('WA60','3rd','M010','A307','2021-08-16 06:19:51'),('WA60','3rd','M010','A307','2023-03-05 03:57:53'),('WA60','4th','M010','A307','2021-03-15 00:45:41'),('WA60','4th','M010','A307','2021-06-19 21:06:21'),('WA60','4th','M010','A307','2021-08-16 06:19:51'),('WA60','4th','M010','A307','2023-03-05 03:57:53'),('WA70','1st','M028','A307','2022-05-04 11:15:29'),('WA70','2nd','M010','A307','2022-05-04 11:15:29'),('WA70','3rd','M010','A307','2022-05-04 11:15:29'),('WA70','4th','M010','A307','2022-05-04 11:15:29'),('WA90','1st','M032','A307','2022-01-06 13:14:41'),('WA90','2nd','M010','A307','2022-01-06 13:14:41'),('WA90','3rd','M010','A307','2022-01-06 13:14:41'),('WA90','4th','M010','A307','2022-01-06 13:14:41'),('AA40','1st','M016','A308','2021-09-21 01:46:44'),('AA40','2nd','M006','A308','2021-09-21 01:46:44'),('AA40','3rd','M006','A308','2021-09-21 01:46:44'),('AA40','4th','M006','A308','2021-09-21 01:46:44'),('AA50','1st','M020','A308','2022-04-20 15:49:01'),('AA50','2nd','M006','A308','2022-04-20 15:49:01'),('AA50','3rd','M006','A308','2022-04-20 15:49:01'),('AA50','4th','M006','A308','2022-04-20 15:49:01'),('WA70','1st','M028','A308','2022-02-12 00:21:43'),('WA70','1st','M028','A308','2022-09-23 10:17:33'),('WA70','2nd','M010','A308','2022-02-12 00:21:43'),('WA70','2nd','M010','A308','2022-09-23 10:17:33'),('WA70','3rd','M010','A308','2022-02-12 00:21:43'),('WA70','3rd','M010','A308','2022-09-23 10:17:33'),('WA70','4th','M010','A308','2022-02-12 00:21:43'),('WA70','4th','M010','A308','2022-09-23 10:17:33'),('AA40','1st','M016','A309','2022-01-28 09:11:33'),('AA40','2nd','M006','A309','2022-01-28 09:11:33'),('AA40','3rd','M006','A309','2022-01-28 09:11:33'),('AA40','4th','M006','A309','2022-01-28 09:11:33'),('AA50','1st','M020','A309','2021-10-25 07:55:58'),('AA50','2nd','M006','A309','2021-10-25 07:55:58'),('AA50','3rd','M006','A309','2021-10-25 07:55:58'),('AA50','4th','M006','A309','2021-10-25 07:55:58'),('WA70','1st','M028','A309','2021-10-10 12:26:46'),('WA70','2nd','M010','A309','2021-10-10 12:26:46'),('WA70','3rd','M010','A309','2021-10-10 12:26:46'),('WA70','4th','M010','A309','2021-10-10 12:26:46'),('WA90','1st','M032','A309','2021-11-26 11:27:18'),('WA90','1st','M032','A309','2021-12-24 16:46:25'),('WA90','2nd','M010','A309','2021-11-26 11:27:18'),('WA90','2nd','M010','A309','2021-12-24 16:46:25'),('WA90','3rd','M010','A309','2021-11-26 11:27:18'),('WA90','3rd','M010','A309','2021-12-24 16:46:25'),('WA90','4th','M010','A309','2021-11-26 11:27:18'),('WA90','4th','M010','A309','2021-12-24 16:46:25'),('AA40','1st','M016','A310','2022-02-16 02:46:58'),('AA40','1st','M016','A310','2022-11-25 07:06:51'),('AA40','2nd','M006','A310','2022-02-16 02:46:58'),('AA40','2nd','M006','A310','2022-11-25 07:06:51'),('AA40','3rd','M006','A310','2022-02-16 02:46:58'),('AA40','3rd','M006','A310','2022-11-25 07:06:51'),('AA40','4th','M006','A310','2022-02-16 02:46:58'),('AA40','4th','M006','A310','2022-11-25 07:06:51'),('AA50','1st','M020','A310','2021-11-25 17:51:51'),('AA50','1st','M020','A310','2022-11-18 06:47:20'),('AA50','2nd','M006','A310','2021-11-25 17:51:51'),('AA50','2nd','M006','A310','2022-11-18 06:47:20'),('AA50','3rd','M006','A310','2021-11-25 17:51:51'),('AA50','3rd','M006','A310','2022-11-18 06:47:20'),('AA50','4th','M006','A310','2021-11-25 17:51:51'),('AA50','4th','M006','A310','2022-11-18 06:47:20'),('WA60','1st','M024','A310','2022-11-21 01:44:14'),('WA60','2nd','M010','A310','2022-11-21 01:44:14'),('WA60','3rd','M010','A310','2022-11-21 01:44:14'),('WA60','4th','M010','A310','2022-11-21 01:44:14'),('WA90','1st','M032','A310','2021-12-24 16:46:25'),('WA90','1st','M032','A310','2022-02-10 15:36:52'),('WA90','2nd','M010','A310','2021-12-24 16:46:25'),('WA90','2nd','M010','A310','2022-02-10 15:36:52'),('WA90','3rd','M010','A310','2021-12-24 16:46:25'),('WA90','3rd','M010','A310','2022-02-10 15:36:52'),('WA90','4th','M010','A310','2021-12-24 16:46:25'),('WA90','4th','M010','A310','2022-02-10 15:36:52'),('AA40','1st','M016','A311','2022-03-31 11:20:28'),('AA40','2nd','M006','A311','2022-03-31 11:20:28'),('AA40','3rd','M006','A311','2022-03-31 11:20:28'),('AA40','4th','M006','A311','2022-03-31 11:20:28'),('AA50','1st','M020','A311','2022-09-08 01:01:56'),('AA50','1st','M020','A311','2022-09-12 21:54:05'),('AA50','2nd','M006','A311','2022-09-08 01:01:56'),('AA50','2nd','M006','A311','2022-09-12 21:54:05'),('AA50','3rd','M006','A311','2022-09-08 01:01:56'),('AA50','3rd','M006','A311','2022-09-12 21:54:05'),('AA50','4th','M006','A311','2022-09-08 01:01:56'),('AA50','4th','M006','A311','2022-09-12 21:54:05'),('WA70','1st','M028','A311','2022-02-04 01:57:00'),('WA70','2nd','M010','A311','2022-02-04 01:57:00'),('WA70','3rd','M010','A311','2022-02-04 01:57:00'),('WA70','4th','M010','A311','2022-02-04 01:57:00'),('AA40','1st','M016','A312','2021-07-15 01:35:42'),('AA40','1st','M016','A312','2022-02-17 09:21:36'),('AA40','2nd','M006','A312','2021-07-15 01:35:42'),('AA40','2nd','M006','A312','2022-02-17 09:21:36'),('AA40','3rd','M006','A312','2021-07-15 01:35:42'),('AA40','3rd','M006','A312','2022-02-17 09:21:36'),('AA40','4th','M006','A312','2021-07-15 01:35:42'),('AA40','4th','M006','A312','2022-02-17 09:21:36'),('AA50','1st','M020','A312','2021-11-25 17:51:51'),('AA50','1st','M020','A312','2023-02-23 16:42:01'),('AA50','2nd','M006','A312','2021-11-25 17:51:51'),('AA50','2nd','M006','A312','2023-02-23 16:42:01'),('AA50','3rd','M006','A312','2021-11-25 17:51:51'),('AA50','3rd','M006','A312','2023-02-23 16:42:01'),('AA50','4th','M006','A312','2021-11-25 17:51:51'),('AA50','4th','M006','A312','2023-02-23 16:42:01'),('WA60','1st','M024','A312','2022-03-19 00:03:49'),('WA60','2nd','M010','A312','2022-03-19 00:03:49'),('WA60','3rd','M010','A312','2022-03-19 00:03:49'),('WA60','4th','M010','A312','2022-03-19 00:03:49'),('WA70','1st','M028','A312','2021-12-04 05:15:14'),('WA70','2nd','M010','A312','2021-12-04 05:15:14'),('WA70','3rd','M010','A312','2021-12-04 05:15:14'),('WA70','4th','M010','A312','2021-12-04 05:15:14'),('WA60','1st','M024','A313','2021-03-14 14:49:36'),('WA60','1st','M024','A313','2023-05-10 21:02:13'),('WA60','2nd','M010','A313','2021-03-14 14:49:36'),('WA60','2nd','M010','A313','2023-05-10 21:02:13'),('WA60','3rd','M010','A313','2021-03-14 14:49:36'),('WA60','3rd','M010','A313','2023-05-10 21:02:13'),('WA60','4th','M010','A313','2021-03-14 14:49:36'),('WA60','4th','M010','A313','2023-05-10 21:02:13'),('WA70','1st','M028','A313','2021-01-04 23:38:31'),('WA70','2nd','M010','A313','2021-01-04 23:38:31'),('WA70','3rd','M010','A313','2021-01-04 23:38:31'),('WA70','4th','M010','A313','2021-01-04 23:38:31'),('WA90','1st','M032','A313','2022-03-23 19:57:13'),('WA90','2nd','M010','A313','2022-03-23 19:57:13'),('WA90','3rd','M010','A313','2022-03-23 19:57:13'),('WA90','4th','M010','A313','2022-03-23 19:57:13'),('AA40','1st','M016','A314','2022-11-25 07:06:51'),('AA40','2nd','M006','A314','2022-11-25 07:06:51'),('AA40','3rd','M006','A314','2022-11-25 07:06:51'),('AA40','4th','M006','A314','2022-11-25 07:06:51'),('AA50','1st','M020','A314','2023-02-23 16:42:01'),('AA50','2nd','M006','A314','2023-02-23 16:42:01'),('AA50','3rd','M006','A314','2023-02-23 16:42:01'),('AA50','4th','M006','A314','2023-02-23 16:42:01'),('WA60','1st','M024','A314','2022-08-16 17:43:59'),('WA60','2nd','M010','A314','2022-08-16 17:43:59'),('WA60','3rd','M010','A314','2022-08-16 17:43:59'),('WA60','4th','M010','A314','2022-08-16 17:43:59'),('WA70','1st','M028','A314','2021-01-02 05:42:59'),('WA70','1st','M028','A314','2021-03-24 00:05:45'),('WA70','1st','M028','A314','2023-02-07 00:15:44'),('WA70','2nd','M010','A314','2021-01-02 05:42:59'),('WA70','2nd','M010','A314','2021-03-24 00:05:45'),('WA70','2nd','M010','A314','2023-02-07 00:15:44'),('WA70','3rd','M010','A314','2021-01-02 05:42:59'),('WA70','3rd','M010','A314','2021-03-24 00:05:45'),('WA70','3rd','M010','A314','2023-02-07 00:15:44'),('WA70','4th','M010','A314','2021-01-02 05:42:59'),('WA70','4th','M010','A314','2021-03-24 00:05:45'),('WA70','4th','M010','A314','2023-02-07 00:15:44'),('WA90','1st','M032','A314','2022-03-09 13:07:37'),('WA90','2nd','M010','A314','2022-03-09 13:07:37'),('WA90','3rd','M010','A314','2022-03-09 13:07:37'),('WA90','4th','M010','A314','2022-03-09 13:07:37'),('AA50','1st','M020','A315','2021-06-09 02:23:35'),('AA50','2nd','M006','A315','2021-06-09 02:23:35'),('AA50','3rd','M006','A315','2021-06-09 02:23:35'),('AA50','4th','M006','A315','2021-06-09 02:23:35'),('WA90','1st','M032','A315','2021-11-26 11:27:18'),('WA90','2nd','M010','A315','2021-11-26 11:27:18'),('WA90','3rd','M010','A315','2021-11-26 11:27:18'),('WA90','4th','M010','A315','2021-11-26 11:27:18'),('AA40','1st','M016','A316','2022-02-17 09:21:36'),('AA40','2nd','M006','A316','2022-02-17 09:21:36'),('AA40','3rd','M006','A316','2022-02-17 09:21:36'),('AA40','4th','M006','A316','2022-02-17 09:21:36'),('WA60','1st','M024','A316','2022-03-06 11:49:45'),('WA60','2nd','M010','A316','2022-03-06 11:49:45'),('WA60','3rd','M010','A316','2022-03-06 11:49:45'),('WA60','4th','M010','A316','2022-03-06 11:49:45'),('WA70','1st','M028','A316','2022-05-15 05:06:09'),('WA70','2nd','M010','A316','2022-05-15 05:06:09'),('WA70','3rd','M010','A316','2022-05-15 05:06:09'),('WA70','4th','M010','A316','2022-05-15 05:06:09'),('AA40','1st','M016','A317','2021-12-26 04:39:48'),('AA40','2nd','M006','A317','2021-12-26 04:39:48'),('AA40','3rd','M006','A317','2021-12-26 04:39:48'),('AA40','4th','M006','A317','2021-12-26 04:39:48'),('WA60','1st','M024','A317','2021-08-16 06:19:51'),('WA60','1st','M024','A317','2021-10-26 13:58:23'),('WA60','2nd','M010','A317','2021-08-16 06:19:51'),('WA60','2nd','M010','A317','2021-10-26 13:58:23'),('WA60','3rd','M010','A317','2021-08-16 06:19:51'),('WA60','3rd','M010','A317','2021-10-26 13:58:23'),('WA60','4th','M010','A317','2021-08-16 06:19:51'),('WA60','4th','M010','A317','2021-10-26 13:58:23'),('WA70','1st','M028','A317','2023-01-12 19:43:47'),('WA70','2nd','M010','A317','2023-01-12 19:43:47'),('WA70','3rd','M010','A317','2023-01-12 19:43:47'),('WA70','4th','M010','A317','2023-01-12 19:43:47'),('WA60','1st','M024','A318','2021-12-25 09:53:37'),('WA60','1st','M024','A318','2022-03-06 11:49:45'),('WA60','1st','M024','A318','2022-05-22 08:33:42'),('WA60','1st','M024','A318','2022-06-17 18:26:09'),('WA60','2nd','M010','A318','2021-12-25 09:53:37'),('WA60','2nd','M010','A318','2022-03-06 11:49:45'),('WA60','2nd','M010','A318','2022-05-22 08:33:42'),('WA60','2nd','M010','A318','2022-06-17 18:26:09'),('WA60','3rd','M010','A318','2021-12-25 09:53:37'),('WA60','3rd','M010','A318','2022-03-06 11:49:45'),('WA60','3rd','M010','A318','2022-05-22 08:33:42'),('WA60','3rd','M010','A318','2022-06-17 18:26:09'),('WA60','4th','M010','A318','2021-12-25 09:53:37'),('WA60','4th','M010','A318','2022-03-06 11:49:45'),('WA60','4th','M010','A318','2022-05-22 08:33:42'),('WA60','4th','M010','A318','2022-06-17 18:26:09'),('WA70','1st','M028','A318','2022-03-16 23:37:55'),('WA70','1st','M028','A318','2022-05-13 05:56:12'),('WA70','2nd','M010','A318','2022-03-16 23:37:55'),('WA70','2nd','M010','A318','2022-05-13 05:56:12'),('WA70','3rd','M010','A318','2022-03-16 23:37:55'),('WA70','3rd','M010','A318','2022-05-13 05:56:12'),('WA70','4th','M010','A318','2022-03-16 23:37:55'),('WA70','4th','M010','A318','2022-05-13 05:56:12'),('AA50','1st','M020','A319','2022-09-12 21:54:05'),('AA50','2nd','M006','A319','2022-09-12 21:54:05'),('AA50','3rd','M006','A319','2022-09-12 21:54:05'),('AA50','4th','M006','A319','2022-09-12 21:54:05'),('WA60','1st','M024','A319','2021-10-20 15:47:59'),('WA60','1st','M024','A319','2022-03-19 00:03:49'),('WA60','1st','M024','A319','2022-05-28 13:16:30'),('WA60','2nd','M010','A319','2021-10-20 15:47:59'),('WA60','2nd','M010','A319','2022-03-19 00:03:49'),('WA60','2nd','M010','A319','2022-05-28 13:16:30'),('WA60','3rd','M010','A319','2021-10-20 15:47:59'),('WA60','3rd','M010','A319','2022-03-19 00:03:49'),('WA60','3rd','M010','A319','2022-05-28 13:16:30'),('WA60','4th','M010','A319','2021-10-20 15:47:59'),('WA60','4th','M010','A319','2022-03-19 00:03:49'),('WA60','4th','M010','A319','2022-05-28 13:16:30'),('WA90','1st','M032','A319','2023-05-20 19:23:29'),('WA90','2nd','M010','A319','2023-05-20 19:23:29'),('WA90','3rd','M010','A319','2023-05-20 19:23:29'),('WA90','4th','M010','A319','2023-05-20 19:23:29'),('AA40','1st','M016','A320','2022-02-17 09:21:36'),('AA40','2nd','M006','A320','2022-02-17 09:21:36'),('AA40','3rd','M006','A320','2022-02-17 09:21:36'),('AA40','4th','M006','A320','2022-02-17 09:21:36'),('AA50','1st','M020','A320','2021-02-19 16:27:51'),('AA50','1st','M020','A320','2023-06-15 14:48:03'),('AA50','2nd','M006','A320','2021-02-19 16:27:51'),('AA50','2nd','M006','A320','2023-06-15 14:48:03'),('AA50','3rd','M006','A320','2021-02-19 16:27:51'),('AA50','3rd','M006','A320','2023-06-15 14:48:03'),('AA50','4th','M006','A320','2021-02-19 16:27:51'),('AA50','4th','M006','A320','2023-06-15 14:48:03'),('WA70','1st','M028','A320','2022-11-29 14:08:54'),('WA70','1st','M028','A320','2023-06-11 15:57:30'),('WA70','2nd','M010','A320','2022-11-29 14:08:54'),('WA70','2nd','M010','A320','2023-06-11 15:57:30'),('WA70','3rd','M010','A320','2022-11-29 14:08:54'),('WA70','3rd','M010','A320','2023-06-11 15:57:30'),('WA70','4th','M010','A320','2022-11-29 14:08:54'),('WA70','4th','M010','A320','2023-06-11 15:57:30'),('AA40','1st','M016','A321','2021-06-10 07:14:59'),('AA40','2nd','M006','A321','2021-06-10 07:14:59'),('AA40','3rd','M006','A321','2021-06-10 07:14:59'),('AA40','4th','M006','A321','2021-06-10 07:14:59'),('WA70','1st','M028','A321','2021-04-12 19:31:05'),('WA70','2nd','M010','A321','2021-04-12 19:31:05'),('WA70','3rd','M010','A321','2021-04-12 19:31:05'),('WA70','4th','M010','A321','2021-04-12 19:31:05'),('WA90','1st','M032','A321','2022-03-23 19:57:13'),('WA90','1st','M032','A321','2022-07-19 10:58:53'),('WA90','2nd','M010','A321','2022-03-23 19:57:13'),('WA90','2nd','M010','A321','2022-07-19 10:58:53'),('WA90','3rd','M010','A321','2022-03-23 19:57:13'),('WA90','3rd','M010','A321','2022-07-19 10:58:53'),('WA90','4th','M010','A321','2022-03-23 19:57:13'),('WA90','4th','M010','A321','2022-07-19 10:58:53'),('AA50','1st','M020','A322','2021-06-09 02:23:35'),('AA50','2nd','M006','A322','2021-06-09 02:23:35'),('AA50','3rd','M006','A322','2021-06-09 02:23:35'),('AA50','4th','M006','A322','2021-06-09 02:23:35'),('WA90','1st','M032','A322','2022-03-23 19:57:13'),('WA90','2nd','M010','A322','2022-03-23 19:57:13'),('WA90','3rd','M010','A322','2022-03-23 19:57:13'),('WA90','4th','M010','A322','2022-03-23 19:57:13'),('AA40','1st','M016','A323','2021-04-17 19:43:56'),('AA40','1st','M016','A323','2022-02-16 02:46:58'),('AA40','2nd','M006','A323','2021-04-17 19:43:56'),('AA40','2nd','M006','A323','2022-02-16 02:46:58'),('AA40','3rd','M006','A323','2021-04-17 19:43:56'),('AA40','3rd','M006','A323','2022-02-16 02:46:58'),('AA40','4th','M006','A323','2021-04-17 19:43:56'),('AA40','4th','M006','A323','2022-02-16 02:46:58'),('WA70','1st','M028','A323','2021-03-24 00:05:45'),('WA70','2nd','M010','A323','2021-03-24 00:05:45'),('WA70','3rd','M010','A323','2021-03-24 00:05:45'),('WA70','4th','M010','A323','2021-03-24 00:05:45'),('WA90','1st','M032','A323','2021-04-05 22:06:17'),('WA90','1st','M032','A323','2022-04-04 11:42:05'),('WA90','2nd','M010','A323','2021-04-05 22:06:17'),('WA90','2nd','M010','A323','2022-04-04 11:42:05'),('WA90','3rd','M010','A323','2021-04-05 22:06:17'),('WA90','3rd','M010','A323','2022-04-04 11:42:05'),('WA90','4th','M010','A323','2021-04-05 22:06:17'),('WA90','4th','M010','A323','2022-04-04 11:42:05'),('AA50','1st','M020','A324','2023-01-25 00:59:28'),('AA50','2nd','M006','A324','2023-01-25 00:59:28'),('AA50','3rd','M006','A324','2023-01-25 00:59:28'),('AA50','4th','M006','A324','2023-01-25 00:59:28'),('WA60','1st','M024','A324','2021-03-15 00:45:41'),('WA60','2nd','M010','A324','2021-03-15 00:45:41'),('WA60','3rd','M010','A324','2021-03-15 00:45:41'),('WA60','4th','M010','A324','2021-03-15 00:45:41'),('AA40','1st','M016','A325','2021-05-21 15:10:11'),('AA40','1st','M016','A325','2022-01-28 09:11:33'),('AA40','2nd','M006','A325','2021-05-21 15:10:11'),('AA40','2nd','M006','A325','2022-01-28 09:11:33'),('AA40','3rd','M006','A325','2021-05-21 15:10:11'),('AA40','3rd','M006','A325','2022-01-28 09:11:33'),('AA40','4th','M006','A325','2021-05-21 15:10:11'),('AA40','4th','M006','A325','2022-01-28 09:11:33'),('WA70','1st','M028','A325','2021-04-12 19:31:05'),('WA70','2nd','M010','A325','2021-04-12 19:31:05'),('WA70','3rd','M010','A325','2021-04-12 19:31:05'),('WA70','4th','M010','A325','2021-04-12 19:31:05'),('AA50','1st','M020','A326','2022-01-24 02:30:58'),('AA50','1st','M020','A326','2023-01-25 00:59:28'),('AA50','2nd','M006','A326','2022-01-24 02:30:58'),('AA50','2nd','M006','A326','2023-01-25 00:59:28'),('AA50','3rd','M006','A326','2022-01-24 02:30:58'),('AA50','3rd','M006','A326','2023-01-25 00:59:28'),('AA50','4th','M006','A326','2022-01-24 02:30:58'),('AA50','4th','M006','A326','2023-01-25 00:59:28'),('WA60','1st','M024','A327','2021-08-24 00:04:47'),('WA60','2nd','M010','A327','2021-08-24 00:04:47'),('WA60','3rd','M010','A327','2021-08-24 00:04:47'),('WA60','4th','M010','A327','2021-08-24 00:04:47'),('WA70','1st','M028','A327','2021-11-21 17:39:33'),('WA70','2nd','M010','A327','2021-11-21 17:39:33'),('WA70','3rd','M010','A327','2021-11-21 17:39:33'),('WA70','4th','M010','A327','2021-11-21 17:39:33'),('WA90','1st','M032','A327','2023-02-03 11:47:39'),('WA90','2nd','M010','A327','2023-02-03 11:47:39'),('WA90','3rd','M010','A327','2023-02-03 11:47:39'),('WA90','4th','M010','A327','2023-02-03 11:47:39'),('AA50','1st','M020','A328','2021-11-25 17:51:51'),('AA50','1st','M020','A328','2023-06-13 09:54:09'),('AA50','2nd','M006','A328','2021-11-25 17:51:51'),('AA50','2nd','M006','A328','2023-06-13 09:54:09'),('AA50','3rd','M006','A328','2021-11-25 17:51:51'),('AA50','3rd','M006','A328','2023-06-13 09:54:09'),('AA50','4th','M006','A328','2021-11-25 17:51:51'),('AA50','4th','M006','A328','2023-06-13 09:54:09'),('WA60','1st','M024','A328','2021-08-24 00:04:47'),('WA60','1st','M024','A328','2023-05-31 10:06:11'),('WA60','2nd','M010','A328','2021-08-24 00:04:47'),('WA60','2nd','M010','A328','2023-05-31 10:06:11'),('WA60','3rd','M010','A328','2021-08-24 00:04:47'),('WA60','3rd','M010','A328','2023-05-31 10:06:11'),('WA60','4th','M010','A328','2021-08-24 00:04:47'),('WA60','4th','M010','A328','2023-05-31 10:06:11'),('WA70','1st','M028','A328','2023-04-16 04:02:26'),('WA70','2nd','M010','A328','2023-04-16 04:02:26'),('WA70','3rd','M010','A328','2023-04-16 04:02:26'),('WA70','4th','M010','A328','2023-04-16 04:02:26'),('AA50','1st','M020','A329','2021-02-08 14:31:00'),('AA50','1st','M020','A329','2021-02-08 14:31:01'),('AA50','1st','M020','A329','2022-06-13 01:31:03'),('AA50','2nd','M006','A329','2021-02-08 14:31:00'),('AA50','2nd','M006','A329','2021-02-08 14:31:01'),('AA50','2nd','M006','A329','2022-06-13 01:31:03'),('AA50','3rd','M006','A329','2021-02-08 14:31:00'),('AA50','3rd','M006','A329','2021-02-08 14:31:01'),('AA50','3rd','M006','A329','2022-06-13 01:31:03'),('AA50','4th','M006','A329','2021-02-08 14:31:00'),('AA50','4th','M006','A329','2021-02-08 14:31:01'),('AA50','4th','M006','A329','2022-06-13 01:31:03'),('WA60','1st','M024','A329','2023-05-31 10:06:11'),('WA60','2nd','M010','A329','2023-05-31 10:06:11'),('WA60','3rd','M010','A329','2023-05-31 10:06:11'),('WA60','4th','M010','A329','2023-05-31 10:06:11'),('WA70','1st','M028','A329','2023-02-09 22:55:11'),('WA70','2nd','M010','A329','2023-02-09 22:55:11'),('WA70','3rd','M010','A329','2023-02-09 22:55:11'),('WA70','4th','M010','A329','2023-02-09 22:55:11'),('AA50','1st','M020','A330','2021-08-27 23:28:19'),('AA50','1st','M020','A330','2022-07-01 14:46:08'),('AA50','1st','M020','A330','2022-11-27 00:44:34'),('AA50','2nd','M006','A330','2021-08-27 23:28:19'),('AA50','2nd','M006','A330','2022-07-01 14:46:08'),('AA50','2nd','M006','A330','2022-11-27 00:44:34'),('AA50','3rd','M006','A330','2021-08-27 23:28:19'),('AA50','3rd','M006','A330','2022-07-01 14:46:08'),('AA50','3rd','M006','A330','2022-11-27 00:44:34'),('AA50','4th','M006','A330','2021-08-27 23:28:19'),('AA50','4th','M006','A330','2022-07-01 14:46:08'),('AA50','4th','M006','A330','2022-11-27 00:44:34'),('WA60','1st','M024','A330','2021-10-26 13:58:23'),('WA60','2nd','M010','A330','2021-10-26 13:58:23'),('WA60','3rd','M010','A330','2021-10-26 13:58:23'),('WA60','4th','M010','A330','2021-10-26 13:58:23'),('WA70','1st','M028','A330','2022-05-15 05:06:09'),('WA70','2nd','M010','A330','2022-05-15 05:06:09'),('WA70','3rd','M010','A330','2022-05-15 05:06:09'),('WA70','4th','M010','A330','2022-05-15 05:06:09'),('AA50','1st','M020','A331','2022-01-24 02:30:58'),('AA50','2nd','M006','A331','2022-01-24 02:30:58'),('AA50','3rd','M006','A331','2022-01-24 02:30:58'),('AA50','4th','M006','A331','2022-01-24 02:30:58'),('WA60','1st','M024','A331','2022-07-05 01:47:29'),('WA60','1st','M024','A331','2022-08-08 07:50:04'),('WA60','2nd','M010','A331','2022-07-05 01:47:29'),('WA60','2nd','M010','A331','2022-08-08 07:50:04'),('WA60','3rd','M010','A331','2022-07-05 01:47:29'),('WA60','3rd','M010','A331','2022-08-08 07:50:04'),('WA60','4th','M010','A331','2022-07-05 01:47:29'),('WA60','4th','M010','A331','2022-08-08 07:50:04'),('WA70','1st','M028','A331','2023-03-27 02:42:50'),('WA70','2nd','M010','A331','2023-03-27 02:42:50'),('WA70','3rd','M010','A331','2023-03-27 02:42:50'),('WA70','4th','M010','A331','2023-03-27 02:42:50'),('AA40','1st','M016','A332','2021-12-26 04:39:48'),('AA40','2nd','M006','A332','2021-12-26 04:39:48'),('AA40','3rd','M006','A332','2021-12-26 04:39:48'),('AA40','4th','M006','A332','2021-12-26 04:39:48'),('WA60','1st','M024','A332','2023-06-19 16:41:01'),('WA60','2nd','M010','A332','2023-06-19 16:41:01'),('WA60','3rd','M010','A332','2023-06-19 16:41:01'),('WA60','4th','M010','A332','2023-06-19 16:41:01'),('WA90','1st','M032','A332','2022-07-19 10:58:53'),('WA90','2nd','M010','A332','2022-07-19 10:58:53'),('WA90','3rd','M010','A332','2022-07-19 10:58:53'),('WA90','4th','M010','A332','2022-07-19 10:58:53'),('AA40','1st','M016','A333','2021-12-26 04:39:48'),('AA40','1st','M016','A333','2021-12-27 15:50:11'),('AA40','1st','M016','A333','2022-09-13 23:25:09'),('AA40','2nd','M006','A333','2021-12-26 04:39:48'),('AA40','2nd','M006','A333','2021-12-27 15:50:11'),('AA40','2nd','M006','A333','2022-09-13 23:25:09'),('AA40','3rd','M006','A333','2021-12-26 04:39:48'),('AA40','3rd','M006','A333','2021-12-27 15:50:11'),('AA40','3rd','M006','A333','2022-09-13 23:25:09'),('AA40','4th','M006','A333','2021-12-26 04:39:48'),('AA40','4th','M006','A333','2021-12-27 15:50:11'),('AA40','4th','M006','A333','2022-09-13 23:25:09'),('WA60','1st','M024','A333','2022-05-23 12:34:51'),('WA60','2nd','M010','A333','2022-05-23 12:34:51'),('WA60','3rd','M010','A333','2022-05-23 12:34:51'),('WA60','4th','M010','A333','2022-05-23 12:34:51'),('WA70','1st','M028','A333','2021-10-25 12:38:54'),('WA70','1st','M028','A333','2021-11-21 17:39:33'),('WA70','1st','M028','A333','2022-05-15 05:06:09'),('WA70','2nd','M010','A333','2021-10-25 12:38:54'),('WA70','2nd','M010','A333','2021-11-21 17:39:33'),('WA70','2nd','M010','A333','2022-05-15 05:06:09'),('WA70','3rd','M010','A333','2021-10-25 12:38:54'),('WA70','3rd','M010','A333','2021-11-21 17:39:33'),('WA70','3rd','M010','A333','2022-05-15 05:06:09'),('WA70','4th','M010','A333','2021-10-25 12:38:54'),('WA70','4th','M010','A333','2021-11-21 17:39:33'),('WA70','4th','M010','A333','2022-05-15 05:06:09'),('AA40','1st','M016','A334','2021-05-21 15:10:11'),('AA40','2nd','M006','A334','2021-05-21 15:10:11'),('AA40','3rd','M006','A334','2021-05-21 15:10:11'),('AA40','4th','M006','A334','2021-05-21 15:10:11'),('AA50','1st','M020','A334','2021-02-19 16:27:51'),('AA50','1st','M020','A334','2023-01-22 10:34:30'),('AA50','2nd','M006','A334','2021-02-19 16:27:51'),('AA50','2nd','M006','A334','2023-01-22 10:34:30'),('AA50','3rd','M006','A334','2021-02-19 16:27:51'),('AA50','3rd','M006','A334','2023-01-22 10:34:30'),('AA50','4th','M006','A334','2021-02-19 16:27:51'),('AA50','4th','M006','A334','2023-01-22 10:34:30'),('WA70','1st','M028','A334','2022-05-15 05:06:09'),('WA70','1st','M028','A334','2023-03-27 02:42:50'),('WA70','1st','M028','A334','2023-05-29 12:20:08'),('WA70','2nd','M010','A334','2022-05-15 05:06:09'),('WA70','2nd','M010','A334','2023-03-27 02:42:50'),('WA70','2nd','M010','A334','2023-05-29 12:20:08'),('WA70','3rd','M010','A334','2022-05-15 05:06:09'),('WA70','3rd','M010','A334','2023-03-27 02:42:50'),('WA70','3rd','M010','A334','2023-05-29 12:20:08'),('WA70','4th','M010','A334','2022-05-15 05:06:09'),('WA70','4th','M010','A334','2023-03-27 02:42:50'),('WA70','4th','M010','A334','2023-05-29 12:20:08'),('AA40','1st','M016','A335','2021-12-27 15:50:11'),('AA40','1st','M016','A335','2022-11-26 19:54:21'),('AA40','2nd','M006','A335','2021-12-27 15:50:11'),('AA40','2nd','M006','A335','2022-11-26 19:54:21'),('AA40','3rd','M006','A335','2021-12-27 15:50:11'),('AA40','3rd','M006','A335','2022-11-26 19:54:21'),('AA40','4th','M006','A335','2021-12-27 15:50:11'),('AA40','4th','M006','A335','2022-11-26 19:54:21'),('WA60','1st','M024','A335','2021-05-30 16:49:25'),('WA60','2nd','M010','A335','2021-05-30 16:49:25'),('WA60','3rd','M010','A335','2021-05-30 16:49:25'),('WA60','4th','M010','A335','2021-05-30 16:49:25'),('WA70','1st','M028','A335','2022-03-16 23:37:55'),('WA70','2nd','M010','A335','2022-03-16 23:37:55'),('WA70','3rd','M010','A335','2022-03-16 23:37:55'),('WA70','4th','M010','A335','2022-03-16 23:37:55'),('AA40','1st','M016','A336','2022-05-02 14:02:22'),('AA40','2nd','M006','A336','2022-05-02 14:02:22'),('AA40','3rd','M006','A336','2022-05-02 14:02:22'),('AA40','4th','M006','A336','2022-05-02 14:02:22'),('AA50','1st','M020','A336','2021-11-25 17:51:51'),('AA50','2nd','M006','A336','2021-11-25 17:51:51'),('AA50','3rd','M006','A336','2021-11-25 17:51:51'),('AA50','4th','M006','A336','2021-11-25 17:51:51'),('WA90','1st','M032','A336','2021-07-22 00:01:14'),('WA90','1st','M032','A336','2021-12-15 11:23:52'),('WA90','2nd','M010','A336','2021-07-22 00:01:14'),('WA90','2nd','M010','A336','2021-12-15 11:23:52'),('WA90','3rd','M010','A336','2021-07-22 00:01:14'),('WA90','3rd','M010','A336','2021-12-15 11:23:52'),('WA90','4th','M010','A336','2021-07-22 00:01:14'),('WA90','4th','M010','A336','2021-12-15 11:23:52'),('AA40','1st','M016','A337','2021-04-26 14:09:28'),('AA40','1st','M016','A337','2021-05-21 15:10:11'),('AA40','1st','M016','A337','2022-03-31 11:20:28'),('AA40','1st','M016','A337','2023-02-24 19:09:43'),('AA40','2nd','M006','A337','2021-04-26 14:09:28'),('AA40','2nd','M006','A337','2021-05-21 15:10:11'),('AA40','2nd','M006','A337','2022-03-31 11:20:28'),('AA40','2nd','M006','A337','2023-02-24 19:09:43'),('AA40','3rd','M006','A337','2021-04-26 14:09:28'),('AA40','3rd','M006','A337','2021-05-21 15:10:11'),('AA40','3rd','M006','A337','2022-03-31 11:20:28'),('AA40','3rd','M006','A337','2023-02-24 19:09:43'),('AA40','4th','M006','A337','2021-04-26 14:09:28'),('AA40','4th','M006','A337','2021-05-21 15:10:11'),('AA40','4th','M006','A337','2022-03-31 11:20:28'),('AA40','4th','M006','A337','2023-02-24 19:09:43'),('AA50','1st','M020','A337','2022-04-19 02:28:47'),('AA50','2nd','M006','A337','2022-04-19 02:28:47'),('AA50','3rd','M006','A337','2022-04-19 02:28:47'),('AA50','4th','M006','A337','2022-04-19 02:28:47'),('WA60','1st','M024','A337','2022-02-05 08:50:49'),('WA60','2nd','M010','A337','2022-02-05 08:50:49'),('WA60','3rd','M010','A337','2022-02-05 08:50:49'),('WA60','4th','M010','A337','2022-02-05 08:50:49'),('WA70','1st','M028','A337','2022-03-29 17:52:46'),('WA70','1st','M028','A337','2022-05-13 05:56:12'),('WA70','2nd','M010','A337','2022-03-29 17:52:46'),('WA70','2nd','M010','A337','2022-05-13 05:56:12'),('WA70','3rd','M010','A337','2022-03-29 17:52:46'),('WA70','3rd','M010','A337','2022-05-13 05:56:12'),('WA70','4th','M010','A337','2022-03-29 17:52:46'),('WA70','4th','M010','A337','2022-05-13 05:56:12'),('WA90','1st','M032','A337','2021-11-10 08:08:44'),('WA90','1st','M032','A337','2023-05-20 19:23:29'),('WA90','2nd','M010','A337','2021-11-10 08:08:44'),('WA90','2nd','M010','A337','2023-05-20 19:23:29'),('WA90','3rd','M010','A337','2021-11-10 08:08:44'),('WA90','3rd','M010','A337','2023-05-20 19:23:29'),('WA90','4th','M010','A337','2021-11-10 08:08:44'),('WA90','4th','M010','A337','2023-05-20 19:23:29'),('AA50','1st','M020','A338','2022-02-11 05:33:02'),('AA50','2nd','M006','A338','2022-02-11 05:33:02'),('AA50','3rd','M006','A338','2022-02-11 05:33:02'),('AA50','4th','M006','A338','2022-02-11 05:33:02'),('WA60','1st','M024','A338','2021-03-14 03:15:49'),('WA60','1st','M024','A338','2021-10-26 13:58:23'),('WA60','2nd','M010','A338','2021-03-14 03:15:49'),('WA60','2nd','M010','A338','2021-10-26 13:58:23'),('WA60','3rd','M010','A338','2021-03-14 03:15:49'),('WA60','3rd','M010','A338','2021-10-26 13:58:23'),('WA60','4th','M010','A338','2021-03-14 03:15:49'),('WA60','4th','M010','A338','2021-10-26 13:58:23'),('WA70','1st','M028','A338','2021-05-20 00:18:07'),('WA70','2nd','M010','A338','2021-05-20 00:18:07'),('WA70','3rd','M010','A338','2021-05-20 00:18:07'),('WA70','4th','M010','A338','2021-05-20 00:18:07'),('AA40','1st','M016','A339','2021-06-05 06:38:15'),('AA40','1st','M016','A339','2022-12-12 08:42:48'),('AA40','2nd','M006','A339','2021-06-05 06:38:15'),('AA40','2nd','M006','A339','2022-12-12 08:42:48'),('AA40','3rd','M006','A339','2021-06-05 06:38:15'),('AA40','3rd','M006','A339','2022-12-12 08:42:48'),('AA40','4th','M006','A339','2021-06-05 06:38:15'),('AA40','4th','M006','A339','2022-12-12 08:42:48'),('WA60','1st','M024','A339','2022-09-13 21:22:23'),('WA60','2nd','M010','A339','2022-09-13 21:22:23'),('WA60','3rd','M010','A339','2022-09-13 21:22:23'),('WA60','4th','M010','A339','2022-09-13 21:22:23'),('WA70','1st','M028','A339','2021-02-03 23:50:03'),('WA70','2nd','M010','A339','2021-02-03 23:50:03'),('WA70','3rd','M010','A339','2021-02-03 23:50:03'),('WA70','4th','M010','A339','2021-02-03 23:50:03'),('AA40','1st','M016','A340','2021-04-26 14:09:21'),('AA40','1st','M016','A340','2021-04-26 14:09:28'),('AA40','2nd','M006','A340','2021-04-26 14:09:21'),('AA40','2nd','M006','A340','2021-04-26 14:09:28'),('AA40','3rd','M006','A340','2021-04-26 14:09:21'),('AA40','3rd','M006','A340','2021-04-26 14:09:28'),('AA40','4th','M006','A340','2021-04-26 14:09:21'),('AA40','4th','M006','A340','2021-04-26 14:09:28'),('WA70','1st','M028','A340','2023-03-27 02:42:50'),('WA70','2nd','M010','A340','2023-03-27 02:42:50'),('WA70','3rd','M010','A340','2023-03-27 02:42:50'),('WA70','4th','M010','A340','2023-03-27 02:42:50'),('WA70','1st','M028','A341','2022-09-24 10:09:04'),('WA70','1st','M028','A341','2023-06-11 15:57:30'),('WA70','2nd','M010','A341','2022-09-24 10:09:04'),('WA70','2nd','M010','A341','2023-06-11 15:57:30'),('WA70','3rd','M010','A341','2022-09-24 10:09:04'),('WA70','3rd','M010','A341','2023-06-11 15:57:30'),('WA70','4th','M010','A341','2022-09-24 10:09:04'),('WA70','4th','M010','A341','2023-06-11 15:57:30'),('WA90','1st','M032','A341','2022-02-11 01:59:37'),('WA90','2nd','M010','A341','2022-02-11 01:59:37'),('WA90','3rd','M010','A341','2022-02-11 01:59:37'),('WA90','4th','M010','A341','2022-02-11 01:59:37'),('AA50','1st','M020','A342','2021-02-19 16:27:51'),('AA50','2nd','M006','A342','2021-02-19 16:27:51'),('AA50','3rd','M006','A342','2021-02-19 16:27:51'),('AA50','4th','M006','A342','2021-02-19 16:27:51'),('WA60','1st','M024','A342','2021-08-16 06:19:51'),('WA60','2nd','M010','A342','2021-08-16 06:19:51'),('WA60','3rd','M010','A342','2021-08-16 06:19:51'),('WA60','4th','M010','A342','2021-08-16 06:19:51'),('WA70','1st','M028','A342','2022-11-18 12:24:39'),('WA70','2nd','M010','A342','2022-11-18 12:24:39'),('WA70','3rd','M010','A342','2022-11-18 12:24:39'),('WA70','4th','M010','A342','2022-11-18 12:24:39'),('AA40','1st','M016','A343','2022-01-28 09:11:31'),('AA40','1st','M016','A343','2022-01-28 09:11:33'),('AA40','2nd','M006','A343','2022-01-28 09:11:31'),('AA40','2nd','M006','A343','2022-01-28 09:11:33'),('AA40','3rd','M006','A343','2022-01-28 09:11:31'),('AA40','3rd','M006','A343','2022-01-28 09:11:33'),('AA40','4th','M006','A343','2022-01-28 09:11:31'),('AA40','4th','M006','A343','2022-01-28 09:11:33'),('WA60','1st','M024','A343','2021-03-15 00:45:41'),('WA60','2nd','M010','A343','2021-03-15 00:45:41'),('WA60','3rd','M010','A343','2021-03-15 00:45:41'),('WA60','4th','M010','A343','2021-03-15 00:45:41'),('WA70','1st','M028','A343','2021-12-04 05:15:14'),('WA70','1st','M028','A343','2022-04-06 07:32:33'),('WA70','1st','M028','A343','2022-06-08 22:11:30'),('WA70','2nd','M010','A343','2021-12-04 05:15:14'),('WA70','2nd','M010','A343','2022-04-06 07:32:33'),('WA70','2nd','M010','A343','2022-06-08 22:11:30'),('WA70','3rd','M010','A343','2021-12-04 05:15:14'),('WA70','3rd','M010','A343','2022-04-06 07:32:33'),('WA70','3rd','M010','A343','2022-06-08 22:11:30'),('WA70','4th','M010','A343','2021-12-04 05:15:14'),('WA70','4th','M010','A343','2022-04-06 07:32:33'),('WA70','4th','M010','A343','2022-06-08 22:11:30'),('WA90','1st','M032','A343','2021-09-25 11:34:14'),('WA90','1st','M032','A343','2022-01-29 23:29:53'),('WA90','1st','M032','A343','2022-02-11 01:59:37'),('WA90','2nd','M010','A343','2021-09-25 11:34:14'),('WA90','2nd','M010','A343','2022-01-29 23:29:53'),('WA90','2nd','M010','A343','2022-02-11 01:59:37'),('WA90','3rd','M010','A343','2021-09-25 11:34:14'),('WA90','3rd','M010','A343','2022-01-29 23:29:53'),('WA90','3rd','M010','A343','2022-02-11 01:59:37'),('WA90','4th','M010','A343','2021-09-25 11:34:14'),('WA90','4th','M010','A343','2022-01-29 23:29:53'),('WA90','4th','M010','A343','2022-02-11 01:59:37'),('AA40','1st','M016','A344','2021-04-26 14:09:28'),('AA40','1st','M016','A344','2022-01-16 04:43:37'),('AA40','2nd','M006','A344','2021-04-26 14:09:28'),('AA40','2nd','M006','A344','2022-01-16 04:43:37'),('AA40','3rd','M006','A344','2021-04-26 14:09:28'),('AA40','3rd','M006','A344','2022-01-16 04:43:37'),('AA40','4th','M006','A344','2021-04-26 14:09:28'),('AA40','4th','M006','A344','2022-01-16 04:43:37'),('WA60','1st','M024','A344','2022-07-05 01:47:29'),('WA60','2nd','M010','A344','2022-07-05 01:47:29'),('WA60','3rd','M010','A344','2022-07-05 01:47:29'),('WA60','4th','M010','A344','2022-07-05 01:47:29'),('WA70','1st','M028','A344','2023-02-09 22:55:11'),('WA70','2nd','M010','A344','2023-02-09 22:55:11'),('WA70','3rd','M010','A344','2023-02-09 22:55:11'),('WA70','4th','M010','A344','2023-02-09 22:55:11'),('WA60','1st','M024','A345','2021-03-15 00:45:41'),('WA60','1st','M024','A345','2022-05-28 13:16:30'),('WA60','2nd','M010','A345','2021-03-15 00:45:41'),('WA60','2nd','M010','A345','2022-05-28 13:16:30'),('WA60','3rd','M010','A345','2021-03-15 00:45:41'),('WA60','3rd','M010','A345','2022-05-28 13:16:30'),('WA60','4th','M010','A345','2021-03-15 00:45:41'),('WA60','4th','M010','A345','2022-05-28 13:16:30'),('WA70','1st','M028','A345','2022-03-16 23:37:55'),('WA70','2nd','M010','A345','2022-03-16 23:37:55'),('WA70','3rd','M010','A345','2022-03-16 23:37:55'),('WA70','4th','M010','A345','2022-03-16 23:37:55'),('WA90','1st','M032','A345','2021-05-20 01:16:19'),('WA90','1st','M032','A345','2023-02-03 11:47:39'),('WA90','2nd','M010','A345','2021-05-20 01:16:19'),('WA90','2nd','M010','A345','2023-02-03 11:47:39'),('WA90','3rd','M010','A345','2021-05-20 01:16:19'),('WA90','3rd','M010','A345','2023-02-03 11:47:39'),('WA90','4th','M010','A345','2021-05-20 01:16:19'),('WA90','4th','M010','A345','2023-02-03 11:47:39'),('AA50','1st','M020','A346','2021-12-11 03:41:15'),('AA50','2nd','M006','A346','2021-12-11 03:41:15'),('AA50','3rd','M006','A346','2021-12-11 03:41:15'),('AA50','4th','M006','A346','2021-12-11 03:41:15'),('WA60','1st','M024','A346','2023-06-19 16:41:01'),('WA60','2nd','M010','A346','2023-06-19 16:41:01'),('WA60','3rd','M010','A346','2023-06-19 16:41:01'),('WA60','4th','M010','A346','2023-06-19 16:41:01'),('WA70','1st','M028','A346','2021-01-02 05:42:59'),('WA70','2nd','M010','A346','2021-01-02 05:42:59'),('WA70','3rd','M010','A346','2021-01-02 05:42:59'),('WA70','4th','M010','A346','2021-01-02 05:42:59'),('WA90','1st','M032','A346','2021-11-06 19:09:07'),('WA90','2nd','M010','A346','2021-11-06 19:09:07'),('WA90','3rd','M010','A346','2021-11-06 19:09:07'),('WA90','4th','M010','A346','2021-11-06 19:09:07'),('AA40','1st','M016','A347','2021-07-15 01:35:42'),('AA40','1st','M016','A347','2023-05-21 11:27:46'),('AA40','2nd','M006','A347','2021-07-15 01:35:42'),('AA40','2nd','M006','A347','2023-05-21 11:27:46'),('AA40','3rd','M006','A347','2021-07-15 01:35:42'),('AA40','3rd','M006','A347','2023-05-21 11:27:46'),('AA40','4th','M006','A347','2021-07-15 01:35:42'),('AA40','4th','M006','A347','2023-05-21 11:27:46'),('WA60','1st','M024','A347','2022-10-01 15:23:51'),('WA60','2nd','M010','A347','2022-10-01 15:23:51'),('WA60','3rd','M010','A347','2022-10-01 15:23:51'),('WA60','4th','M010','A347','2022-10-01 15:23:51'),('WA90','1st','M032','A347','2022-09-28 06:57:41'),('WA90','2nd','M010','A347','2022-09-28 06:57:41'),('WA90','3rd','M010','A347','2022-09-28 06:57:41'),('WA90','4th','M010','A347','2022-09-28 06:57:41'),('AA40','1st','M016','A348','2021-05-21 15:10:11'),('AA40','1st','M016','A348','2022-10-02 18:22:35'),('AA40','1st','M016','A348','2023-06-14 21:30:25'),('AA40','2nd','M006','A348','2021-05-21 15:10:11'),('AA40','2nd','M006','A348','2022-10-02 18:22:35'),('AA40','2nd','M006','A348','2023-06-14 21:30:25'),('AA40','3rd','M006','A348','2021-05-21 15:10:11'),('AA40','3rd','M006','A348','2022-10-02 18:22:35'),('AA40','3rd','M006','A348','2023-06-14 21:30:25'),('AA40','4th','M006','A348','2021-05-21 15:10:11'),('AA40','4th','M006','A348','2022-10-02 18:22:35'),('AA40','4th','M006','A348','2023-06-14 21:30:25'),('AA50','1st','M020','A348','2023-02-07 13:49:20'),('AA50','2nd','M006','A348','2023-02-07 13:49:20'),('AA50','3rd','M006','A348','2023-02-07 13:49:20'),('AA50','4th','M006','A348','2023-02-07 13:49:20'),('WA60','1st','M024','A348','2022-08-16 17:43:59'),('WA60','2nd','M010','A348','2022-08-16 17:43:59'),('WA60','3rd','M010','A348','2022-08-16 17:43:59'),('WA60','4th','M010','A348','2022-08-16 17:43:59'),('WA90','1st','M032','A348','2023-04-16 12:05:50'),('WA90','2nd','M010','A348','2023-04-16 12:05:50'),('WA90','3rd','M010','A348','2023-04-16 12:05:50'),('WA90','4th','M010','A348','2023-04-16 12:05:50'),('WA60','1st','M024','A349','2022-09-13 21:22:23'),('WA60','2nd','M010','A349','2022-09-13 21:22:23'),('WA60','3rd','M010','A349','2022-09-13 21:22:23'),('WA60','4th','M010','A349','2022-09-13 21:22:23'),('WA70','1st','M028','A349','2022-03-29 17:52:46'),('WA70','2nd','M010','A349','2022-03-29 17:52:46'),('WA70','3rd','M010','A349','2022-03-29 17:52:46'),('WA70','4th','M010','A349','2022-03-29 17:52:46'),('WA90','1st','M032','A349','2022-01-18 13:45:28'),('WA90','1st','M032','A349','2022-06-27 04:03:20'),('WA90','1st','M032','A349','2023-01-30 03:10:56'),('WA90','1st','M032','A349','2023-04-16 12:05:50'),('WA90','2nd','M010','A349','2022-01-18 13:45:28'),('WA90','2nd','M010','A349','2022-06-27 04:03:20'),('WA90','2nd','M010','A349','2023-01-30 03:10:56'),('WA90','2nd','M010','A349','2023-04-16 12:05:50'),('WA90','3rd','M010','A349','2022-01-18 13:45:28'),('WA90','3rd','M010','A349','2022-06-27 04:03:20'),('WA90','3rd','M010','A349','2023-01-30 03:10:56'),('WA90','3rd','M010','A349','2023-04-16 12:05:50'),('WA90','4th','M010','A349','2022-01-18 13:45:28'),('WA90','4th','M010','A349','2022-06-27 04:03:20'),('WA90','4th','M010','A349','2023-01-30 03:10:56'),('WA90','4th','M010','A349','2023-04-16 12:05:50'),('AA50','1st','M020','A350','2021-02-08 14:31:00'),('AA50','1st','M020','A350','2022-01-15 10:29:14'),('AA50','2nd','M006','A350','2021-02-08 14:31:00'),('AA50','2nd','M006','A350','2022-01-15 10:29:14'),('AA50','3rd','M006','A350','2021-02-08 14:31:00'),('AA50','3rd','M006','A350','2022-01-15 10:29:14'),('AA50','4th','M006','A350','2021-02-08 14:31:00'),('AA50','4th','M006','A350','2022-01-15 10:29:14'),('WA60','1st','M024','A350','2021-12-30 05:49:50'),('WA60','2nd','M010','A350','2021-12-30 05:49:50'),('WA60','3rd','M010','A350','2021-12-30 05:49:50'),('WA60','4th','M010','A350','2021-12-30 05:49:50'),('AA50','1st','M020','A351','2023-01-25 00:59:28'),('AA50','2nd','M006','A351','2023-01-25 00:59:28'),('AA50','3rd','M006','A351','2023-01-25 00:59:28'),('AA50','4th','M006','A351','2023-01-25 00:59:28'),('WA60','1st','M024','A351','2022-05-23 12:34:51'),('WA60','2nd','M010','A351','2022-05-23 12:34:51'),('WA60','3rd','M010','A351','2022-05-23 12:34:51'),('WA60','4th','M010','A351','2022-05-23 12:34:51'),('WA70','1st','M028','A351','2022-04-06 07:32:33'),('WA70','1st','M028','A351','2022-06-08 22:11:30'),('WA70','2nd','M010','A351','2022-04-06 07:32:33'),('WA70','2nd','M010','A351','2022-06-08 22:11:30'),('WA70','3rd','M010','A351','2022-04-06 07:32:33'),('WA70','3rd','M010','A351','2022-06-08 22:11:30'),('WA70','4th','M010','A351','2022-04-06 07:32:33'),('WA70','4th','M010','A351','2022-06-08 22:11:30'),('AA40','1st','M016','A352','2021-04-17 19:43:56'),('AA40','1st','M016','A352','2022-01-16 04:43:37'),('AA40','2nd','M006','A352','2021-04-17 19:43:56'),('AA40','2nd','M006','A352','2022-01-16 04:43:37'),('AA40','3rd','M006','A352','2021-04-17 19:43:56'),('AA40','3rd','M006','A352','2022-01-16 04:43:37'),('AA40','4th','M006','A352','2021-04-17 19:43:56'),('AA40','4th','M006','A352','2022-01-16 04:43:37'),('AA50','1st','M020','A352','2022-04-19 02:28:47'),('AA50','2nd','M006','A352','2022-04-19 02:28:47'),('AA50','3rd','M006','A352','2022-04-19 02:28:47'),('AA50','4th','M006','A352','2022-04-19 02:28:47'),('WA60','1st','M024','A352','2021-01-18 06:12:55'),('WA60','1st','M024','A352','2021-06-13 00:52:27'),('WA60','2nd','M010','A352','2021-01-18 06:12:55'),('WA60','2nd','M010','A352','2021-06-13 00:52:27'),('WA60','3rd','M010','A352','2021-01-18 06:12:55'),('WA60','3rd','M010','A352','2021-06-13 00:52:27'),('WA60','4th','M010','A352','2021-01-18 06:12:55'),('WA60','4th','M010','A352','2021-06-13 00:52:27'),('WA70','1st','M028','A352','2022-11-05 12:06:51'),('WA70','2nd','M010','A352','2022-11-05 12:06:51'),('WA70','3rd','M010','A352','2022-11-05 12:06:51'),('WA70','4th','M010','A352','2022-11-05 12:06:51'),('AA40','1st','M016','A353','2022-06-30 17:46:36'),('AA40','2nd','M006','A353','2022-06-30 17:46:36'),('AA40','3rd','M006','A353','2022-06-30 17:46:36'),('AA40','4th','M006','A353','2022-06-30 17:46:36'),('WA90','1st','M032','A353','2023-04-01 00:20:00'),('WA90','1st','M032','A353','2023-05-20 04:59:36'),('WA90','2nd','M010','A353','2023-04-01 00:20:00'),('WA90','2nd','M010','A353','2023-05-20 04:59:36'),('WA90','3rd','M010','A353','2023-04-01 00:20:00'),('WA90','3rd','M010','A353','2023-05-20 04:59:36'),('WA90','4th','M010','A353','2023-04-01 00:20:00'),('WA90','4th','M010','A353','2023-05-20 04:59:36'),('AA50','1st','M020','A354','2022-04-20 15:49:01'),('AA50','2nd','M006','A354','2022-04-20 15:49:01'),('AA50','3rd','M006','A354','2022-04-20 15:49:01'),('AA50','4th','M006','A354','2022-04-20 15:49:01'),('WA60','1st','M024','A354','2021-10-26 13:58:23'),('WA60','2nd','M010','A354','2021-10-26 13:58:23'),('WA60','3rd','M010','A354','2021-10-26 13:58:23'),('WA60','4th','M010','A354','2021-10-26 13:58:23'),('WA70','1st','M028','A354','2022-11-05 12:06:51'),('WA70','1st','M028','A354','2022-11-29 14:08:54'),('WA70','1st','M028','A354','2023-02-07 00:15:44'),('WA70','2nd','M010','A354','2022-11-05 12:06:51'),('WA70','2nd','M010','A354','2022-11-29 14:08:54'),('WA70','2nd','M010','A354','2023-02-07 00:15:44'),('WA70','3rd','M010','A354','2022-11-05 12:06:51'),('WA70','3rd','M010','A354','2022-11-29 14:08:54'),('WA70','3rd','M010','A354','2023-02-07 00:15:44'),('WA70','4th','M010','A354','2022-11-05 12:06:51'),('WA70','4th','M010','A354','2022-11-29 14:08:54'),('WA70','4th','M010','A354','2023-02-07 00:15:44'),('AA40','1st','M016','A355','2022-11-25 07:06:51'),('AA40','2nd','M006','A355','2022-11-25 07:06:51'),('AA40','3rd','M006','A355','2022-11-25 07:06:51'),('AA40','4th','M006','A355','2022-11-25 07:06:51'),('AA50','1st','M020','A355','2021-12-11 03:41:15'),('AA50','2nd','M006','A355','2021-12-11 03:41:15'),('AA50','3rd','M006','A355','2021-12-11 03:41:15'),('AA50','4th','M006','A355','2021-12-11 03:41:15'),('WA90','1st','M032','A355','2022-01-06 13:14:41'),('WA90','2nd','M010','A355','2022-01-06 13:14:41'),('WA90','3rd','M010','A355','2022-01-06 13:14:41'),('WA90','4th','M010','A355','2022-01-06 13:14:41'),('AA40','1st','M016','A356','2021-07-11 04:07:57'),('AA40','2nd','M006','A356','2021-07-11 04:07:57'),('AA40','3rd','M006','A356','2021-07-11 04:07:57'),('AA40','4th','M006','A356','2021-07-11 04:07:57'),('AA50','1st','M020','A356','2022-02-11 05:33:02'),('AA50','2nd','M006','A356','2022-02-11 05:33:02'),('AA50','3rd','M006','A356','2022-02-11 05:33:02'),('AA50','4th','M006','A356','2022-02-11 05:33:02'),('WA70','1st','M028','A356','2022-02-12 00:21:43'),('WA70','2nd','M010','A356','2022-02-12 00:21:43'),('WA70','3rd','M010','A356','2022-02-12 00:21:43'),('WA70','4th','M010','A356','2022-02-12 00:21:43'),('AA40','1st','M016','A357','2021-12-26 04:39:48'),('AA40','2nd','M006','A357','2021-12-26 04:39:48'),('AA40','3rd','M006','A357','2021-12-26 04:39:48'),('AA40','4th','M006','A357','2021-12-26 04:39:48'),('AA50','1st','M020','A357','2021-04-27 23:24:31'),('AA50','1st','M020','A357','2022-11-18 06:47:20'),('AA50','2nd','M006','A357','2021-04-27 23:24:31'),('AA50','2nd','M006','A357','2022-11-18 06:47:20'),('AA50','3rd','M006','A357','2021-04-27 23:24:31'),('AA50','3rd','M006','A357','2022-11-18 06:47:20'),('AA50','4th','M006','A357','2021-04-27 23:24:31'),('AA50','4th','M006','A357','2022-11-18 06:47:20'),('WA90','1st','M032','A357','2023-04-16 12:05:50'),('WA90','2nd','M010','A357','2023-04-16 12:05:50'),('WA90','3rd','M010','A357','2023-04-16 12:05:50'),('WA90','4th','M010','A357','2023-04-16 12:05:50'),('AA50','1st','M020','A358','2022-02-11 05:33:02'),('AA50','2nd','M006','A358','2022-02-11 05:33:02'),('AA50','3rd','M006','A358','2022-02-11 05:33:02'),('AA50','4th','M006','A358','2022-02-11 05:33:02'),('WA60','1st','M024','A358','2021-01-18 06:12:55'),('WA60','2nd','M010','A358','2021-01-18 06:12:55'),('WA60','3rd','M010','A358','2021-01-18 06:12:55'),('WA60','4th','M010','A358','2021-01-18 06:12:55'),('WA90','1st','M032','A358','2021-07-22 00:01:14'),('WA90','2nd','M010','A358','2021-07-22 00:01:14'),('WA90','3rd','M010','A358','2021-07-22 00:01:14'),('WA90','4th','M010','A358','2021-07-22 00:01:14'),('AA50','1st','M020','A359','2022-04-20 15:49:01'),('AA50','2nd','M006','A359','2022-04-20 15:49:01'),('AA50','3rd','M006','A359','2022-04-20 15:49:01'),('AA50','4th','M006','A359','2022-04-20 15:49:01'),('WA70','1st','M028','A359','2021-10-10 12:26:46'),('WA70','2nd','M010','A359','2021-10-10 12:26:46'),('WA70','3rd','M010','A359','2021-10-10 12:26:46'),('WA70','4th','M010','A359','2021-10-10 12:26:46'),('WA90','1st','M032','A359','2022-01-18 13:45:28'),('WA90','1st','M032','A359','2023-02-03 11:47:39'),('WA90','2nd','M010','A359','2022-01-18 13:45:28'),('WA90','2nd','M010','A359','2023-02-03 11:47:39'),('WA90','3rd','M010','A359','2022-01-18 13:45:28'),('WA90','3rd','M010','A359','2023-02-03 11:47:39'),('WA90','4th','M010','A359','2022-01-18 13:45:28'),('WA90','4th','M010','A359','2023-02-03 11:47:39'),('AA40','1st','M016','A360','2021-06-10 07:14:59'),('AA40','1st','M016','A360','2021-10-03 16:55:25'),('AA40','2nd','M006','A360','2021-06-10 07:14:59'),('AA40','2nd','M006','A360','2021-10-03 16:55:25'),('AA40','3rd','M006','A360','2021-06-10 07:14:59'),('AA40','3rd','M006','A360','2021-10-03 16:55:25'),('AA40','4th','M006','A360','2021-06-10 07:14:59'),('AA40','4th','M006','A360','2021-10-03 16:55:25'),('WA60','1st','M024','A360','2022-05-28 13:16:30'),('WA60','2nd','M010','A360','2022-05-28 13:16:30'),('WA60','3rd','M010','A360','2022-05-28 13:16:30'),('WA60','4th','M010','A360','2022-05-28 13:16:30'),('WA70','1st','M028','A360','2022-04-06 07:32:33'),('WA70','2nd','M010','A360','2022-04-06 07:32:33'),('WA70','3rd','M010','A360','2022-04-06 07:32:33'),('WA70','4th','M010','A360','2022-04-06 07:32:33'),('WA90','1st','M032','A360','2023-06-11 14:53:57'),('WA90','2nd','M010','A360','2023-06-11 14:53:57'),('WA90','3rd','M010','A360','2023-06-11 14:53:57'),('WA90','4th','M010','A360','2023-06-11 14:53:57'),('AA40','1st','M016','A361','2022-05-02 14:02:22'),('AA40','2nd','M006','A361','2022-05-02 14:02:22'),('AA40','3rd','M006','A361','2022-05-02 14:02:22'),('AA40','4th','M006','A361','2022-05-02 14:02:22'),('AA50','1st','M020','A361','2021-06-09 02:23:35'),('AA50','2nd','M006','A361','2021-06-09 02:23:35'),('AA50','3rd','M006','A361','2021-06-09 02:23:35'),('AA50','4th','M006','A361','2021-06-09 02:23:35'),('WA70','1st','M028','A361','2021-01-04 23:38:31'),('WA70','2nd','M010','A361','2021-01-04 23:38:31'),('WA70','3rd','M010','A361','2021-01-04 23:38:31'),('WA70','4th','M010','A361','2021-01-04 23:38:31'),('WA90','1st','M032','A361','2022-01-06 13:14:41'),('WA90','2nd','M010','A361','2022-01-06 13:14:41'),('WA90','3rd','M010','A361','2022-01-06 13:14:41'),('WA90','4th','M010','A361','2022-01-06 13:14:41'),('AA40','1st','M016','A362','2021-04-26 14:09:28'),('AA40','2nd','M006','A362','2021-04-26 14:09:28'),('AA40','3rd','M006','A362','2021-04-26 14:09:28'),('AA40','4th','M006','A362','2021-04-26 14:09:28'),('AA50','1st','M020','A362','2023-04-27 00:37:26'),('AA50','2nd','M006','A362','2023-04-27 00:37:26'),('AA50','3rd','M006','A362','2023-04-27 00:37:26'),('AA50','4th','M006','A362','2023-04-27 00:37:26'),('AA40','1st','M016','A363','2021-10-21 00:06:39'),('AA40','2nd','M006','A363','2021-10-21 00:06:39'),('AA40','3rd','M006','A363','2021-10-21 00:06:39'),('AA40','4th','M006','A363','2021-10-21 00:06:39'),('WA60','1st','M024','A363','2022-03-06 11:49:45'),('WA60','2nd','M010','A363','2022-03-06 11:49:45'),('WA60','3rd','M010','A363','2022-03-06 11:49:45'),('WA60','4th','M010','A363','2022-03-06 11:49:45'),('WA70','1st','M028','A363','2021-10-25 12:38:54'),('WA70','1st','M028','A363','2022-05-15 05:06:09'),('WA70','1st','M028','A363','2022-11-05 12:06:51'),('WA70','1st','M028','A363','2023-02-09 22:55:11'),('WA70','1st','M028','A363','2023-06-11 15:57:30'),('WA70','2nd','M010','A363','2021-10-25 12:38:54'),('WA70','2nd','M010','A363','2022-05-15 05:06:09'),('WA70','2nd','M010','A363','2022-11-05 12:06:51'),('WA70','2nd','M010','A363','2023-02-09 22:55:11'),('WA70','2nd','M010','A363','2023-06-11 15:57:30'),('WA70','3rd','M010','A363','2021-10-25 12:38:54'),('WA70','3rd','M010','A363','2022-05-15 05:06:09'),('WA70','3rd','M010','A363','2022-11-05 12:06:51'),('WA70','3rd','M010','A363','2023-02-09 22:55:11'),('WA70','3rd','M010','A363','2023-06-11 15:57:30'),('WA70','4th','M010','A363','2021-10-25 12:38:54'),('WA70','4th','M010','A363','2022-05-15 05:06:09'),('WA70','4th','M010','A363','2022-11-05 12:06:51'),('WA70','4th','M010','A363','2023-02-09 22:55:11'),('WA70','4th','M010','A363','2023-06-11 15:57:30'),('AA50','1st','M020','A364','2021-11-06 05:31:23'),('AA50','1st','M020','A364','2022-01-15 10:29:14'),('AA50','2nd','M006','A364','2021-11-06 05:31:23'),('AA50','2nd','M006','A364','2022-01-15 10:29:14'),('AA50','3rd','M006','A364','2021-11-06 05:31:23'),('AA50','3rd','M006','A364','2022-01-15 10:29:14'),('AA50','4th','M006','A364','2021-11-06 05:31:23'),('AA50','4th','M006','A364','2022-01-15 10:29:14'),('WA60','1st','M024','A364','2022-05-28 13:16:30'),('WA60','2nd','M010','A364','2022-05-28 13:16:30'),('WA60','3rd','M010','A364','2022-05-28 13:16:30'),('WA60','4th','M010','A364','2022-05-28 13:16:30'),('WA70','1st','M028','A364','2022-09-24 10:09:04'),('WA70','2nd','M010','A364','2022-09-24 10:09:04'),('WA70','3rd','M010','A364','2022-09-24 10:09:04'),('WA70','4th','M010','A364','2022-09-24 10:09:04'),('AA40','1st','M016','A365','2021-12-27 15:50:11'),('AA40','2nd','M006','A365','2021-12-27 15:50:11'),('AA40','3rd','M006','A365','2021-12-27 15:50:11'),('AA40','4th','M006','A365','2021-12-27 15:50:11'),('AA50','1st','M020','A365','2021-10-25 07:55:58'),('AA50','2nd','M006','A365','2021-10-25 07:55:58'),('AA50','3rd','M006','A365','2021-10-25 07:55:58'),('AA50','4th','M006','A365','2021-10-25 07:55:58'),('AA40','1st','M016','A366','2022-06-30 17:46:36'),('AA40','2nd','M006','A366','2022-06-30 17:46:36'),('AA40','3rd','M006','A366','2022-06-30 17:46:36'),('AA40','4th','M006','A366','2022-06-30 17:46:36'),('AA40','1st','M016','A367','2021-04-17 19:43:56'),('AA40','1st','M016','A367','2021-12-26 04:39:48'),('AA40','1st','M016','A367','2022-12-12 08:42:48'),('AA40','2nd','M006','A367','2021-04-17 19:43:56'),('AA40','2nd','M006','A367','2021-12-26 04:39:48'),('AA40','2nd','M006','A367','2022-12-12 08:42:48'),('AA40','3rd','M006','A367','2021-04-17 19:43:56'),('AA40','3rd','M006','A367','2021-12-26 04:39:48'),('AA40','3rd','M006','A367','2022-12-12 08:42:48'),('AA40','4th','M006','A367','2021-04-17 19:43:56'),('AA40','4th','M006','A367','2021-12-26 04:39:48'),('AA40','4th','M006','A367','2022-12-12 08:42:48'),('WA60','1st','M024','A367','2023-05-10 21:02:13'),('WA60','2nd','M010','A367','2023-05-10 21:02:13'),('WA60','3rd','M010','A367','2023-05-10 21:02:13'),('WA60','4th','M010','A367','2023-05-10 21:02:13'),('AA40','1st','M016','A368','2022-02-03 15:32:27'),('AA40','1st','M016','A368','2023-02-01 23:32:09'),('AA40','2nd','M006','A368','2022-02-03 15:32:27'),('AA40','2nd','M006','A368','2023-02-01 23:32:09'),('AA40','3rd','M006','A368','2022-02-03 15:32:27'),('AA40','3rd','M006','A368','2023-02-01 23:32:09'),('AA40','4th','M006','A368','2022-02-03 15:32:27'),('AA40','4th','M006','A368','2023-02-01 23:32:09'),('WA90','1st','M032','A368','2021-11-10 08:08:44'),('WA90','2nd','M010','A368','2021-11-10 08:08:44'),('WA90','3rd','M010','A368','2021-11-10 08:08:44'),('WA90','4th','M010','A368','2021-11-10 08:08:44'),('AA40','1st','M016','A369','2022-10-02 18:22:35'),('AA40','1st','M016','A369','2023-06-14 21:30:25'),('AA40','2nd','M006','A369','2022-10-02 18:22:35'),('AA40','2nd','M006','A369','2023-06-14 21:30:25'),('AA40','3rd','M006','A369','2022-10-02 18:22:35'),('AA40','3rd','M006','A369','2023-06-14 21:30:25'),('AA40','4th','M006','A369','2022-10-02 18:22:35'),('AA40','4th','M006','A369','2023-06-14 21:30:25'),('WA60','1st','M024','A369','2021-07-22 08:07:01'),('WA60','2nd','M010','A369','2021-07-22 08:07:01'),('WA60','3rd','M010','A369','2021-07-22 08:07:01'),('WA60','4th','M010','A369','2021-07-22 08:07:01'),('WA70','1st','M028','A369','2021-03-24 00:05:45'),('WA70','2nd','M010','A369','2021-03-24 00:05:45'),('WA70','3rd','M010','A369','2021-03-24 00:05:45'),('WA70','4th','M010','A369','2021-03-24 00:05:45'),('WA60','1st','M024','A370','2022-02-01 07:38:57'),('WA60','2nd','M010','A370','2022-02-01 07:38:57'),('WA60','3rd','M010','A370','2022-02-01 07:38:57'),('WA60','4th','M010','A370','2022-02-01 07:38:57'),('WA70','1st','M028','A370','2021-02-03 23:50:03'),('WA70','2nd','M010','A370','2021-02-03 23:50:03'),('WA70','3rd','M010','A370','2021-02-03 23:50:03'),('WA70','4th','M010','A370','2021-02-03 23:50:03'),('AA40','1st','M016','A371','2022-05-17 05:46:22'),('AA40','2nd','M006','A371','2022-05-17 05:46:22'),('AA40','3rd','M006','A371','2022-05-17 05:46:22'),('AA40','4th','M006','A371','2022-05-17 05:46:22'),('AA50','1st','M020','A371','2021-12-06 18:35:25'),('AA50','1st','M020','A371','2023-01-25 00:59:28'),('AA50','2nd','M006','A371','2021-12-06 18:35:25'),('AA50','2nd','M006','A371','2023-01-25 00:59:28'),('AA50','3rd','M006','A371','2021-12-06 18:35:25'),('AA50','3rd','M006','A371','2023-01-25 00:59:28'),('AA50','4th','M006','A371','2021-12-06 18:35:25'),('AA50','4th','M006','A371','2023-01-25 00:59:28'),('WA60','1st','M024','A371','2022-11-21 01:44:14'),('WA60','2nd','M010','A371','2022-11-21 01:44:14'),('WA60','3rd','M010','A371','2022-11-21 01:44:14'),('WA60','4th','M010','A371','2022-11-21 01:44:14'),('WA70','1st','M028','A371','2022-12-05 21:06:23'),('WA70','2nd','M010','A371','2022-12-05 21:06:23'),('WA70','3rd','M010','A371','2022-12-05 21:06:23'),('WA70','4th','M010','A371','2022-12-05 21:06:23'),('WA90','1st','M032','A371','2022-03-06 09:05:03'),('WA90','2nd','M010','A371','2022-03-06 09:05:03'),('WA90','3rd','M010','A371','2022-03-06 09:05:03'),('WA90','4th','M010','A371','2022-03-06 09:05:03'),('AA50','1st','M020','A372','2022-04-27 16:31:04'),('AA50','2nd','M006','A372','2022-04-27 16:31:04'),('AA50','3rd','M006','A372','2022-04-27 16:31:04'),('AA50','4th','M006','A372','2022-04-27 16:31:04'),('WA70','1st','M028','A372','2021-12-04 05:15:14'),('WA70','1st','M028','A372','2022-04-06 07:32:33'),('WA70','2nd','M010','A372','2021-12-04 05:15:14'),('WA70','2nd','M010','A372','2022-04-06 07:32:33'),('WA70','3rd','M010','A372','2021-12-04 05:15:14'),('WA70','3rd','M010','A372','2022-04-06 07:32:33'),('WA70','4th','M010','A372','2021-12-04 05:15:14'),('WA70','4th','M010','A372','2022-04-06 07:32:33'),('WA90','1st','M032','A372','2021-12-21 04:53:41'),('WA90','2nd','M010','A372','2021-12-21 04:53:41'),('WA90','3rd','M010','A372','2021-12-21 04:53:41'),('WA90','4th','M010','A372','2021-12-21 04:53:41'),('WA60','1st','M024','A373','2022-05-22 08:33:42'),('WA60','2nd','M010','A373','2022-05-22 08:33:42'),('WA60','3rd','M010','A373','2022-05-22 08:33:42'),('WA60','4th','M010','A373','2022-05-22 08:33:42'),('WA90','1st','M032','A373','2023-05-03 13:04:07'),('WA90','2nd','M010','A373','2023-05-03 13:04:07'),('WA90','3rd','M010','A373','2023-05-03 13:04:07'),('WA90','4th','M010','A373','2023-05-03 13:04:07'),('AA50','1st','M020','A374','2022-04-19 02:28:47'),('AA50','2nd','M006','A374','2022-04-19 02:28:47'),('AA50','3rd','M006','A374','2022-04-19 02:28:47'),('AA50','4th','M006','A374','2022-04-19 02:28:47'),('WA60','1st','M024','A374','2022-03-06 11:49:45'),('WA60','1st','M024','A374','2022-08-16 17:43:59'),('WA60','2nd','M010','A374','2022-03-06 11:49:45'),('WA60','2nd','M010','A374','2022-08-16 17:43:59'),('WA60','3rd','M010','A374','2022-03-06 11:49:45'),('WA60','3rd','M010','A374','2022-08-16 17:43:59'),('WA60','4th','M010','A374','2022-03-06 11:49:45'),('WA60','4th','M010','A374','2022-08-16 17:43:59'),('WA70','1st','M028','A374','2021-10-10 12:26:46'),('WA70','1st','M028','A374','2022-11-18 12:24:39'),('WA70','2nd','M010','A374','2021-10-10 12:26:46'),('WA70','2nd','M010','A374','2022-11-18 12:24:39'),('WA70','3rd','M010','A374','2021-10-10 12:26:46'),('WA70','3rd','M010','A374','2022-11-18 12:24:39'),('WA70','4th','M010','A374','2021-10-10 12:26:46'),('WA70','4th','M010','A374','2022-11-18 12:24:39'),('WA90','1st','M032','A374','2021-09-25 11:34:14'),('WA90','2nd','M010','A374','2021-09-25 11:34:14'),('WA90','3rd','M010','A374','2021-09-25 11:34:14'),('WA90','4th','M010','A374','2021-09-25 11:34:14'),('AA50','1st','M020','A376','2021-07-20 17:41:25'),('AA50','1st','M020','A376','2022-09-08 01:01:56'),('AA50','2nd','M006','A376','2021-07-20 17:41:25'),('AA50','2nd','M006','A376','2022-09-08 01:01:56'),('AA50','3rd','M006','A376','2021-07-20 17:41:25'),('AA50','3rd','M006','A376','2022-09-08 01:01:56'),('AA50','4th','M006','A376','2021-07-20 17:41:25'),('AA50','4th','M006','A376','2022-09-08 01:01:56'),('WA60','1st','M024','A376','2022-06-17 18:26:09'),('WA60','2nd','M010','A376','2022-06-17 18:26:09'),('WA60','3rd','M010','A376','2022-06-17 18:26:09'),('WA60','4th','M010','A376','2022-06-17 18:26:09'),('WA70','1st','M028','A376','2023-02-07 00:15:44'),('WA70','2nd','M010','A376','2023-02-07 00:15:44'),('WA70','3rd','M010','A376','2023-02-07 00:15:44'),('WA70','4th','M010','A376','2023-02-07 00:15:44'),('WA90','1st','M032','A376','2021-12-24 16:46:25'),('WA90','1st','M032','A376','2022-07-19 10:58:53'),('WA90','2nd','M010','A376','2021-12-24 16:46:25'),('WA90','2nd','M010','A376','2022-07-19 10:58:53'),('WA90','3rd','M010','A376','2021-12-24 16:46:25'),('WA90','3rd','M010','A376','2022-07-19 10:58:53'),('WA90','4th','M010','A376','2021-12-24 16:46:25'),('WA90','4th','M010','A376','2022-07-19 10:58:53'),('WA70','1st','M028','A377','2022-02-04 01:57:00'),('WA70','1st','M028','A377','2023-06-04 14:55:05'),('WA70','2nd','M010','A377','2022-02-04 01:57:00'),('WA70','2nd','M010','A377','2023-06-04 14:55:05'),('WA70','3rd','M010','A377','2022-02-04 01:57:00'),('WA70','3rd','M010','A377','2023-06-04 14:55:05'),('WA70','4th','M010','A377','2022-02-04 01:57:00'),('WA70','4th','M010','A377','2023-06-04 14:55:05'),('WA90','1st','M032','A377','2022-04-04 11:42:05'),('WA90','2nd','M010','A377','2022-04-04 11:42:05'),('WA90','3rd','M010','A377','2022-04-04 11:42:05'),('WA90','4th','M010','A377','2022-04-04 11:42:05'),('AA40','1st','M016','A378','2021-06-05 06:38:15'),('AA40','2nd','M006','A378','2021-06-05 06:38:15'),('AA40','3rd','M006','A378','2021-06-05 06:38:15'),('AA40','4th','M006','A378','2021-06-05 06:38:15'),('WA70','1st','M028','A378','2022-02-04 01:57:00'),('WA70','1st','M028','A378','2023-02-07 00:15:44'),('WA70','2nd','M010','A378','2022-02-04 01:57:00'),('WA70','2nd','M010','A378','2023-02-07 00:15:44'),('WA70','3rd','M010','A378','2022-02-04 01:57:00'),('WA70','3rd','M010','A378','2023-02-07 00:15:44'),('WA70','4th','M010','A378','2022-02-04 01:57:00'),('WA70','4th','M010','A378','2023-02-07 00:15:44'),('WA60','1st','M024','A379','2021-05-06 10:00:07'),('WA60','2nd','M010','A379','2021-05-06 10:00:07'),('WA60','3rd','M010','A379','2021-05-06 10:00:07'),('WA60','4th','M010','A379','2021-05-06 10:00:07'),('WA70','1st','M028','A379','2021-10-10 12:26:46'),('WA70','1st','M028','A379','2022-02-12 00:21:43'),('WA70','2nd','M010','A379','2021-10-10 12:26:46'),('WA70','2nd','M010','A379','2022-02-12 00:21:43'),('WA70','3rd','M010','A379','2021-10-10 12:26:46'),('WA70','3rd','M010','A379','2022-02-12 00:21:43'),('WA70','4th','M010','A379','2021-10-10 12:26:46'),('WA70','4th','M010','A379','2022-02-12 00:21:43'),('WA90','1st','M032','A379','2021-12-24 16:46:25'),('WA90','2nd','M010','A379','2021-12-24 16:46:25'),('WA90','3rd','M010','A379','2021-12-24 16:46:25'),('WA90','4th','M010','A379','2021-12-24 16:46:25'),('WA60','1st','M024','A380','2021-06-13 00:52:27'),('WA60','2nd','M010','A380','2021-06-13 00:52:27'),('WA60','3rd','M010','A380','2021-06-13 00:52:27'),('WA60','4th','M010','A380','2021-06-13 00:52:27'),('WA70','1st','M028','A380','2022-11-18 12:24:39'),('WA70','2nd','M010','A380','2022-11-18 12:24:39'),('WA70','3rd','M010','A380','2022-11-18 12:24:39'),('WA70','4th','M010','A380','2022-11-18 12:24:39'),('AA50','1st','M020','A381','2021-03-06 07:25:41'),('AA50','1st','M020','A381','2023-02-07 13:49:20'),('AA50','2nd','M006','A381','2021-03-06 07:25:41'),('AA50','2nd','M006','A381','2023-02-07 13:49:20'),('AA50','3rd','M006','A381','2021-03-06 07:25:41'),('AA50','3rd','M006','A381','2023-02-07 13:49:20'),('AA50','4th','M006','A381','2021-03-06 07:25:41'),('AA50','4th','M006','A381','2023-02-07 13:49:20'),('WA70','1st','M028','A381','2022-07-30 14:09:03'),('WA70','1st','M028','A381','2023-02-07 19:28:43'),('WA70','2nd','M010','A381','2022-07-30 14:09:03'),('WA70','2nd','M010','A381','2023-02-07 19:28:43'),('WA70','3rd','M010','A381','2022-07-30 14:09:03'),('WA70','3rd','M010','A381','2023-02-07 19:28:43'),('WA70','4th','M010','A381','2022-07-30 14:09:03'),('WA70','4th','M010','A381','2023-02-07 19:28:43'),('AA40','1st','M016','A382','2022-05-17 05:46:22'),('AA40','2nd','M006','A382','2022-05-17 05:46:22'),('AA40','3rd','M006','A382','2022-05-17 05:46:22'),('AA40','4th','M006','A382','2022-05-17 05:46:22'),('AA50','1st','M020','A382','2022-10-17 15:33:58'),('AA50','2nd','M006','A382','2022-10-17 15:33:58'),('AA50','3rd','M006','A382','2022-10-17 15:33:58'),('AA50','4th','M006','A382','2022-10-17 15:33:58'),('AA50','1st','M020','A383','2023-06-13 09:54:09'),('AA50','2nd','M006','A383','2023-06-13 09:54:09'),('AA50','3rd','M006','A383','2023-06-13 09:54:09'),('AA50','4th','M006','A383','2023-06-13 09:54:09'),('WA60','1st','M024','A383','2021-11-02 00:40:30'),('WA60','2nd','M010','A383','2021-11-02 00:40:30'),('WA60','3rd','M010','A383','2021-11-02 00:40:30'),('WA60','4th','M010','A383','2021-11-02 00:40:30'),('WA70','1st','M028','A383','2022-12-19 00:09:07'),('WA70','2nd','M010','A383','2022-12-19 00:09:07'),('WA70','3rd','M010','A383','2022-12-19 00:09:07'),('WA70','4th','M010','A383','2022-12-19 00:09:07'),('WA90','1st','M032','A383','2021-12-24 20:09:49'),('WA90','2nd','M010','A383','2021-12-24 20:09:49'),('WA90','3rd','M010','A383','2021-12-24 20:09:49'),('WA90','4th','M010','A383','2021-12-24 20:09:49'),('AA40','1st','M016','A384','2021-10-03 16:55:25'),('AA40','1st','M016','A384','2022-06-30 17:46:36'),('AA40','1st','M016','A384','2023-02-24 19:09:43'),('AA40','2nd','M006','A384','2021-10-03 16:55:25'),('AA40','2nd','M006','A384','2022-06-30 17:46:36'),('AA40','2nd','M006','A384','2023-02-24 19:09:43'),('AA40','3rd','M006','A384','2021-10-03 16:55:25'),('AA40','3rd','M006','A384','2022-06-30 17:46:36'),('AA40','3rd','M006','A384','2023-02-24 19:09:43'),('AA40','4th','M006','A384','2021-10-03 16:55:25'),('AA40','4th','M006','A384','2022-06-30 17:46:36'),('AA40','4th','M006','A384','2023-02-24 19:09:43'),('AA50','1st','M020','A384','2021-11-06 05:31:23'),('AA50','2nd','M006','A384','2021-11-06 05:31:23'),('AA50','3rd','M006','A384','2021-11-06 05:31:23'),('AA50','4th','M006','A384','2021-11-06 05:31:23'),('AA40','1st','M016','A385','2021-04-26 14:09:28'),('AA40','2nd','M006','A385','2021-04-26 14:09:28'),('AA40','3rd','M006','A385','2021-04-26 14:09:28'),('AA40','4th','M006','A385','2021-04-26 14:09:28'),('AA50','1st','M020','A385','2022-11-27 00:44:34'),('AA50','2nd','M006','A385','2022-11-27 00:44:34'),('AA50','3rd','M006','A385','2022-11-27 00:44:34'),('AA50','4th','M006','A385','2022-11-27 00:44:34'),('WA70','1st','M028','A385','2023-02-09 22:55:11'),('WA70','2nd','M010','A385','2023-02-09 22:55:11'),('WA70','3rd','M010','A385','2023-02-09 22:55:11'),('WA70','4th','M010','A385','2023-02-09 22:55:11'),('WA90','1st','M032','A385','2022-06-27 04:03:20'),('WA90','2nd','M010','A385','2022-06-27 04:03:20'),('WA90','3rd','M010','A385','2022-06-27 04:03:20'),('WA90','4th','M010','A385','2022-06-27 04:03:20'),('AA40','1st','M016','A386','2021-02-25 04:29:28'),('AA40','2nd','M006','A386','2021-02-25 04:29:28'),('AA40','3rd','M006','A386','2021-02-25 04:29:28'),('AA40','4th','M006','A386','2021-02-25 04:29:28'),('AA50','1st','M020','A386','2021-10-25 07:55:58'),('AA50','1st','M020','A386','2022-11-27 00:44:34'),('AA50','2nd','M006','A386','2021-10-25 07:55:58'),('AA50','2nd','M006','A386','2022-11-27 00:44:34'),('AA50','3rd','M006','A386','2021-10-25 07:55:58'),('AA50','3rd','M006','A386','2022-11-27 00:44:34'),('AA50','4th','M006','A386','2021-10-25 07:55:58'),('AA50','4th','M006','A386','2022-11-27 00:44:34'),('WA70','1st','M028','A386','2021-08-08 17:15:55'),('WA70','2nd','M010','A386','2021-08-08 17:15:55'),('WA70','3rd','M010','A386','2021-08-08 17:15:55'),('WA70','4th','M010','A386','2021-08-08 17:15:55'),('WA60','1st','M024','A387','2021-01-18 06:12:55'),('WA60','1st','M024','A387','2021-07-01 01:22:36'),('WA60','1st','M024','A387','2021-10-26 13:58:23'),('WA60','1st','M024','A387','2023-05-10 21:02:13'),('WA60','2nd','M010','A387','2021-01-18 06:12:55'),('WA60','2nd','M010','A387','2021-07-01 01:22:36'),('WA60','2nd','M010','A387','2021-10-26 13:58:23'),('WA60','2nd','M010','A387','2023-05-10 21:02:13'),('WA60','3rd','M010','A387','2021-01-18 06:12:55'),('WA60','3rd','M010','A387','2021-07-01 01:22:36'),('WA60','3rd','M010','A387','2021-10-26 13:58:23'),('WA60','3rd','M010','A387','2023-05-10 21:02:13'),('WA60','4th','M010','A387','2021-01-18 06:12:55'),('WA60','4th','M010','A387','2021-07-01 01:22:36'),('WA60','4th','M010','A387','2021-10-26 13:58:23'),('WA60','4th','M010','A387','2023-05-10 21:02:13'),('WA70','1st','M028','A387','2021-03-24 00:05:45'),('WA70','2nd','M010','A387','2021-03-24 00:05:45'),('WA70','3rd','M010','A387','2021-03-24 00:05:45'),('WA70','4th','M010','A387','2021-03-24 00:05:45'),('WA90','1st','M032','A387','2022-01-18 13:45:28'),('WA90','1st','M032','A387','2022-09-28 06:57:41'),('WA90','2nd','M010','A387','2022-01-18 13:45:28'),('WA90','2nd','M010','A387','2022-09-28 06:57:41'),('WA90','3rd','M010','A387','2022-01-18 13:45:28'),('WA90','3rd','M010','A387','2022-09-28 06:57:41'),('WA90','4th','M010','A387','2022-01-18 13:45:28'),('WA90','4th','M010','A387','2022-09-28 06:57:41'),('AA40','1st','M016','A388','2022-06-30 17:46:36'),('AA40','2nd','M006','A388','2022-06-30 17:46:36'),('AA40','3rd','M006','A388','2022-06-30 17:46:36'),('AA40','4th','M006','A388','2022-06-30 17:46:36'),('WA70','1st','M028','A388','2022-06-08 22:11:30'),('WA70','2nd','M010','A388','2022-06-08 22:11:30'),('WA70','3rd','M010','A388','2022-06-08 22:11:30'),('WA70','4th','M010','A388','2022-06-08 22:11:30'),('WA90','1st','M032','A388','2022-01-18 13:45:28'),('WA90','1st','M032','A388','2022-06-29 08:37:23'),('WA90','2nd','M010','A388','2022-01-18 13:45:28'),('WA90','2nd','M010','A388','2022-06-29 08:37:23'),('WA90','3rd','M010','A388','2022-01-18 13:45:28'),('WA90','3rd','M010','A388','2022-06-29 08:37:23'),('WA90','4th','M010','A388','2022-01-18 13:45:28'),('WA90','4th','M010','A388','2022-06-29 08:37:23'),('AA50','1st','M020','A389','2021-11-25 17:51:51'),('AA50','2nd','M006','A389','2021-11-25 17:51:51'),('AA50','3rd','M006','A389','2021-11-25 17:51:51'),('AA50','4th','M006','A389','2021-11-25 17:51:51'),('WA60','1st','M024','A389','2022-05-22 08:33:42'),('WA60','1st','M024','A389','2022-06-21 12:27:46'),('WA60','1st','M024','A389','2022-08-16 17:43:59'),('WA60','2nd','M010','A389','2022-05-22 08:33:42'),('WA60','2nd','M010','A389','2022-06-21 12:27:46'),('WA60','2nd','M010','A389','2022-08-16 17:43:59'),('WA60','3rd','M010','A389','2022-05-22 08:33:42'),('WA60','3rd','M010','A389','2022-06-21 12:27:46'),('WA60','3rd','M010','A389','2022-08-16 17:43:59'),('WA60','4th','M010','A389','2022-05-22 08:33:42'),('WA60','4th','M010','A389','2022-06-21 12:27:46'),('WA60','4th','M010','A389','2022-08-16 17:43:59'),('WA70','1st','M028','A389','2023-03-23 12:03:58'),('WA70','2nd','M010','A389','2023-03-23 12:03:58'),('WA70','3rd','M010','A389','2023-03-23 12:03:58'),('WA70','4th','M010','A389','2023-03-23 12:03:58'),('WA90','1st','M032','A389','2021-08-17 06:43:53'),('WA90','2nd','M010','A389','2021-08-17 06:43:53'),('WA90','3rd','M010','A389','2021-08-17 06:43:53'),('WA90','4th','M010','A389','2021-08-17 06:43:53'),('WA70','1st','M028','A390','2021-01-02 05:42:59'),('WA70','2nd','M010','A390','2021-01-02 05:42:59'),('WA70','3rd','M010','A390','2021-01-02 05:42:59'),('WA70','4th','M010','A390','2021-01-02 05:42:59'),('AA50','1st','M020','A391','2021-02-19 16:27:50'),('AA50','1st','M020','A391','2021-02-19 16:27:51'),('AA50','2nd','M006','A391','2021-02-19 16:27:50'),('AA50','2nd','M006','A391','2021-02-19 16:27:51'),('AA50','3rd','M006','A391','2021-02-19 16:27:50'),('AA50','3rd','M006','A391','2021-02-19 16:27:51'),('AA50','4th','M006','A391','2021-02-19 16:27:50'),('AA50','4th','M006','A391','2021-02-19 16:27:51'),('WA70','1st','M028','A391','2021-01-02 05:42:59'),('WA70','1st','M028','A391','2021-01-04 23:38:31'),('WA70','2nd','M010','A391','2021-01-02 05:42:59'),('WA70','2nd','M010','A391','2021-01-04 23:38:31'),('WA70','3rd','M010','A391','2021-01-02 05:42:59'),('WA70','3rd','M010','A391','2021-01-04 23:38:31'),('WA70','4th','M010','A391','2021-01-02 05:42:59'),('WA70','4th','M010','A391','2021-01-04 23:38:31'),('WA90','1st','M032','A391','2023-01-30 03:10:56'),('WA90','2nd','M010','A391','2023-01-30 03:10:56'),('WA90','3rd','M010','A391','2023-01-30 03:10:56'),('WA90','4th','M010','A391','2023-01-30 03:10:56'),('AA40','1st','M016','A392','2021-07-15 01:35:42'),('AA40','2nd','M006','A392','2021-07-15 01:35:42'),('AA40','3rd','M006','A392','2021-07-15 01:35:42'),('AA40','4th','M006','A392','2021-07-15 01:35:42'),('WA60','1st','M024','A392','2023-05-31 10:06:11'),('WA60','2nd','M010','A392','2023-05-31 10:06:11'),('WA60','3rd','M010','A392','2023-05-31 10:06:11'),('WA60','4th','M010','A392','2023-05-31 10:06:11'),('WA70','1st','M028','A392','2022-05-13 05:56:12'),('WA70','1st','M028','A392','2022-12-05 21:06:23'),('WA70','2nd','M010','A392','2022-05-13 05:56:12'),('WA70','2nd','M010','A392','2022-12-05 21:06:23'),('WA70','3rd','M010','A392','2022-05-13 05:56:12'),('WA70','3rd','M010','A392','2022-12-05 21:06:23'),('WA70','4th','M010','A392','2022-05-13 05:56:12'),('WA70','4th','M010','A392','2022-12-05 21:06:23'),('WA90','1st','M032','A392','2022-02-11 01:59:37'),('WA90','1st','M032','A392','2023-05-20 04:59:36'),('WA90','2nd','M010','A392','2022-02-11 01:59:37'),('WA90','2nd','M010','A392','2023-05-20 04:59:36'),('WA90','3rd','M010','A392','2022-02-11 01:59:37'),('WA90','3rd','M010','A392','2023-05-20 04:59:36'),('WA90','4th','M010','A392','2022-02-11 01:59:37'),('WA90','4th','M010','A392','2023-05-20 04:59:36'),('WA90','1st','M032','A393','2021-07-22 00:01:14'),('WA90','2nd','M010','A393','2021-07-22 00:01:14'),('WA90','3rd','M010','A393','2021-07-22 00:01:14'),('WA90','4th','M010','A393','2021-07-22 00:01:14'),('AA50','1st','M020','A394','2022-07-01 14:46:08'),('AA50','2nd','M006','A394','2022-07-01 14:46:08'),('AA50','3rd','M006','A394','2022-07-01 14:46:08'),('AA50','4th','M006','A394','2022-07-01 14:46:08'),('WA70','1st','M028','A394','2022-05-13 05:56:12'),('WA70','2nd','M010','A394','2022-05-13 05:56:12'),('WA70','3rd','M010','A394','2022-05-13 05:56:12'),('WA70','4th','M010','A394','2022-05-13 05:56:12'),('WA90','1st','M032','A394','2021-07-22 00:01:14'),('WA90','2nd','M010','A394','2021-07-22 00:01:14'),('WA90','3rd','M010','A394','2021-07-22 00:01:14'),('WA90','4th','M010','A394','2021-07-22 00:01:14'),('WA60','1st','M024','A395','2021-08-17 21:34:30'),('WA60','2nd','M010','A395','2021-08-17 21:34:30'),('WA60','3rd','M010','A395','2021-08-17 21:34:30'),('WA60','4th','M010','A395','2021-08-17 21:34:30'),('AA40','1st','M016','A396','2021-07-15 01:35:42'),('AA40','1st','M016','A396','2022-08-08 14:51:31'),('AA40','1st','M016','A396','2023-05-15 17:11:00'),('AA40','2nd','M006','A396','2021-07-15 01:35:42'),('AA40','2nd','M006','A396','2022-08-08 14:51:31'),('AA40','2nd','M006','A396','2023-05-15 17:11:00'),('AA40','3rd','M006','A396','2021-07-15 01:35:42'),('AA40','3rd','M006','A396','2022-08-08 14:51:31'),('AA40','3rd','M006','A396','2023-05-15 17:11:00'),('AA40','4th','M006','A396','2021-07-15 01:35:42'),('AA40','4th','M006','A396','2022-08-08 14:51:31'),('AA40','4th','M006','A396','2023-05-15 17:11:00'),('AA40','1st','M016','A397','2021-07-15 01:35:42'),('AA40','2nd','M006','A397','2021-07-15 01:35:42'),('AA40','3rd','M006','A397','2021-07-15 01:35:42'),('AA40','4th','M006','A397','2021-07-15 01:35:42'),('WA90','1st','M032','A397','2023-06-11 14:53:57'),('WA90','2nd','M010','A397','2023-06-11 14:53:57'),('WA90','3rd','M010','A397','2023-06-11 14:53:57'),('WA90','4th','M010','A397','2023-06-11 14:53:57'),('WA60','1st','M024','A398','2021-09-30 10:54:06'),('WA60','1st','M024','A398','2022-05-28 13:16:30'),('WA60','2nd','M010','A398','2021-09-30 10:54:06'),('WA60','2nd','M010','A398','2022-05-28 13:16:30'),('WA60','3rd','M010','A398','2021-09-30 10:54:06'),('WA60','3rd','M010','A398','2022-05-28 13:16:30'),('WA60','4th','M010','A398','2021-09-30 10:54:06'),('WA60','4th','M010','A398','2022-05-28 13:16:30'),('WA70','1st','M028','A398','2022-02-04 01:57:00'),('WA70','2nd','M010','A398','2022-02-04 01:57:00'),('WA70','3rd','M010','A398','2022-02-04 01:57:00'),('WA70','4th','M010','A398','2022-02-04 01:57:00'),('AA40','1st','M016','A399','2021-03-03 14:03:33'),('AA40','2nd','M006','A399','2021-03-03 14:03:33'),('AA40','3rd','M006','A399','2021-03-03 14:03:33'),('AA40','4th','M006','A399','2021-03-03 14:03:33'),('AA40','1st','M016','A400','2023-06-14 21:30:25'),('AA40','2nd','M006','A400','2023-06-14 21:30:25'),('AA40','3rd','M006','A400','2023-06-14 21:30:25'),('AA40','4th','M006','A400','2023-06-14 21:30:25'),('AA50','1st','M020','A400','2021-11-25 17:51:51'),('AA50','1st','M020','A400','2022-04-19 02:28:47'),('AA50','2nd','M006','A400','2021-11-25 17:51:51'),('AA50','2nd','M006','A400','2022-04-19 02:28:47'),('AA50','3rd','M006','A400','2021-11-25 17:51:51'),('AA50','3rd','M006','A400','2022-04-19 02:28:47'),('AA50','4th','M006','A400','2021-11-25 17:51:51'),('AA50','4th','M006','A400','2022-04-19 02:28:47'),('WA90','1st','M032','A400','2023-05-20 19:23:29'),('WA90','2nd','M010','A400','2023-05-20 19:23:29'),('WA90','3rd','M010','A400','2023-05-20 19:23:29'),('WA90','4th','M010','A400','2023-05-20 19:23:29'),('AA40','1st','M016','A401','2021-07-11 04:07:57'),('AA40','2nd','M006','A401','2021-07-11 04:07:57'),('AA40','3rd','M006','A401','2021-07-11 04:07:57'),('AA40','4th','M006','A401','2021-07-11 04:07:57'),('WA60','1st','M024','A401','2021-08-17 21:34:30'),('WA60','1st','M024','A401','2023-03-03 18:46:47'),('WA60','2nd','M010','A401','2021-08-17 21:34:30'),('WA60','2nd','M010','A401','2023-03-03 18:46:47'),('WA60','3rd','M010','A401','2021-08-17 21:34:30'),('WA60','3rd','M010','A401','2023-03-03 18:46:47'),('WA60','4th','M010','A401','2021-08-17 21:34:30'),('WA60','4th','M010','A401','2023-03-03 18:46:47'),('AA40','1st','M016','A402','2021-04-02 22:41:07'),('AA40','1st','M016','A402','2022-02-03 15:32:27'),('AA40','1st','M016','A402','2023-02-01 23:32:09'),('AA40','2nd','M006','A402','2021-04-02 22:41:07'),('AA40','2nd','M006','A402','2022-02-03 15:32:27'),('AA40','2nd','M006','A402','2023-02-01 23:32:09'),('AA40','3rd','M006','A402','2021-04-02 22:41:07'),('AA40','3rd','M006','A402','2022-02-03 15:32:27'),('AA40','3rd','M006','A402','2023-02-01 23:32:09'),('AA40','4th','M006','A402','2021-04-02 22:41:07'),('AA40','4th','M006','A402','2022-02-03 15:32:27'),('AA40','4th','M006','A402','2023-02-01 23:32:09'),('WA60','1st','M024','A402','2022-08-16 17:43:59'),('WA60','2nd','M010','A402','2022-08-16 17:43:59'),('WA60','3rd','M010','A402','2022-08-16 17:43:59'),('WA60','4th','M010','A402','2022-08-16 17:43:59'),('AA40','1st','M016','A403','2021-03-03 14:03:33'),('AA40','1st','M016','A403','2022-02-19 08:48:40'),('AA40','2nd','M006','A403','2021-03-03 14:03:33'),('AA40','2nd','M006','A403','2022-02-19 08:48:40'),('AA40','3rd','M006','A403','2021-03-03 14:03:33'),('AA40','3rd','M006','A403','2022-02-19 08:48:40'),('AA40','4th','M006','A403','2021-03-03 14:03:33'),('AA40','4th','M006','A403','2022-02-19 08:48:40'),('AA50','1st','M020','A403','2023-02-07 13:49:20'),('AA50','2nd','M006','A403','2023-02-07 13:49:20'),('AA50','3rd','M006','A403','2023-02-07 13:49:20'),('AA50','4th','M006','A403','2023-02-07 13:49:20'),('WA70','1st','M028','A403','2023-05-29 12:20:08'),('WA70','2nd','M010','A403','2023-05-29 12:20:08'),('WA70','3rd','M010','A403','2023-05-29 12:20:08'),('WA70','4th','M010','A403','2023-05-29 12:20:08'),('WA90','1st','M032','A403','2021-05-20 01:16:19'),('WA90','2nd','M010','A403','2021-05-20 01:16:19'),('WA90','3rd','M010','A403','2021-05-20 01:16:19'),('WA90','4th','M010','A403','2021-05-20 01:16:19'),('AA40','1st','M016','A404','2021-06-05 06:38:15'),('AA40','2nd','M006','A404','2021-06-05 06:38:15'),('AA40','3rd','M006','A404','2021-06-05 06:38:15'),('AA40','4th','M006','A404','2021-06-05 06:38:15'),('AA50','1st','M020','A404','2022-04-20 15:49:01'),('AA50','1st','M020','A404','2022-10-17 15:33:58'),('AA50','2nd','M006','A404','2022-04-20 15:49:01'),('AA50','2nd','M006','A404','2022-10-17 15:33:58'),('AA50','3rd','M006','A404','2022-04-20 15:49:01'),('AA50','3rd','M006','A404','2022-10-17 15:33:58'),('AA50','4th','M006','A404','2022-04-20 15:49:01'),('AA50','4th','M006','A404','2022-10-17 15:33:58'),('WA90','1st','M032','A404','2021-11-06 19:09:07'),('WA90','2nd','M010','A404','2021-11-06 19:09:07'),('WA90','3rd','M010','A404','2021-11-06 19:09:07'),('WA90','4th','M010','A404','2021-11-06 19:09:07'),('AA50','1st','M020','A405','2022-11-27 00:44:34'),('AA50','1st','M020','A405','2023-01-25 00:59:28'),('AA50','2nd','M006','A405','2022-11-27 00:44:34'),('AA50','2nd','M006','A405','2023-01-25 00:59:28'),('AA50','3rd','M006','A405','2022-11-27 00:44:34'),('AA50','3rd','M006','A405','2023-01-25 00:59:28'),('AA50','4th','M006','A405','2022-11-27 00:44:34'),('AA50','4th','M006','A405','2023-01-25 00:59:28'),('WA60','1st','M024','A405','2022-10-01 15:23:51'),('WA60','2nd','M010','A405','2022-10-01 15:23:51'),('WA60','3rd','M010','A405','2022-10-01 15:23:51'),('WA60','4th','M010','A405','2022-10-01 15:23:51'),('WA90','1st','M032','A405','2021-12-24 20:09:49'),('WA90','2nd','M010','A405','2021-12-24 20:09:49'),('WA90','3rd','M010','A405','2021-12-24 20:09:49'),('WA90','4th','M010','A405','2021-12-24 20:09:49'),('WA60','1st','M024','A406','2021-03-15 00:45:41'),('WA60','2nd','M010','A406','2021-03-15 00:45:41'),('WA60','3rd','M010','A406','2021-03-15 00:45:41'),('WA60','4th','M010','A406','2021-03-15 00:45:41'),('WA70','1st','M028','A406','2021-02-03 23:50:03'),('WA70','1st','M028','A406','2023-06-04 14:55:05'),('WA70','2nd','M010','A406','2021-02-03 23:50:03'),('WA70','2nd','M010','A406','2023-06-04 14:55:05'),('WA70','3rd','M010','A406','2021-02-03 23:50:03'),('WA70','3rd','M010','A406','2023-06-04 14:55:05'),('WA70','4th','M010','A406','2021-02-03 23:50:03'),('WA70','4th','M010','A406','2023-06-04 14:55:05'),('AA40','1st','M016','A407','2021-06-05 06:38:15'),('AA40','1st','M016','A407','2021-09-21 01:46:44'),('AA40','1st','M016','A407','2021-10-21 00:06:39'),('AA40','2nd','M006','A407','2021-06-05 06:38:15'),('AA40','2nd','M006','A407','2021-09-21 01:46:44'),('AA40','2nd','M006','A407','2021-10-21 00:06:39'),('AA40','3rd','M006','A407','2021-06-05 06:38:15'),('AA40','3rd','M006','A407','2021-09-21 01:46:44'),('AA40','3rd','M006','A407','2021-10-21 00:06:39'),('AA40','4th','M006','A407','2021-06-05 06:38:15'),('AA40','4th','M006','A407','2021-09-21 01:46:44'),('AA40','4th','M006','A407','2021-10-21 00:06:39'),('WA60','1st','M024','A407','2021-03-15 00:45:41'),('WA60','1st','M024','A407','2021-06-13 00:52:27'),('WA60','2nd','M010','A407','2021-03-15 00:45:41'),('WA60','2nd','M010','A407','2021-06-13 00:52:27'),('WA60','3rd','M010','A407','2021-03-15 00:45:41'),('WA60','3rd','M010','A407','2021-06-13 00:52:27'),('WA60','4th','M010','A407','2021-03-15 00:45:41'),('WA60','4th','M010','A407','2021-06-13 00:52:27'),('WA90','1st','M032','A407','2021-12-24 20:09:49'),('WA90','1st','M032','A407','2022-01-29 23:29:53'),('WA90','2nd','M010','A407','2021-12-24 20:09:49'),('WA90','2nd','M010','A407','2022-01-29 23:29:53'),('WA90','3rd','M010','A407','2021-12-24 20:09:49'),('WA90','3rd','M010','A407','2022-01-29 23:29:53'),('WA90','4th','M010','A407','2021-12-24 20:09:49'),('WA90','4th','M010','A407','2022-01-29 23:29:53'),('WA70','1st','M028','A408','2021-12-04 05:15:14'),('WA70','1st','M028','A408','2022-02-04 01:57:00'),('WA70','2nd','M010','A408','2021-12-04 05:15:14'),('WA70','2nd','M010','A408','2022-02-04 01:57:00'),('WA70','3rd','M010','A408','2021-12-04 05:15:14'),('WA70','3rd','M010','A408','2022-02-04 01:57:00'),('WA70','4th','M010','A408','2021-12-04 05:15:14'),('WA70','4th','M010','A408','2022-02-04 01:57:00'),('WA90','1st','M032','A408','2021-09-25 11:34:14'),('WA90','1st','M032','A408','2023-05-20 04:59:36'),('WA90','2nd','M010','A408','2021-09-25 11:34:14'),('WA90','2nd','M010','A408','2023-05-20 04:59:36'),('WA90','3rd','M010','A408','2021-09-25 11:34:14'),('WA90','3rd','M010','A408','2023-05-20 04:59:36'),('WA90','4th','M010','A408','2021-09-25 11:34:14'),('WA90','4th','M010','A408','2023-05-20 04:59:36'),('AA40','1st','M016','A409','2023-05-15 17:11:00'),('AA40','2nd','M006','A409','2023-05-15 17:11:00'),('AA40','3rd','M006','A409','2023-05-15 17:11:00'),('AA40','4th','M006','A409','2023-05-15 17:11:00'),('WA60','1st','M024','A409','2021-03-14 14:49:36'),('WA60','1st','M024','A409','2021-11-11 23:41:00'),('WA60','2nd','M010','A409','2021-03-14 14:49:36'),('WA60','2nd','M010','A409','2021-11-11 23:41:00'),('WA60','3rd','M010','A409','2021-03-14 14:49:36'),('WA60','3rd','M010','A409','2021-11-11 23:41:00'),('WA60','4th','M010','A409','2021-03-14 14:49:36'),('WA60','4th','M010','A409','2021-11-11 23:41:00'),('WA90','1st','M032','A409','2021-09-25 11:34:14'),('WA90','2nd','M010','A409','2021-09-25 11:34:14'),('WA90','3rd','M010','A409','2021-09-25 11:34:14'),('WA90','4th','M010','A409','2021-09-25 11:34:14'),('AA50','1st','M020','A410','2023-06-18 04:45:59'),('AA50','2nd','M006','A410','2023-06-18 04:45:59'),('AA50','3rd','M006','A410','2023-06-18 04:45:59'),('AA50','4th','M006','A410','2023-06-18 04:45:59'),('WA70','1st','M028','A410','2023-03-23 12:03:58'),('WA70','2nd','M010','A410','2023-03-23 12:03:58'),('WA70','3rd','M010','A410','2023-03-23 12:03:58'),('WA70','4th','M010','A410','2023-03-23 12:03:58'),('WA90','1st','M032','A410','2023-05-20 19:23:29'),('WA90','2nd','M010','A410','2023-05-20 19:23:29'),('WA90','3rd','M010','A410','2023-05-20 19:23:29'),('WA90','4th','M010','A410','2023-05-20 19:23:29'),('AA40','1st','M016','A411','2021-02-28 23:15:38'),('AA40','2nd','M006','A411','2021-02-28 23:15:38'),('AA40','3rd','M006','A411','2021-02-28 23:15:38'),('AA40','4th','M006','A411','2021-02-28 23:15:38'),('AA50','1st','M020','A411','2022-09-12 21:54:05'),('AA50','1st','M020','A411','2023-04-27 00:37:26'),('AA50','2nd','M006','A411','2022-09-12 21:54:05'),('AA50','2nd','M006','A411','2023-04-27 00:37:26'),('AA50','3rd','M006','A411','2022-09-12 21:54:05'),('AA50','3rd','M006','A411','2023-04-27 00:37:26'),('AA50','4th','M006','A411','2022-09-12 21:54:05'),('AA50','4th','M006','A411','2023-04-27 00:37:26'),('AA50','1st','M020','A412','2023-06-15 14:48:03'),('AA50','2nd','M006','A412','2023-06-15 14:48:03'),('AA50','3rd','M006','A412','2023-06-15 14:48:03'),('AA50','4th','M006','A412','2023-06-15 14:48:03'),('WA70','1st','M028','A412','2022-06-08 22:11:30'),('WA70','2nd','M010','A412','2022-06-08 22:11:30'),('WA70','3rd','M010','A412','2022-06-08 22:11:30'),('WA70','4th','M010','A412','2022-06-08 22:11:30'),('AA50','1st','M020','A413','2022-11-27 00:44:34'),('AA50','2nd','M006','A413','2022-11-27 00:44:34'),('AA50','3rd','M006','A413','2022-11-27 00:44:34'),('AA50','4th','M006','A413','2022-11-27 00:44:34'),('WA90','1st','M032','A413','2023-01-30 03:10:56'),('WA90','1st','M032','A413','2023-02-03 11:47:39'),('WA90','1st','M032','A413','2023-05-03 13:04:07'),('WA90','2nd','M010','A413','2023-01-30 03:10:56'),('WA90','2nd','M010','A413','2023-02-03 11:47:39'),('WA90','2nd','M010','A413','2023-05-03 13:04:07'),('WA90','3rd','M010','A413','2023-01-30 03:10:56'),('WA90','3rd','M010','A413','2023-02-03 11:47:39'),('WA90','3rd','M010','A413','2023-05-03 13:04:07'),('WA90','4th','M010','A413','2023-01-30 03:10:56'),('WA90','4th','M010','A413','2023-02-03 11:47:39'),('WA90','4th','M010','A413','2023-05-03 13:04:07'),('AA40','1st','M016','A414','2021-04-17 19:43:56'),('AA40','1st','M016','A414','2022-01-28 09:11:33'),('AA40','1st','M016','A414','2022-02-19 08:48:40'),('AA40','2nd','M006','A414','2021-04-17 19:43:56'),('AA40','2nd','M006','A414','2022-01-28 09:11:33'),('AA40','2nd','M006','A414','2022-02-19 08:48:40'),('AA40','3rd','M006','A414','2021-04-17 19:43:56'),('AA40','3rd','M006','A414','2022-01-28 09:11:33'),('AA40','3rd','M006','A414','2022-02-19 08:48:40'),('AA40','4th','M006','A414','2021-04-17 19:43:56'),('AA40','4th','M006','A414','2022-01-28 09:11:33'),('AA40','4th','M006','A414','2022-02-19 08:48:40'),('WA70','1st','M028','A414','2023-06-11 15:57:30'),('WA70','2nd','M010','A414','2023-06-11 15:57:30'),('WA70','3rd','M010','A414','2023-06-11 15:57:30'),('WA70','4th','M010','A414','2023-06-11 15:57:30'),('AA40','1st','M016','A415','2022-11-25 07:06:51'),('AA40','2nd','M006','A415','2022-11-25 07:06:51'),('AA40','3rd','M006','A415','2022-11-25 07:06:51'),('AA40','4th','M006','A415','2022-11-25 07:06:51'),('WA70','1st','M028','A415','2022-08-04 11:33:07'),('WA70','1st','M028','A415','2022-12-05 21:06:23'),('WA70','2nd','M010','A415','2022-08-04 11:33:07'),('WA70','2nd','M010','A415','2022-12-05 21:06:23'),('WA70','3rd','M010','A415','2022-08-04 11:33:07'),('WA70','3rd','M010','A415','2022-12-05 21:06:23'),('WA70','4th','M010','A415','2022-08-04 11:33:07'),('WA70','4th','M010','A415','2022-12-05 21:06:23'),('WA90','1st','M032','A415','2023-06-11 14:53:57'),('WA90','2nd','M010','A415','2023-06-11 14:53:57'),('WA90','3rd','M010','A415','2023-06-11 14:53:57'),('WA90','4th','M010','A415','2023-06-11 14:53:57'),('AA40','1st','M016','A416','2021-04-26 14:09:28'),('AA40','1st','M016','A416','2022-06-07 16:31:13'),('AA40','1st','M016','A416','2022-06-30 17:46:36'),('AA40','2nd','M006','A416','2021-04-26 14:09:28'),('AA40','2nd','M006','A416','2022-06-07 16:31:13'),('AA40','2nd','M006','A416','2022-06-30 17:46:36'),('AA40','3rd','M006','A416','2021-04-26 14:09:28'),('AA40','3rd','M006','A416','2022-06-07 16:31:13'),('AA40','3rd','M006','A416','2022-06-30 17:46:36'),('AA40','4th','M006','A416','2021-04-26 14:09:28'),('AA40','4th','M006','A416','2022-06-07 16:31:13'),('AA40','4th','M006','A416','2022-06-30 17:46:36'),('AA50','1st','M020','A416','2021-06-09 02:23:35'),('AA50','1st','M020','A416','2022-11-27 00:44:34'),('AA50','2nd','M006','A416','2021-06-09 02:23:35'),('AA50','2nd','M006','A416','2022-11-27 00:44:34'),('AA50','3rd','M006','A416','2021-06-09 02:23:35'),('AA50','3rd','M006','A416','2022-11-27 00:44:34'),('AA50','4th','M006','A416','2021-06-09 02:23:35'),('AA50','4th','M006','A416','2022-11-27 00:44:34'),('WA70','1st','M028','A416','2021-04-12 19:31:05'),('WA70','2nd','M010','A416','2021-04-12 19:31:05'),('WA70','3rd','M010','A416','2021-04-12 19:31:05'),('WA70','4th','M010','A416','2021-04-12 19:31:05'),('WA70','1st','M028','A417','2021-12-04 05:15:14'),('WA70','1st','M028','A417','2022-03-29 17:52:46'),('WA70','1st','M028','A417','2023-03-27 02:42:50'),('WA70','2nd','M010','A417','2021-12-04 05:15:14'),('WA70','2nd','M010','A417','2022-03-29 17:52:46'),('WA70','2nd','M010','A417','2023-03-27 02:42:50'),('WA70','3rd','M010','A417','2021-12-04 05:15:14'),('WA70','3rd','M010','A417','2022-03-29 17:52:46'),('WA70','3rd','M010','A417','2023-03-27 02:42:50'),('WA70','4th','M010','A417','2021-12-04 05:15:14'),('WA70','4th','M010','A417','2022-03-29 17:52:46'),('WA70','4th','M010','A417','2023-03-27 02:42:50'),('WA90','1st','M032','A417','2021-11-26 11:27:18'),('WA90','2nd','M010','A417','2021-11-26 11:27:18'),('WA90','3rd','M010','A417','2021-11-26 11:27:18'),('WA90','4th','M010','A417','2021-11-26 11:27:18'),('AA40','1st','M016','A418','2021-07-11 04:07:57'),('AA40','2nd','M006','A418','2021-07-11 04:07:57'),('AA40','3rd','M006','A418','2021-07-11 04:07:57'),('AA40','4th','M006','A418','2021-07-11 04:07:57'),('WA70','1st','M028','A418','2022-05-04 11:15:29'),('WA70','2nd','M010','A418','2022-05-04 11:15:29'),('WA70','3rd','M010','A418','2022-05-04 11:15:29'),('WA70','4th','M010','A418','2022-05-04 11:15:29'),('AA40','1st','M016','A419','2021-10-15 08:49:22'),('AA40','2nd','M006','A419','2021-10-15 08:49:22'),('AA40','3rd','M006','A419','2021-10-15 08:49:22'),('AA40','4th','M006','A419','2021-10-15 08:49:22'),('WA70','1st','M028','A419','2022-11-05 12:06:51'),('WA70','2nd','M010','A419','2022-11-05 12:06:51'),('WA70','3rd','M010','A419','2022-11-05 12:06:51'),('WA70','4th','M010','A419','2022-11-05 12:06:51'),('WA90','1st','M032','A419','2022-09-28 06:57:41'),('WA90','2nd','M010','A419','2022-09-28 06:57:41'),('WA90','3rd','M010','A419','2022-09-28 06:57:41'),('WA90','4th','M010','A419','2022-09-28 06:57:41'),('AA40','1st','M016','A420','2023-06-14 21:30:25'),('AA40','2nd','M006','A420','2023-06-14 21:30:25'),('AA40','3rd','M006','A420','2023-06-14 21:30:25'),('AA40','4th','M006','A420','2023-06-14 21:30:25'),('AA50','1st','M020','A420','2022-01-24 02:30:58'),('AA50','2nd','M006','A420','2022-01-24 02:30:58'),('AA50','3rd','M006','A420','2022-01-24 02:30:58'),('AA50','4th','M006','A420','2022-01-24 02:30:58'),('AA40','1st','M016','A421','2021-04-26 14:09:28'),('AA40','2nd','M006','A421','2021-04-26 14:09:28'),('AA40','3rd','M006','A421','2021-04-26 14:09:28'),('AA40','4th','M006','A421','2021-04-26 14:09:28'),('WA60','1st','M024','A421','2021-10-26 13:58:23'),('WA60','2nd','M010','A421','2021-10-26 13:58:23'),('WA60','3rd','M010','A421','2021-10-26 13:58:23'),('WA60','4th','M010','A421','2021-10-26 13:58:23'),('WA70','1st','M028','A421','2023-06-11 15:57:30'),('WA70','2nd','M010','A421','2023-06-11 15:57:30'),('WA70','3rd','M010','A421','2023-06-11 15:57:30'),('WA70','4th','M010','A421','2023-06-11 15:57:30'),('WA90','1st','M032','A421','2023-02-28 12:25:30'),('WA90','2nd','M010','A421','2023-02-28 12:25:30'),('WA90','3rd','M010','A421','2023-02-28 12:25:30'),('WA90','4th','M010','A421','2023-02-28 12:25:30'),('AA40','1st','M016','A422','2021-03-03 14:03:33'),('AA40','2nd','M006','A422','2021-03-03 14:03:33'),('AA40','3rd','M006','A422','2021-03-03 14:03:33'),('AA40','4th','M006','A422','2021-03-03 14:03:33'),('WA60','1st','M024','A422','2022-12-22 03:41:18'),('WA60','2nd','M010','A422','2022-12-22 03:41:18'),('WA60','3rd','M010','A422','2022-12-22 03:41:18'),('WA60','4th','M010','A422','2022-12-22 03:41:18'),('AA40','1st','M016','A423','2023-05-21 11:27:46'),('AA40','2nd','M006','A423','2023-05-21 11:27:46'),('AA40','3rd','M006','A423','2023-05-21 11:27:46'),('AA40','4th','M006','A423','2023-05-21 11:27:46'),('AA50','1st','M020','A423','2022-11-27 00:44:34'),('AA50','2nd','M006','A423','2022-11-27 00:44:34'),('AA50','3rd','M006','A423','2022-11-27 00:44:34'),('AA50','4th','M006','A423','2022-11-27 00:44:34'),('WA60','1st','M024','A423','2022-06-26 19:09:34'),('WA60','2nd','M010','A423','2022-06-26 19:09:34'),('WA60','3rd','M010','A423','2022-06-26 19:09:34'),('WA60','4th','M010','A423','2022-06-26 19:09:34'),('WA90','1st','M032','A423','2021-11-26 11:27:18'),('WA90','2nd','M010','A423','2021-11-26 11:27:18'),('WA90','3rd','M010','A423','2021-11-26 11:27:18'),('WA90','4th','M010','A423','2021-11-26 11:27:18'),('AA50','1st','M020','A424','2021-02-08 14:31:00'),('AA50','2nd','M006','A424','2021-02-08 14:31:00'),('AA50','3rd','M006','A424','2021-02-08 14:31:00'),('AA50','4th','M006','A424','2021-02-08 14:31:00'),('WA70','1st','M028','A424','2022-11-29 14:08:54'),('WA70','2nd','M010','A424','2022-11-29 14:08:54'),('WA70','3rd','M010','A424','2022-11-29 14:08:54'),('WA70','4th','M010','A424','2022-11-29 14:08:54'),('WA90','1st','M032','A424','2022-02-10 15:36:52'),('WA90','2nd','M010','A424','2022-02-10 15:36:52'),('WA90','3rd','M010','A424','2022-02-10 15:36:52'),('WA90','4th','M010','A424','2022-02-10 15:36:52'),('AA40','1st','M016','A425','2022-02-19 08:48:40'),('AA40','2nd','M006','A425','2022-02-19 08:48:40'),('AA40','3rd','M006','A425','2022-02-19 08:48:40'),('AA40','4th','M006','A425','2022-02-19 08:48:40'),('AA50','1st','M020','A425','2021-07-19 08:16:55'),('AA50','2nd','M006','A425','2021-07-19 08:16:55'),('AA50','3rd','M006','A425','2021-07-19 08:16:55'),('AA50','4th','M006','A425','2021-07-19 08:16:55'),('WA70','1st','M028','A425','2022-07-30 14:09:03'),('WA70','2nd','M010','A425','2022-07-30 14:09:03'),('WA70','3rd','M010','A425','2022-07-30 14:09:03'),('WA70','4th','M010','A425','2022-07-30 14:09:03'),('AA50','1st','M020','A426','2022-11-27 00:44:34'),('AA50','2nd','M006','A426','2022-11-27 00:44:34'),('AA50','3rd','M006','A426','2022-11-27 00:44:34'),('AA50','4th','M006','A426','2022-11-27 00:44:34'),('WA60','1st','M024','A426','2021-05-06 10:00:07'),('WA60','1st','M024','A426','2021-07-01 01:22:31'),('WA60','1st','M024','A426','2021-07-01 01:22:36'),('WA60','2nd','M010','A426','2021-05-06 10:00:07'),('WA60','2nd','M010','A426','2021-07-01 01:22:31'),('WA60','2nd','M010','A426','2021-07-01 01:22:36'),('WA60','3rd','M010','A426','2021-05-06 10:00:07'),('WA60','3rd','M010','A426','2021-07-01 01:22:31'),('WA60','3rd','M010','A426','2021-07-01 01:22:36'),('WA60','4th','M010','A426','2021-05-06 10:00:07'),('WA60','4th','M010','A426','2021-07-01 01:22:31'),('WA60','4th','M010','A426','2021-07-01 01:22:36'),('AA40','1st','M016','A427','2022-03-31 11:20:28'),('AA40','2nd','M006','A427','2022-03-31 11:20:28'),('AA40','3rd','M006','A427','2022-03-31 11:20:28'),('AA40','4th','M006','A427','2022-03-31 11:20:28'),('AA50','1st','M020','A427','2022-10-06 03:04:39'),('AA50','2nd','M006','A427','2022-10-06 03:04:39'),('AA50','3rd','M006','A427','2022-10-06 03:04:39'),('AA50','4th','M006','A427','2022-10-06 03:04:39'),('WA70','1st','M028','A427','2022-07-30 14:09:03'),('WA70','2nd','M010','A427','2022-07-30 14:09:03'),('WA70','3rd','M010','A427','2022-07-30 14:09:03'),('WA70','4th','M010','A427','2022-07-30 14:09:03'),('WA60','1st','M024','A428','2021-03-15 00:45:41'),('WA60','1st','M024','A428','2021-08-17 21:34:30'),('WA60','2nd','M010','A428','2021-03-15 00:45:41'),('WA60','2nd','M010','A428','2021-08-17 21:34:30'),('WA60','3rd','M010','A428','2021-03-15 00:45:41'),('WA60','3rd','M010','A428','2021-08-17 21:34:30'),('WA60','4th','M010','A428','2021-03-15 00:45:41'),('WA60','4th','M010','A428','2021-08-17 21:34:30'),('WA70','1st','M028','A428','2021-01-04 23:38:31'),('WA70','1st','M028','A428','2021-02-03 23:50:03'),('WA70','2nd','M010','A428','2021-01-04 23:38:31'),('WA70','2nd','M010','A428','2021-02-03 23:50:03'),('WA70','3rd','M010','A428','2021-01-04 23:38:31'),('WA70','3rd','M010','A428','2021-02-03 23:50:03'),('WA70','4th','M010','A428','2021-01-04 23:38:31'),('WA70','4th','M010','A428','2021-02-03 23:50:03'),('WA90','1st','M032','A428','2022-06-27 04:03:20'),('WA90','2nd','M010','A428','2022-06-27 04:03:20'),('WA90','3rd','M010','A428','2022-06-27 04:03:20'),('WA90','4th','M010','A428','2022-06-27 04:03:20'),('AA40','1st','M016','A429','2021-06-05 06:38:15'),('AA40','2nd','M006','A429','2021-06-05 06:38:15'),('AA40','3rd','M006','A429','2021-06-05 06:38:15'),('AA40','4th','M006','A429','2021-06-05 06:38:15'),('AA50','1st','M020','A429','2021-08-30 12:20:37'),('AA50','1st','M020','A429','2023-02-07 13:49:20'),('AA50','2nd','M006','A429','2021-08-30 12:20:37'),('AA50','2nd','M006','A429','2023-02-07 13:49:20'),('AA50','3rd','M006','A429','2021-08-30 12:20:37'),('AA50','3rd','M006','A429','2023-02-07 13:49:20'),('AA50','4th','M006','A429','2021-08-30 12:20:37'),('AA50','4th','M006','A429','2023-02-07 13:49:20'),('WA60','1st','M024','A429','2021-01-18 06:12:55'),('WA60','1st','M024','A429','2022-12-22 03:41:18'),('WA60','2nd','M010','A429','2021-01-18 06:12:55'),('WA60','2nd','M010','A429','2022-12-22 03:41:18'),('WA60','3rd','M010','A429','2021-01-18 06:12:55'),('WA60','3rd','M010','A429','2022-12-22 03:41:18'),('WA60','4th','M010','A429','2021-01-18 06:12:55'),('WA60','4th','M010','A429','2022-12-22 03:41:18'),('WA90','1st','M032','A429','2023-05-20 04:59:36'),('WA90','2nd','M010','A429','2023-05-20 04:59:36'),('WA90','3rd','M010','A429','2023-05-20 04:59:36'),('WA90','4th','M010','A429','2023-05-20 04:59:36'),('AA50','1st','M020','A430','2021-08-30 12:20:37'),('AA50','2nd','M006','A430','2021-08-30 12:20:37'),('AA50','3rd','M006','A430','2021-08-30 12:20:37'),('AA50','4th','M006','A430','2021-08-30 12:20:37'),('WA60','1st','M024','A430','2022-03-19 00:03:49'),('WA60','1st','M024','A430','2023-03-03 18:46:47'),('WA60','2nd','M010','A430','2022-03-19 00:03:49'),('WA60','2nd','M010','A430','2023-03-03 18:46:47'),('WA60','3rd','M010','A430','2022-03-19 00:03:49'),('WA60','3rd','M010','A430','2023-03-03 18:46:47'),('WA60','4th','M010','A430','2022-03-19 00:03:49'),('WA60','4th','M010','A430','2023-03-03 18:46:47'),('WA70','1st','M028','A430','2022-11-29 14:08:54'),('WA70','2nd','M010','A430','2022-11-29 14:08:54'),('WA70','3rd','M010','A430','2022-11-29 14:08:54'),('WA70','4th','M010','A430','2022-11-29 14:08:54'),('WA90','1st','M032','A430','2023-02-28 12:25:30'),('WA90','2nd','M010','A430','2023-02-28 12:25:30'),('WA90','3rd','M010','A430','2023-02-28 12:25:30'),('WA90','4th','M010','A430','2023-02-28 12:25:30'),('AA40','1st','M016','A431','2021-04-17 19:43:56'),('AA40','2nd','M006','A431','2021-04-17 19:43:56'),('AA40','3rd','M006','A431','2021-04-17 19:43:56'),('AA40','4th','M006','A431','2021-04-17 19:43:56'),('AA50','1st','M020','A431','2021-03-06 07:25:41'),('AA50','1st','M020','A431','2021-04-27 23:24:31'),('AA50','1st','M020','A431','2021-07-19 08:16:55'),('AA50','2nd','M006','A431','2021-03-06 07:25:41'),('AA50','2nd','M006','A431','2021-04-27 23:24:31'),('AA50','2nd','M006','A431','2021-07-19 08:16:55'),('AA50','3rd','M006','A431','2021-03-06 07:25:41'),('AA50','3rd','M006','A431','2021-04-27 23:24:31'),('AA50','3rd','M006','A431','2021-07-19 08:16:55'),('AA50','4th','M006','A431','2021-03-06 07:25:41'),('AA50','4th','M006','A431','2021-04-27 23:24:31'),('AA50','4th','M006','A431','2021-07-19 08:16:55'),('WA60','1st','M024','A431','2021-03-14 14:49:36'),('WA60','2nd','M010','A431','2021-03-14 14:49:36'),('WA60','3rd','M010','A431','2021-03-14 14:49:36'),('WA60','4th','M010','A431','2021-03-14 14:49:36'),('WA70','1st','M028','A431','2022-07-30 14:09:03'),('WA70','1st','M028','A431','2022-08-04 11:33:07'),('WA70','2nd','M010','A431','2022-07-30 14:09:03'),('WA70','2nd','M010','A431','2022-08-04 11:33:07'),('WA70','3rd','M010','A431','2022-07-30 14:09:03'),('WA70','3rd','M010','A431','2022-08-04 11:33:07'),('WA70','4th','M010','A431','2022-07-30 14:09:03'),('WA70','4th','M010','A431','2022-08-04 11:33:07'),('WA90','1st','M032','A431','2021-08-17 06:43:53'),('WA90','2nd','M010','A431','2021-08-17 06:43:53'),('WA90','3rd','M010','A431','2021-08-17 06:43:53'),('WA90','4th','M010','A431','2021-08-17 06:43:53'),('WA60','1st','M024','A432','2021-05-30 16:49:25'),('WA60','2nd','M010','A432','2021-05-30 16:49:25'),('WA60','3rd','M010','A432','2021-05-30 16:49:25'),('WA60','4th','M010','A432','2021-05-30 16:49:25'),('WA70','1st','M028','A432','2022-05-13 05:56:12'),('WA70','2nd','M010','A432','2022-05-13 05:56:12'),('WA70','3rd','M010','A432','2022-05-13 05:56:12'),('WA70','4th','M010','A432','2022-05-13 05:56:12'),('WA90','1st','M032','A432','2023-05-20 04:59:36'),('WA90','2nd','M010','A432','2023-05-20 04:59:36'),('WA90','3rd','M010','A432','2023-05-20 04:59:36'),('WA90','4th','M010','A432','2023-05-20 04:59:36'),('AA40','1st','M016','A433','2023-02-01 23:32:09'),('AA40','2nd','M006','A433','2023-02-01 23:32:09'),('AA40','3rd','M006','A433','2023-02-01 23:32:09'),('AA40','4th','M006','A433','2023-02-01 23:32:09'),('WA70','1st','M028','A433','2023-01-19 11:01:25'),('WA70','1st','M028','A433','2023-05-29 12:20:08'),('WA70','2nd','M010','A433','2023-01-19 11:01:25'),('WA70','2nd','M010','A433','2023-05-29 12:20:08'),('WA70','3rd','M010','A433','2023-01-19 11:01:25'),('WA70','3rd','M010','A433','2023-05-29 12:20:08'),('WA70','4th','M010','A433','2023-01-19 11:01:25'),('WA70','4th','M010','A433','2023-05-29 12:20:08'),('AA50','1st','M020','A434','2021-07-19 08:16:55'),('AA50','2nd','M006','A434','2021-07-19 08:16:55'),('AA50','3rd','M006','A434','2021-07-19 08:16:55'),('AA50','4th','M006','A434','2021-07-19 08:16:55'),('WA60','1st','M024','A434','2021-12-30 05:49:50'),('WA60','2nd','M010','A434','2021-12-30 05:49:50'),('WA60','3rd','M010','A434','2021-12-30 05:49:50'),('WA60','4th','M010','A434','2021-12-30 05:49:50'),('AA40','1st','M016','A435','2022-10-02 18:22:35'),('AA40','1st','M016','A435','2022-11-25 07:06:51'),('AA40','2nd','M006','A435','2022-10-02 18:22:35'),('AA40','2nd','M006','A435','2022-11-25 07:06:51'),('AA40','3rd','M006','A435','2022-10-02 18:22:35'),('AA40','3rd','M006','A435','2022-11-25 07:06:51'),('AA40','4th','M006','A435','2022-10-02 18:22:35'),('AA40','4th','M006','A435','2022-11-25 07:06:51'),('AA50','1st','M020','A435','2021-04-27 23:24:31'),('AA50','1st','M020','A435','2021-11-25 17:51:51'),('AA50','1st','M020','A435','2022-10-06 03:04:39'),('AA50','2nd','M006','A435','2021-04-27 23:24:31'),('AA50','2nd','M006','A435','2021-11-25 17:51:51'),('AA50','2nd','M006','A435','2022-10-06 03:04:39'),('AA50','3rd','M006','A435','2021-04-27 23:24:31'),('AA50','3rd','M006','A435','2021-11-25 17:51:51'),('AA50','3rd','M006','A435','2022-10-06 03:04:39'),('AA50','4th','M006','A435','2021-04-27 23:24:31'),('AA50','4th','M006','A435','2021-11-25 17:51:51'),('AA50','4th','M006','A435','2022-10-06 03:04:39'),('WA60','1st','M024','A435','2022-03-06 11:49:45'),('WA60','2nd','M010','A435','2022-03-06 11:49:45'),('WA60','3rd','M010','A435','2022-03-06 11:49:45'),('WA60','4th','M010','A435','2022-03-06 11:49:45'),('AA40','1st','M016','A436','2022-02-16 02:46:58'),('AA40','1st','M016','A436','2022-06-30 17:46:36'),('AA40','2nd','M006','A436','2022-02-16 02:46:58'),('AA40','2nd','M006','A436','2022-06-30 17:46:36'),('AA40','3rd','M006','A436','2022-02-16 02:46:58'),('AA40','3rd','M006','A436','2022-06-30 17:46:36'),('AA40','4th','M006','A436','2022-02-16 02:46:58'),('AA40','4th','M006','A436','2022-06-30 17:46:36'),('AA50','1st','M020','A436','2022-01-15 10:29:14'),('AA50','2nd','M006','A436','2022-01-15 10:29:14'),('AA50','3rd','M006','A436','2022-01-15 10:29:14'),('AA50','4th','M006','A436','2022-01-15 10:29:14'),('WA70','1st','M028','A436','2021-05-20 00:18:07'),('WA70','1st','M028','A436','2021-08-08 17:15:55'),('WA70','2nd','M010','A436','2021-05-20 00:18:07'),('WA70','2nd','M010','A436','2021-08-08 17:15:55'),('WA70','3rd','M010','A436','2021-05-20 00:18:07'),('WA70','3rd','M010','A436','2021-08-08 17:15:55'),('WA70','4th','M010','A436','2021-05-20 00:18:07'),('WA70','4th','M010','A436','2021-08-08 17:15:55'),('WA90','1st','M032','A436','2022-03-06 09:05:03'),('WA90','2nd','M010','A436','2022-03-06 09:05:03'),('WA90','3rd','M010','A436','2022-03-06 09:05:03'),('WA90','4th','M010','A436','2022-03-06 09:05:03'),('AA50','1st','M020','A437','2021-06-09 02:23:35'),('AA50','2nd','M006','A437','2021-06-09 02:23:35'),('AA50','3rd','M006','A437','2021-06-09 02:23:35'),('AA50','4th','M006','A437','2021-06-09 02:23:35'),('WA60','1st','M024','A437','2021-03-15 00:45:41'),('WA60','2nd','M010','A437','2021-03-15 00:45:41'),('WA60','3rd','M010','A437','2021-03-15 00:45:41'),('WA60','4th','M010','A437','2021-03-15 00:45:41'),('WA70','1st','M028','A437','2022-04-06 07:32:33'),('WA70','2nd','M010','A437','2022-04-06 07:32:33'),('WA70','3rd','M010','A437','2022-04-06 07:32:33'),('WA70','4th','M010','A437','2022-04-06 07:32:33'),('WA90','1st','M032','A437','2021-11-06 19:09:07'),('WA90','2nd','M010','A437','2021-11-06 19:09:07'),('WA90','3rd','M010','A437','2021-11-06 19:09:07'),('WA90','4th','M010','A437','2021-11-06 19:09:07'),('AA40','1st','M016','A439','2022-11-25 07:06:51'),('AA40','2nd','M006','A439','2022-11-25 07:06:51'),('AA40','3rd','M006','A439','2022-11-25 07:06:51'),('AA40','4th','M006','A439','2022-11-25 07:06:51'),('AA50','1st','M020','A439','2021-06-09 02:23:35'),('AA50','1st','M020','A439','2022-02-23 17:57:16'),('AA50','1st','M020','A439','2022-04-27 16:31:04'),('AA50','2nd','M006','A439','2021-06-09 02:23:35'),('AA50','2nd','M006','A439','2022-02-23 17:57:16'),('AA50','2nd','M006','A439','2022-04-27 16:31:04'),('AA50','3rd','M006','A439','2021-06-09 02:23:35'),('AA50','3rd','M006','A439','2022-02-23 17:57:16'),('AA50','3rd','M006','A439','2022-04-27 16:31:04'),('AA50','4th','M006','A439','2021-06-09 02:23:35'),('AA50','4th','M006','A439','2022-02-23 17:57:16'),('AA50','4th','M006','A439','2022-04-27 16:31:04'),('WA60','1st','M024','A439','2021-01-18 06:12:55'),('WA60','2nd','M010','A439','2021-01-18 06:12:55'),('WA60','3rd','M010','A439','2021-01-18 06:12:55'),('WA60','4th','M010','A439','2021-01-18 06:12:55'),('WA90','1st','M032','A439','2022-09-28 06:57:41'),('WA90','2nd','M010','A439','2022-09-28 06:57:41'),('WA90','3rd','M010','A439','2022-09-28 06:57:41'),('WA90','4th','M010','A439','2022-09-28 06:57:41'),('AA40','1st','M016','A440','2022-09-13 23:25:09'),('AA40','2nd','M006','A440','2022-09-13 23:25:09'),('AA40','3rd','M006','A440','2022-09-13 23:25:09'),('AA40','4th','M006','A440','2022-09-13 23:25:09'),('AA50','1st','M020','A440','2021-10-25 07:55:58'),('AA50','2nd','M006','A440','2021-10-25 07:55:58'),('AA50','3rd','M006','A440','2021-10-25 07:55:58'),('AA50','4th','M006','A440','2021-10-25 07:55:58'),('WA60','1st','M024','A440','2023-06-19 16:41:00'),('WA60','1st','M024','A440','2023-06-19 16:41:01'),('WA60','2nd','M010','A440','2023-06-19 16:41:00'),('WA60','2nd','M010','A440','2023-06-19 16:41:01'),('WA60','3rd','M010','A440','2023-06-19 16:41:00'),('WA60','3rd','M010','A440','2023-06-19 16:41:01'),('WA60','4th','M010','A440','2023-06-19 16:41:00'),('WA60','4th','M010','A440','2023-06-19 16:41:01'),('WA70','1st','M028','A440','2022-11-18 12:24:39'),('WA70','1st','M028','A440','2023-03-23 12:03:58'),('WA70','2nd','M010','A440','2022-11-18 12:24:39'),('WA70','2nd','M010','A440','2023-03-23 12:03:58'),('WA70','3rd','M010','A440','2022-11-18 12:24:39'),('WA70','3rd','M010','A440','2023-03-23 12:03:58'),('WA70','4th','M010','A440','2022-11-18 12:24:39'),('WA70','4th','M010','A440','2023-03-23 12:03:58'),('WA90','1st','M032','A440','2021-05-20 01:16:19'),('WA90','2nd','M010','A440','2021-05-20 01:16:19'),('WA90','3rd','M010','A440','2021-05-20 01:16:19'),('WA90','4th','M010','A440','2021-05-20 01:16:19'),('AA40','1st','M016','A441','2021-04-26 14:09:28'),('AA40','2nd','M006','A441','2021-04-26 14:09:28'),('AA40','3rd','M006','A441','2021-04-26 14:09:28'),('AA40','4th','M006','A441','2021-04-26 14:09:28'),('WA60','1st','M024','A441','2023-05-31 10:06:11'),('WA60','2nd','M010','A441','2023-05-31 10:06:11'),('WA60','3rd','M010','A441','2023-05-31 10:06:11'),('WA60','4th','M010','A441','2023-05-31 10:06:11'),('WA70','1st','M028','A441','2022-09-23 10:17:33'),('WA70','2nd','M010','A441','2022-09-23 10:17:33'),('WA70','3rd','M010','A441','2022-09-23 10:17:33'),('WA70','4th','M010','A441','2022-09-23 10:17:33'),('AA40','1st','M016','A442','2021-10-21 00:06:39'),('AA40','1st','M016','A442','2022-01-28 09:11:33'),('AA40','1st','M016','A442','2022-02-17 09:21:36'),('AA40','2nd','M006','A442','2021-10-21 00:06:39'),('AA40','2nd','M006','A442','2022-01-28 09:11:33'),('AA40','2nd','M006','A442','2022-02-17 09:21:36'),('AA40','3rd','M006','A442','2021-10-21 00:06:39'),('AA40','3rd','M006','A442','2022-01-28 09:11:33'),('AA40','3rd','M006','A442','2022-02-17 09:21:36'),('AA40','4th','M006','A442','2021-10-21 00:06:39'),('AA40','4th','M006','A442','2022-01-28 09:11:33'),('AA40','4th','M006','A442','2022-02-17 09:21:36'),('AA50','1st','M020','A442','2023-02-23 16:42:01'),('AA50','1st','M020','A442','2023-06-15 14:48:03'),('AA50','2nd','M006','A442','2023-02-23 16:42:01'),('AA50','2nd','M006','A442','2023-06-15 14:48:03'),('AA50','3rd','M006','A442','2023-02-23 16:42:01'),('AA50','3rd','M006','A442','2023-06-15 14:48:03'),('AA50','4th','M006','A442','2023-02-23 16:42:01'),('AA50','4th','M006','A442','2023-06-15 14:48:03'),('WA70','1st','M028','A442','2021-03-24 00:05:45'),('WA70','2nd','M010','A442','2021-03-24 00:05:45'),('WA70','3rd','M010','A442','2021-03-24 00:05:45'),('WA70','4th','M010','A442','2021-03-24 00:05:45'),('WA90','1st','M032','A442','2022-06-29 08:37:23'),('WA90','2nd','M010','A442','2022-06-29 08:37:23'),('WA90','3rd','M010','A442','2022-06-29 08:37:23'),('WA90','4th','M010','A442','2022-06-29 08:37:23'),('WA60','1st','M024','A443','2021-06-19 21:06:21'),('WA60','2nd','M010','A443','2021-06-19 21:06:21'),('WA60','3rd','M010','A443','2021-06-19 21:06:21'),('WA60','4th','M010','A443','2021-06-19 21:06:21'),('WA90','1st','M032','A443','2022-06-27 04:03:20'),('WA90','2nd','M010','A443','2022-06-27 04:03:20'),('WA90','3rd','M010','A443','2022-06-27 04:03:20'),('WA90','4th','M010','A443','2022-06-27 04:03:20'),('AA40','1st','M016','A444','2023-05-15 17:11:00'),('AA40','2nd','M006','A444','2023-05-15 17:11:00'),('AA40','3rd','M006','A444','2023-05-15 17:11:00'),('AA40','4th','M006','A444','2023-05-15 17:11:00'),('AA50','1st','M020','A444','2022-06-13 01:31:03'),('AA50','2nd','M006','A444','2022-06-13 01:31:03'),('AA50','3rd','M006','A444','2022-06-13 01:31:03'),('AA50','4th','M006','A444','2022-06-13 01:31:03'),('WA60','1st','M024','A444','2021-10-26 13:58:23'),('WA60','2nd','M010','A444','2021-10-26 13:58:23'),('WA60','3rd','M010','A444','2021-10-26 13:58:23'),('WA60','4th','M010','A444','2021-10-26 13:58:23'),('WA70','1st','M028','A444','2021-10-25 12:38:54'),('WA70','2nd','M010','A444','2021-10-25 12:38:54'),('WA70','3rd','M010','A444','2021-10-25 12:38:54'),('WA70','4th','M010','A444','2021-10-25 12:38:54'),('WA90','1st','M032','A444','2023-05-03 13:04:07'),('WA90','2nd','M010','A444','2023-05-03 13:04:07'),('WA90','3rd','M010','A444','2023-05-03 13:04:07'),('WA90','4th','M010','A444','2023-05-03 13:04:07'),('AA50','1st','M020','A445','2023-04-27 00:37:26'),('AA50','2nd','M006','A445','2023-04-27 00:37:26'),('AA50','3rd','M006','A445','2023-04-27 00:37:26'),('AA50','4th','M006','A445','2023-04-27 00:37:26'),('WA60','1st','M024','A446','2022-04-18 22:11:04'),('WA60','2nd','M010','A446','2022-04-18 22:11:04'),('WA60','3rd','M010','A446','2022-04-18 22:11:04'),('WA60','4th','M010','A446','2022-04-18 22:11:04'),('WA70','1st','M028','A446','2021-03-24 00:05:45'),('WA70','1st','M028','A446','2021-12-04 05:15:14'),('WA70','1st','M028','A446','2022-05-15 05:06:09'),('WA70','2nd','M010','A446','2021-03-24 00:05:45'),('WA70','2nd','M010','A446','2021-12-04 05:15:14'),('WA70','2nd','M010','A446','2022-05-15 05:06:09'),('WA70','3rd','M010','A446','2021-03-24 00:05:45'),('WA70','3rd','M010','A446','2021-12-04 05:15:14'),('WA70','3rd','M010','A446','2022-05-15 05:06:09'),('WA70','4th','M010','A446','2021-03-24 00:05:45'),('WA70','4th','M010','A446','2021-12-04 05:15:14'),('WA70','4th','M010','A446','2022-05-15 05:06:09'),('WA90','1st','M032','A446','2021-11-10 08:08:44'),('WA90','1st','M032','A446','2022-03-06 09:05:03'),('WA90','2nd','M010','A446','2021-11-10 08:08:44'),('WA90','2nd','M010','A446','2022-03-06 09:05:03'),('WA90','3rd','M010','A446','2021-11-10 08:08:44'),('WA90','3rd','M010','A446','2022-03-06 09:05:03'),('WA90','4th','M010','A446','2021-11-10 08:08:44'),('WA90','4th','M010','A446','2022-03-06 09:05:03'),('AA40','1st','M016','A447','2021-10-21 00:06:39'),('AA40','1st','M016','A447','2023-05-21 11:27:46'),('AA40','2nd','M006','A447','2021-10-21 00:06:39'),('AA40','2nd','M006','A447','2023-05-21 11:27:46'),('AA40','3rd','M006','A447','2021-10-21 00:06:39'),('AA40','3rd','M006','A447','2023-05-21 11:27:46'),('AA40','4th','M006','A447','2021-10-21 00:06:39'),('AA40','4th','M006','A447','2023-05-21 11:27:46'),('WA60','1st','M024','A447','2021-12-30 05:49:50'),('WA60','2nd','M010','A447','2021-12-30 05:49:50'),('WA60','3rd','M010','A447','2021-12-30 05:49:50'),('WA60','4th','M010','A447','2021-12-30 05:49:50'),('WA90','1st','M032','A447','2021-12-15 11:23:52'),('WA90','1st','M032','A447','2023-01-30 03:10:56'),('WA90','2nd','M010','A447','2021-12-15 11:23:52'),('WA90','2nd','M010','A447','2023-01-30 03:10:56'),('WA90','3rd','M010','A447','2021-12-15 11:23:52'),('WA90','3rd','M010','A447','2023-01-30 03:10:56'),('WA90','4th','M010','A447','2021-12-15 11:23:52'),('WA90','4th','M010','A447','2023-01-30 03:10:56'),('AA40','1st','M016','A448','2021-04-26 14:09:28'),('AA40','2nd','M006','A448','2021-04-26 14:09:28'),('AA40','3rd','M006','A448','2021-04-26 14:09:28'),('AA40','4th','M006','A448','2021-04-26 14:09:28'),('AA50','1st','M020','A448','2022-10-17 15:33:58'),('AA50','1st','M020','A448','2023-01-22 10:34:30'),('AA50','2nd','M006','A448','2022-10-17 15:33:58'),('AA50','2nd','M006','A448','2023-01-22 10:34:30'),('AA50','3rd','M006','A448','2022-10-17 15:33:58'),('AA50','3rd','M006','A448','2023-01-22 10:34:30'),('AA50','4th','M006','A448','2022-10-17 15:33:58'),('AA50','4th','M006','A448','2023-01-22 10:34:30'),('WA90','1st','M032','A448','2021-12-15 11:23:52'),('WA90','1st','M032','A448','2023-05-03 13:04:07'),('WA90','2nd','M010','A448','2021-12-15 11:23:52'),('WA90','2nd','M010','A448','2023-05-03 13:04:07'),('WA90','3rd','M010','A448','2021-12-15 11:23:52'),('WA90','3rd','M010','A448','2023-05-03 13:04:07'),('WA90','4th','M010','A448','2021-12-15 11:23:52'),('WA90','4th','M010','A448','2023-05-03 13:04:07'),('AA40','1st','M016','A449','2021-10-03 16:55:25'),('AA40','2nd','M006','A449','2021-10-03 16:55:25'),('AA40','3rd','M006','A449','2021-10-03 16:55:25'),('AA40','4th','M006','A449','2021-10-03 16:55:25'),('AA50','1st','M020','A449','2022-01-01 03:19:13'),('AA50','1st','M020','A449','2023-04-27 00:37:26'),('AA50','2nd','M006','A449','2022-01-01 03:19:13'),('AA50','2nd','M006','A449','2023-04-27 00:37:26'),('AA50','3rd','M006','A449','2022-01-01 03:19:13'),('AA50','3rd','M006','A449','2023-04-27 00:37:26'),('AA50','4th','M006','A449','2022-01-01 03:19:13'),('AA50','4th','M006','A449','2023-04-27 00:37:26'),('WA60','1st','M024','A449','2021-01-18 06:12:55'),('WA60','1st','M024','A449','2021-07-22 08:07:01'),('WA60','1st','M024','A449','2023-03-03 18:46:47'),('WA60','2nd','M010','A449','2021-01-18 06:12:55'),('WA60','2nd','M010','A449','2021-07-22 08:07:01'),('WA60','2nd','M010','A449','2023-03-03 18:46:47'),('WA60','3rd','M010','A449','2021-01-18 06:12:55'),('WA60','3rd','M010','A449','2021-07-22 08:07:01'),('WA60','3rd','M010','A449','2023-03-03 18:46:47'),('WA60','4th','M010','A449','2021-01-18 06:12:55'),('WA60','4th','M010','A449','2021-07-22 08:07:01'),('WA60','4th','M010','A449','2023-03-03 18:46:47'),('WA70','1st','M028','A449','2022-03-16 23:37:55'),('WA70','2nd','M010','A449','2022-03-16 23:37:55'),('WA70','3rd','M010','A449','2022-03-16 23:37:55'),('WA70','4th','M010','A449','2022-03-16 23:37:55'),('WA90','1st','M032','A449','2021-12-21 04:53:41'),('WA90','1st','M032','A449','2022-01-29 23:29:53'),('WA90','1st','M032','A449','2023-02-28 12:25:30'),('WA90','1st','M032','A449','2023-04-16 12:05:50'),('WA90','2nd','M010','A449','2021-12-21 04:53:41'),('WA90','2nd','M010','A449','2022-01-29 23:29:53'),('WA90','2nd','M010','A449','2023-02-28 12:25:30'),('WA90','2nd','M010','A449','2023-04-16 12:05:50'),('WA90','3rd','M010','A449','2021-12-21 04:53:41'),('WA90','3rd','M010','A449','2022-01-29 23:29:53'),('WA90','3rd','M010','A449','2023-02-28 12:25:30'),('WA90','3rd','M010','A449','2023-04-16 12:05:50'),('WA90','4th','M010','A449','2021-12-21 04:53:41'),('WA90','4th','M010','A449','2022-01-29 23:29:53'),('WA90','4th','M010','A449','2023-02-28 12:25:30'),('WA90','4th','M010','A449','2023-04-16 12:05:50'),('AA40','1st','M016','A450','2021-04-02 22:41:07'),('AA40','1st','M016','A450','2021-07-11 04:07:57'),('AA40','1st','M016','A450','2021-07-15 01:35:42'),('AA40','2nd','M006','A450','2021-04-02 22:41:07'),('AA40','2nd','M006','A450','2021-07-11 04:07:57'),('AA40','2nd','M006','A450','2021-07-15 01:35:42'),('AA40','3rd','M006','A450','2021-04-02 22:41:07'),('AA40','3rd','M006','A450','2021-07-11 04:07:57'),('AA40','3rd','M006','A450','2021-07-15 01:35:42'),('AA40','4th','M006','A450','2021-04-02 22:41:07'),('AA40','4th','M006','A450','2021-07-11 04:07:57'),('AA40','4th','M006','A450','2021-07-15 01:35:42'),('AA50','1st','M020','A450','2022-02-11 05:33:02'),('AA50','2nd','M006','A450','2022-02-11 05:33:02'),('AA50','3rd','M006','A450','2022-02-11 05:33:02'),('AA50','4th','M006','A450','2022-02-11 05:33:02'),('WA70','1st','M028','A450','2021-03-24 00:05:45'),('WA70','1st','M028','A450','2023-03-27 02:42:50'),('WA70','2nd','M010','A450','2021-03-24 00:05:45'),('WA70','2nd','M010','A450','2023-03-27 02:42:50'),('WA70','3rd','M010','A450','2021-03-24 00:05:45'),('WA70','3rd','M010','A450','2023-03-27 02:42:50'),('WA70','4th','M010','A450','2021-03-24 00:05:45'),('WA70','4th','M010','A450','2023-03-27 02:42:50'),('AA40','1st','M016','A451','2022-06-30 17:46:36'),('AA40','2nd','M006','A451','2022-06-30 17:46:36'),('AA40','3rd','M006','A451','2022-06-30 17:46:36'),('AA40','4th','M006','A451','2022-06-30 17:46:36'),('AA50','1st','M020','A451','2022-11-27 00:44:34'),('AA50','2nd','M006','A451','2022-11-27 00:44:34'),('AA50','3rd','M006','A451','2022-11-27 00:44:34'),('AA50','4th','M006','A451','2022-11-27 00:44:34'),('WA60','1st','M024','A451','2021-01-18 06:12:55'),('WA60','1st','M024','A451','2021-12-25 09:53:37'),('WA60','1st','M024','A451','2023-05-10 21:02:13'),('WA60','2nd','M010','A451','2021-01-18 06:12:55'),('WA60','2nd','M010','A451','2021-12-25 09:53:37'),('WA60','2nd','M010','A451','2023-05-10 21:02:13'),('WA60','3rd','M010','A451','2021-01-18 06:12:55'),('WA60','3rd','M010','A451','2021-12-25 09:53:37'),('WA60','3rd','M010','A451','2023-05-10 21:02:13'),('WA60','4th','M010','A451','2021-01-18 06:12:55'),('WA60','4th','M010','A451','2021-12-25 09:53:37'),('WA60','4th','M010','A451','2023-05-10 21:02:13'),('WA70','1st','M028','A451','2023-03-12 04:21:17'),('WA70','2nd','M010','A451','2023-03-12 04:21:17'),('WA70','3rd','M010','A451','2023-03-12 04:21:17'),('WA70','4th','M010','A451','2023-03-12 04:21:17'),('AA40','1st','M016','A452','2021-06-05 06:38:15'),('AA40','2nd','M006','A452','2021-06-05 06:38:15'),('AA40','3rd','M006','A452','2021-06-05 06:38:15'),('AA40','4th','M006','A452','2021-06-05 06:38:15'),('WA60','1st','M024','A452','2021-07-01 01:22:36'),('WA60','1st','M024','A452','2021-10-20 15:47:59'),('WA60','2nd','M010','A452','2021-07-01 01:22:36'),('WA60','2nd','M010','A452','2021-10-20 15:47:59'),('WA60','3rd','M010','A452','2021-07-01 01:22:36'),('WA60','3rd','M010','A452','2021-10-20 15:47:59'),('WA60','4th','M010','A452','2021-07-01 01:22:36'),('WA60','4th','M010','A452','2021-10-20 15:47:59'),('WA90','1st','M032','A452','2021-11-06 19:09:07'),('WA90','2nd','M010','A452','2021-11-06 19:09:07'),('WA90','3rd','M010','A452','2021-11-06 19:09:07'),('WA90','4th','M010','A452','2021-11-06 19:09:07'),('WA60','1st','M024','A453','2021-10-26 13:58:23'),('WA60','1st','M024','A453','2022-12-22 03:41:18'),('WA60','1st','M024','A453','2023-03-05 03:57:53'),('WA60','2nd','M010','A453','2021-10-26 13:58:23'),('WA60','2nd','M010','A453','2022-12-22 03:41:18'),('WA60','2nd','M010','A453','2023-03-05 03:57:53'),('WA60','3rd','M010','A453','2021-10-26 13:58:23'),('WA60','3rd','M010','A453','2022-12-22 03:41:18'),('WA60','3rd','M010','A453','2023-03-05 03:57:53'),('WA60','4th','M010','A453','2021-10-26 13:58:23'),('WA60','4th','M010','A453','2022-12-22 03:41:18'),('WA60','4th','M010','A453','2023-03-05 03:57:53'),('WA70','1st','M028','A453','2021-08-08 17:15:55'),('WA70','2nd','M010','A453','2021-08-08 17:15:55'),('WA70','3rd','M010','A453','2021-08-08 17:15:55'),('WA70','4th','M010','A453','2021-08-08 17:15:55'),('WA60','1st','M024','A454','2022-05-23 12:34:51'),('WA60','2nd','M010','A454','2022-05-23 12:34:51'),('WA60','3rd','M010','A454','2022-05-23 12:34:51'),('WA60','4th','M010','A454','2022-05-23 12:34:51'),('WA90','1st','M032','A454','2021-12-24 20:09:49'),('WA90','1st','M032','A454','2022-04-04 11:42:05'),('WA90','2nd','M010','A454','2021-12-24 20:09:49'),('WA90','2nd','M010','A454','2022-04-04 11:42:05'),('WA90','3rd','M010','A454','2021-12-24 20:09:49'),('WA90','3rd','M010','A454','2022-04-04 11:42:05'),('WA90','4th','M010','A454','2021-12-24 20:09:49'),('WA90','4th','M010','A454','2022-04-04 11:42:05'),('AA50','1st','M020','A455','2022-10-06 03:04:39'),('AA50','1st','M020','A455','2023-04-27 00:37:26'),('AA50','2nd','M006','A455','2022-10-06 03:04:39'),('AA50','2nd','M006','A455','2023-04-27 00:37:26'),('AA50','3rd','M006','A455','2022-10-06 03:04:39'),('AA50','3rd','M006','A455','2023-04-27 00:37:26'),('AA50','4th','M006','A455','2022-10-06 03:04:39'),('AA50','4th','M006','A455','2023-04-27 00:37:26'),('WA70','1st','M028','A455','2022-02-12 00:21:43'),('WA70','2nd','M010','A455','2022-02-12 00:21:43'),('WA70','3rd','M010','A455','2022-02-12 00:21:43'),('WA70','4th','M010','A455','2022-02-12 00:21:43'),('WA90','1st','M032','A455','2022-03-23 19:57:13'),('WA90','1st','M032','A455','2022-06-27 04:03:20'),('WA90','2nd','M010','A455','2022-03-23 19:57:13'),('WA90','2nd','M010','A455','2022-06-27 04:03:20'),('WA90','3rd','M010','A455','2022-03-23 19:57:13'),('WA90','3rd','M010','A455','2022-06-27 04:03:20'),('WA90','4th','M010','A455','2022-03-23 19:57:13'),('WA90','4th','M010','A455','2022-06-27 04:03:20'),('AA40','1st','M016','A456','2022-08-08 14:51:31'),('AA40','2nd','M006','A456','2022-08-08 14:51:31'),('AA40','3rd','M006','A456','2022-08-08 14:51:31'),('AA40','4th','M006','A456','2022-08-08 14:51:31'),('AA50','1st','M020','A456','2022-02-23 17:57:16'),('AA50','2nd','M006','A456','2022-02-23 17:57:16'),('AA50','3rd','M006','A456','2022-02-23 17:57:16'),('AA50','4th','M006','A456','2022-02-23 17:57:16'),('WA70','1st','M028','A456','2022-11-29 14:08:54'),('WA70','1st','M028','A456','2023-04-16 04:02:26'),('WA70','2nd','M010','A456','2022-11-29 14:08:54'),('WA70','2nd','M010','A456','2023-04-16 04:02:26'),('WA70','3rd','M010','A456','2022-11-29 14:08:54'),('WA70','3rd','M010','A456','2023-04-16 04:02:26'),('WA70','4th','M010','A456','2022-11-29 14:08:54'),('WA70','4th','M010','A456','2023-04-16 04:02:26'),('AA40','1st','M016','A457','2021-07-25 21:13:38'),('AA40','2nd','M006','A457','2021-07-25 21:13:38'),('AA40','3rd','M006','A457','2021-07-25 21:13:38'),('AA40','4th','M006','A457','2021-07-25 21:13:38'),('AA50','1st','M020','A457','2023-06-18 04:45:59'),('AA50','2nd','M006','A457','2023-06-18 04:45:59'),('AA50','3rd','M006','A457','2023-06-18 04:45:59'),('AA50','4th','M006','A457','2023-06-18 04:45:59'),('AA40','1st','M016','A458','2022-11-26 19:54:21'),('AA40','2nd','M006','A458','2022-11-26 19:54:21'),('AA40','3rd','M006','A458','2022-11-26 19:54:21'),('AA40','4th','M006','A458','2022-11-26 19:54:21'),('WA60','1st','M024','A458','2021-07-22 08:07:01'),('WA60','2nd','M010','A458','2021-07-22 08:07:01'),('WA60','3rd','M010','A458','2021-07-22 08:07:01'),('WA60','4th','M010','A458','2021-07-22 08:07:01'),('WA70','1st','M028','A458','2022-03-16 23:37:55'),('WA70','2nd','M010','A458','2022-03-16 23:37:55'),('WA70','3rd','M010','A458','2022-03-16 23:37:55'),('WA70','4th','M010','A458','2022-03-16 23:37:55'),('WA90','1st','M032','A458','2021-11-26 11:27:18'),('WA90','1st','M032','A458','2023-04-01 00:20:00'),('WA90','2nd','M010','A458','2021-11-26 11:27:18'),('WA90','2nd','M010','A458','2023-04-01 00:20:00'),('WA90','3rd','M010','A458','2021-11-26 11:27:18'),('WA90','3rd','M010','A458','2023-04-01 00:20:00'),('WA90','4th','M010','A458','2021-11-26 11:27:18'),('WA90','4th','M010','A458','2023-04-01 00:20:00'),('AA40','1st','M016','A459','2021-09-21 01:46:44'),('AA40','1st','M016','A459','2022-01-28 09:11:33'),('AA40','1st','M016','A459','2022-03-31 11:20:28'),('AA40','2nd','M006','A459','2021-09-21 01:46:44'),('AA40','2nd','M006','A459','2022-01-28 09:11:33'),('AA40','2nd','M006','A459','2022-03-31 11:20:28'),('AA40','3rd','M006','A459','2021-09-21 01:46:44'),('AA40','3rd','M006','A459','2022-01-28 09:11:33'),('AA40','3rd','M006','A459','2022-03-31 11:20:28'),('AA40','4th','M006','A459','2021-09-21 01:46:44'),('AA40','4th','M006','A459','2022-01-28 09:11:33'),('AA40','4th','M006','A459','2022-03-31 11:20:28'),('WA60','1st','M024','A459','2023-05-10 21:02:13'),('WA60','2nd','M010','A459','2023-05-10 21:02:13'),('WA60','3rd','M010','A459','2023-05-10 21:02:13'),('WA60','4th','M010','A459','2023-05-10 21:02:13'),('WA90','1st','M032','A459','2022-03-09 13:07:37'),('WA90','1st','M032','A459','2023-05-20 04:59:36'),('WA90','2nd','M010','A459','2022-03-09 13:07:37'),('WA90','2nd','M010','A459','2023-05-20 04:59:36'),('WA90','3rd','M010','A459','2022-03-09 13:07:37'),('WA90','3rd','M010','A459','2023-05-20 04:59:36'),('WA90','4th','M010','A459','2022-03-09 13:07:37'),('WA90','4th','M010','A459','2023-05-20 04:59:36'),('AA50','1st','M020','A460','2021-02-08 14:31:00'),('AA50','2nd','M006','A460','2021-02-08 14:31:00'),('AA50','3rd','M006','A460','2021-02-08 14:31:00'),('AA50','4th','M006','A460','2021-02-08 14:31:00'),('WA60','1st','M024','A460','2021-05-06 10:00:07'),('WA60','2nd','M010','A460','2021-05-06 10:00:07'),('WA60','3rd','M010','A460','2021-05-06 10:00:07'),('WA60','4th','M010','A460','2021-05-06 10:00:07'),('WA70','1st','M028','A460','2023-03-12 04:21:17'),('WA70','2nd','M010','A460','2023-03-12 04:21:17'),('WA70','3rd','M010','A460','2023-03-12 04:21:17'),('WA70','4th','M010','A460','2023-03-12 04:21:17'),('WA90','1st','M032','A460','2021-09-25 11:34:14'),('WA90','2nd','M010','A460','2021-09-25 11:34:14'),('WA90','3rd','M010','A460','2021-09-25 11:34:14'),('WA90','4th','M010','A460','2021-09-25 11:34:14'),('AA40','1st','M016','A461','2022-05-17 05:46:22'),('AA40','2nd','M006','A461','2022-05-17 05:46:22'),('AA40','3rd','M006','A461','2022-05-17 05:46:22'),('AA40','4th','M006','A461','2022-05-17 05:46:22'),('AA50','1st','M020','A461','2022-11-27 00:44:34'),('AA50','2nd','M006','A461','2022-11-27 00:44:34'),('AA50','3rd','M006','A461','2022-11-27 00:44:34'),('AA50','4th','M006','A461','2022-11-27 00:44:34'),('WA60','1st','M024','A461','2021-08-24 00:04:47'),('WA60','2nd','M010','A461','2021-08-24 00:04:47'),('WA60','3rd','M010','A461','2021-08-24 00:04:47'),('WA60','4th','M010','A461','2021-08-24 00:04:47'),('WA70','1st','M028','A461','2022-02-04 01:57:00'),('WA70','2nd','M010','A461','2022-02-04 01:57:00'),('WA70','3rd','M010','A461','2022-02-04 01:57:00'),('WA70','4th','M010','A461','2022-02-04 01:57:00'),('WA90','1st','M032','A461','2022-09-28 06:57:41'),('WA90','2nd','M010','A461','2022-09-28 06:57:41'),('WA90','3rd','M010','A461','2022-09-28 06:57:41'),('WA90','4th','M010','A461','2022-09-28 06:57:41'),('AA50','1st','M020','A462','2022-01-01 03:19:13'),('AA50','2nd','M006','A462','2022-01-01 03:19:13'),('AA50','3rd','M006','A462','2022-01-01 03:19:13'),('AA50','4th','M006','A462','2022-01-01 03:19:13'),('AA40','1st','M016','A463','2021-04-02 22:41:07'),('AA40','1st','M016','A463','2021-07-11 04:07:57'),('AA40','2nd','M006','A463','2021-04-02 22:41:07'),('AA40','2nd','M006','A463','2021-07-11 04:07:57'),('AA40','3rd','M006','A463','2021-04-02 22:41:07'),('AA40','3rd','M006','A463','2021-07-11 04:07:57'),('AA40','4th','M006','A463','2021-04-02 22:41:07'),('AA40','4th','M006','A463','2021-07-11 04:07:57'),('WA60','1st','M024','A463','2022-09-13 21:22:23'),('WA60','2nd','M010','A463','2022-09-13 21:22:23'),('WA60','3rd','M010','A463','2022-09-13 21:22:23'),('WA60','4th','M010','A463','2022-09-13 21:22:23'),('WA70','1st','M028','A463','2022-05-15 05:06:09'),('WA70','1st','M028','A463','2022-09-23 10:17:33'),('WA70','1st','M028','A463','2023-03-23 12:03:58'),('WA70','2nd','M010','A463','2022-05-15 05:06:09'),('WA70','2nd','M010','A463','2022-09-23 10:17:33'),('WA70','2nd','M010','A463','2023-03-23 12:03:58'),('WA70','3rd','M010','A463','2022-05-15 05:06:09'),('WA70','3rd','M010','A463','2022-09-23 10:17:33'),('WA70','3rd','M010','A463','2023-03-23 12:03:58'),('WA70','4th','M010','A463','2022-05-15 05:06:09'),('WA70','4th','M010','A463','2022-09-23 10:17:33'),('WA70','4th','M010','A463','2023-03-23 12:03:58'),('AA40','1st','M016','A464','2023-02-24 19:09:43'),('AA40','2nd','M006','A464','2023-02-24 19:09:43'),('AA40','3rd','M006','A464','2023-02-24 19:09:43'),('AA40','4th','M006','A464','2023-02-24 19:09:43'),('AA50','1st','M020','A464','2022-06-13 01:31:03'),('AA50','2nd','M006','A464','2022-06-13 01:31:03'),('AA50','3rd','M006','A464','2022-06-13 01:31:03'),('AA50','4th','M006','A464','2022-06-13 01:31:03'),('WA60','1st','M024','A464','2021-06-13 00:52:27'),('WA60','2nd','M010','A464','2021-06-13 00:52:27'),('WA60','3rd','M010','A464','2021-06-13 00:52:27'),('WA60','4th','M010','A464','2021-06-13 00:52:27'),('WA70','1st','M028','A465','2022-03-29 17:52:46'),('WA70','1st','M028','A465','2023-02-07 19:28:43'),('WA70','2nd','M010','A465','2022-03-29 17:52:46'),('WA70','2nd','M010','A465','2023-02-07 19:28:43'),('WA70','3rd','M010','A465','2022-03-29 17:52:46'),('WA70','3rd','M010','A465','2023-02-07 19:28:43'),('WA70','4th','M010','A465','2022-03-29 17:52:46'),('WA70','4th','M010','A465','2023-02-07 19:28:43'),('WA90','1st','M032','A465','2021-04-05 22:06:17'),('WA90','1st','M032','A465','2021-12-24 16:46:25'),('WA90','1st','M032','A465','2023-01-30 03:10:56'),('WA90','1st','M032','A465','2023-05-03 13:07:05'),('WA90','2nd','M010','A465','2021-04-05 22:06:17'),('WA90','2nd','M010','A465','2021-12-24 16:46:25'),('WA90','2nd','M010','A465','2023-01-30 03:10:56'),('WA90','2nd','M010','A465','2023-05-03 13:07:05'),('WA90','3rd','M010','A465','2021-04-05 22:06:17'),('WA90','3rd','M010','A465','2021-12-24 16:46:25'),('WA90','3rd','M010','A465','2023-01-30 03:10:56'),('WA90','3rd','M010','A465','2023-05-03 13:07:05'),('WA90','4th','M010','A465','2021-04-05 22:06:17'),('WA90','4th','M010','A465','2021-12-24 16:46:25'),('WA90','4th','M010','A465','2023-01-30 03:10:56'),('WA90','4th','M010','A465','2023-05-03 13:07:05'),('WA60','1st','M024','A466','2022-02-05 08:50:49'),('WA60','2nd','M010','A466','2022-02-05 08:50:49'),('WA60','3rd','M010','A466','2022-02-05 08:50:49'),('WA60','4th','M010','A466','2022-02-05 08:50:49'),('WA70','1st','M028','A466','2023-03-27 02:42:50'),('WA70','2nd','M010','A466','2023-03-27 02:42:50'),('WA70','3rd','M010','A466','2023-03-27 02:42:50'),('WA70','4th','M010','A466','2023-03-27 02:42:50'),('WA60','1st','M024','A467','2023-06-19 16:41:01'),('WA60','2nd','M010','A467','2023-06-19 16:41:01'),('WA60','3rd','M010','A467','2023-06-19 16:41:01'),('WA60','4th','M010','A467','2023-06-19 16:41:01'),('WA70','1st','M028','A467','2022-05-15 05:06:09'),('WA70','2nd','M010','A467','2022-05-15 05:06:09'),('WA70','3rd','M010','A467','2022-05-15 05:06:09'),('WA70','4th','M010','A467','2022-05-15 05:06:09'),('AA50','1st','M020','A468','2022-10-17 15:33:58'),('AA50','2nd','M006','A468','2022-10-17 15:33:58'),('AA50','3rd','M006','A468','2022-10-17 15:33:58'),('AA50','4th','M006','A468','2022-10-17 15:33:58'),('WA60','1st','M024','A468','2023-05-31 10:06:11'),('WA60','2nd','M010','A468','2023-05-31 10:06:11'),('WA60','3rd','M010','A468','2023-05-31 10:06:11'),('WA60','4th','M010','A468','2023-05-31 10:06:11'),('WA70','1st','M028','A468','2021-05-20 00:18:07'),('WA70','2nd','M010','A468','2021-05-20 00:18:07'),('WA70','3rd','M010','A468','2021-05-20 00:18:07'),('WA70','4th','M010','A468','2021-05-20 00:18:07'),('AA40','1st','M016','A469','2021-12-27 15:50:11'),('AA40','2nd','M006','A469','2021-12-27 15:50:11'),('AA40','3rd','M006','A469','2021-12-27 15:50:11'),('AA40','4th','M006','A469','2021-12-27 15:50:11'),('WA60','1st','M024','A469','2021-12-25 09:53:37'),('WA60','1st','M024','A469','2022-03-19 00:03:49'),('WA60','1st','M024','A469','2022-06-21 12:27:46'),('WA60','2nd','M010','A469','2021-12-25 09:53:37'),('WA60','2nd','M010','A469','2022-03-19 00:03:49'),('WA60','2nd','M010','A469','2022-06-21 12:27:46'),('WA60','3rd','M010','A469','2021-12-25 09:53:37'),('WA60','3rd','M010','A469','2022-03-19 00:03:49'),('WA60','3rd','M010','A469','2022-06-21 12:27:46'),('WA60','4th','M010','A469','2021-12-25 09:53:37'),('WA60','4th','M010','A469','2022-03-19 00:03:49'),('WA60','4th','M010','A469','2022-06-21 12:27:46'),('WA70','1st','M028','A469','2021-01-02 05:42:59'),('WA70','2nd','M010','A469','2021-01-02 05:42:59'),('WA70','3rd','M010','A469','2021-01-02 05:42:59'),('WA70','4th','M010','A469','2021-01-02 05:42:59'),('AA40','1st','M016','A470','2022-03-31 11:20:28'),('AA40','2nd','M006','A470','2022-03-31 11:20:28'),('AA40','3rd','M006','A470','2022-03-31 11:20:28'),('AA40','4th','M006','A470','2022-03-31 11:20:28'),('WA60','1st','M024','A470','2023-03-05 03:57:53'),('WA60','1st','M024','A470','2023-04-14 18:54:11'),('WA60','2nd','M010','A470','2023-03-05 03:57:53'),('WA60','2nd','M010','A470','2023-04-14 18:54:11'),('WA60','3rd','M010','A470','2023-03-05 03:57:53'),('WA60','3rd','M010','A470','2023-04-14 18:54:11'),('WA60','4th','M010','A470','2023-03-05 03:57:53'),('WA60','4th','M010','A470','2023-04-14 18:54:11'),('AA40','1st','M016','A471','2023-02-01 23:32:09'),('AA40','1st','M016','A471','2023-06-14 21:30:25'),('AA40','2nd','M006','A471','2023-02-01 23:32:09'),('AA40','2nd','M006','A471','2023-06-14 21:30:25'),('AA40','3rd','M006','A471','2023-02-01 23:32:09'),('AA40','3rd','M006','A471','2023-06-14 21:30:25'),('AA40','4th','M006','A471','2023-02-01 23:32:09'),('AA40','4th','M006','A471','2023-06-14 21:30:25'),('AA50','1st','M020','A471','2022-10-06 03:04:39'),('AA50','2nd','M006','A471','2022-10-06 03:04:39'),('AA50','3rd','M006','A471','2022-10-06 03:04:39'),('AA50','4th','M006','A471','2022-10-06 03:04:39'),('WA70','1st','M028','A471','2023-06-04 14:55:05'),('WA70','2nd','M010','A471','2023-06-04 14:55:05'),('WA70','3rd','M010','A471','2023-06-04 14:55:05'),('WA70','4th','M010','A471','2023-06-04 14:55:05'),('WA90','1st','M032','A471','2023-04-16 12:05:50'),('WA90','2nd','M010','A471','2023-04-16 12:05:50'),('WA90','3rd','M010','A471','2023-04-16 12:05:50'),('WA90','4th','M010','A471','2023-04-16 12:05:50'),('AA40','1st','M016','A472','2021-12-26 04:39:48'),('AA40','1st','M016','A472','2022-02-17 09:21:36'),('AA40','1st','M016','A472','2022-09-25 01:38:19'),('AA40','2nd','M006','A472','2021-12-26 04:39:48'),('AA40','2nd','M006','A472','2022-02-17 09:21:36'),('AA40','2nd','M006','A472','2022-09-25 01:38:19'),('AA40','3rd','M006','A472','2021-12-26 04:39:48'),('AA40','3rd','M006','A472','2022-02-17 09:21:36'),('AA40','3rd','M006','A472','2022-09-25 01:38:19'),('AA40','4th','M006','A472','2021-12-26 04:39:48'),('AA40','4th','M006','A472','2022-02-17 09:21:36'),('AA40','4th','M006','A472','2022-09-25 01:38:19'),('WA60','1st','M024','A472','2021-06-13 00:52:27'),('WA60','2nd','M010','A472','2021-06-13 00:52:27'),('WA60','3rd','M010','A472','2021-06-13 00:52:27'),('WA60','4th','M010','A472','2021-06-13 00:52:27'),('WA70','1st','M028','A472','2022-09-24 10:09:04'),('WA70','2nd','M010','A472','2022-09-24 10:09:04'),('WA70','3rd','M010','A472','2022-09-24 10:09:04'),('WA70','4th','M010','A472','2022-09-24 10:09:04'),('AA40','1st','M016','A473','2021-02-25 04:29:28'),('AA40','1st','M016','A473','2022-06-30 17:46:36'),('AA40','2nd','M006','A473','2021-02-25 04:29:28'),('AA40','2nd','M006','A473','2022-06-30 17:46:36'),('AA40','3rd','M006','A473','2021-02-25 04:29:28'),('AA40','3rd','M006','A473','2022-06-30 17:46:36'),('AA40','4th','M006','A473','2021-02-25 04:29:28'),('AA40','4th','M006','A473','2022-06-30 17:46:36'),('WA90','1st','M032','A473','2021-12-15 11:23:52'),('WA90','2nd','M010','A473','2021-12-15 11:23:52'),('WA90','3rd','M010','A473','2021-12-15 11:23:52'),('WA90','4th','M010','A473','2021-12-15 11:23:52'),('AA40','1st','M016','A474','2022-11-26 19:54:21'),('AA40','2nd','M006','A474','2022-11-26 19:54:21'),('AA40','3rd','M006','A474','2022-11-26 19:54:21'),('AA40','4th','M006','A474','2022-11-26 19:54:21'),('WA60','1st','M024','A474','2021-08-16 06:19:51'),('WA60','2nd','M010','A474','2021-08-16 06:19:51'),('WA60','3rd','M010','A474','2021-08-16 06:19:51'),('WA60','4th','M010','A474','2021-08-16 06:19:51'),('WA70','1st','M028','A474','2022-11-29 14:08:54'),('WA70','2nd','M010','A474','2022-11-29 14:08:54'),('WA70','3rd','M010','A474','2022-11-29 14:08:54'),('WA70','4th','M010','A474','2022-11-29 14:08:54'),('WA90','1st','M032','A474','2021-12-21 04:53:41'),('WA90','1st','M032','A474','2022-02-10 15:36:52'),('WA90','1st','M032','A474','2022-03-06 09:05:03'),('WA90','2nd','M010','A474','2021-12-21 04:53:41'),('WA90','2nd','M010','A474','2022-02-10 15:36:52'),('WA90','2nd','M010','A474','2022-03-06 09:05:03'),('WA90','3rd','M010','A474','2021-12-21 04:53:41'),('WA90','3rd','M010','A474','2022-02-10 15:36:52'),('WA90','3rd','M010','A474','2022-03-06 09:05:03'),('WA90','4th','M010','A474','2021-12-21 04:53:41'),('WA90','4th','M010','A474','2022-02-10 15:36:52'),('WA90','4th','M010','A474','2022-03-06 09:05:03'),('AA40','1st','M016','A475','2021-04-17 19:43:56'),('AA40','1st','M016','A475','2022-02-17 09:21:36'),('AA40','2nd','M006','A475','2021-04-17 19:43:56'),('AA40','2nd','M006','A475','2022-02-17 09:21:36'),('AA40','3rd','M006','A475','2021-04-17 19:43:56'),('AA40','3rd','M006','A475','2022-02-17 09:21:36'),('AA40','4th','M006','A475','2021-04-17 19:43:56'),('AA40','4th','M006','A475','2022-02-17 09:21:36'),('WA70','1st','M028','A475','2023-02-07 19:28:43'),('WA70','2nd','M010','A475','2023-02-07 19:28:43'),('WA70','3rd','M010','A475','2023-02-07 19:28:43'),('WA70','4th','M010','A475','2023-02-07 19:28:43'),('WA90','1st','M032','A475','2021-11-06 19:09:07'),('WA90','2nd','M010','A475','2021-11-06 19:09:07'),('WA90','3rd','M010','A475','2021-11-06 19:09:07'),('WA90','4th','M010','A475','2021-11-06 19:09:07'),('WA60','1st','M024','A477','2021-03-14 03:15:49'),('WA60','1st','M024','A477','2022-12-22 03:41:18'),('WA60','2nd','M010','A477','2021-03-14 03:15:49'),('WA60','2nd','M010','A477','2022-12-22 03:41:18'),('WA60','3rd','M010','A477','2021-03-14 03:15:49'),('WA60','3rd','M010','A477','2022-12-22 03:41:18'),('WA60','4th','M010','A477','2021-03-14 03:15:49'),('WA60','4th','M010','A477','2022-12-22 03:41:18'),('WA70','1st','M028','A477','2022-05-04 11:15:29'),('WA70','2nd','M010','A477','2022-05-04 11:15:29'),('WA70','3rd','M010','A477','2022-05-04 11:15:29'),('WA70','4th','M010','A477','2022-05-04 11:15:29'),('WA90','1st','M032','A477','2023-05-20 19:23:29'),('WA90','2nd','M010','A477','2023-05-20 19:23:29'),('WA90','3rd','M010','A477','2023-05-20 19:23:29'),('WA90','4th','M010','A477','2023-05-20 19:23:29'),('AA40','1st','M016','A478','2022-06-07 16:31:13'),('AA40','2nd','M006','A478','2022-06-07 16:31:13'),('AA40','3rd','M006','A478','2022-06-07 16:31:13'),('AA40','4th','M006','A478','2022-06-07 16:31:13'),('AA50','1st','M020','A478','2021-11-25 17:51:51'),('AA50','1st','M020','A478','2023-02-23 16:42:01'),('AA50','2nd','M006','A478','2021-11-25 17:51:51'),('AA50','2nd','M006','A478','2023-02-23 16:42:01'),('AA50','3rd','M006','A478','2021-11-25 17:51:51'),('AA50','3rd','M006','A478','2023-02-23 16:42:01'),('AA50','4th','M006','A478','2021-11-25 17:51:51'),('AA50','4th','M006','A478','2023-02-23 16:42:01'),('WA60','1st','M024','A478','2021-10-20 15:47:59'),('WA60','2nd','M010','A478','2021-10-20 15:47:59'),('WA60','3rd','M010','A478','2021-10-20 15:47:59'),('WA60','4th','M010','A478','2021-10-20 15:47:59'),('WA90','1st','M032','A478','2023-05-20 19:23:29'),('WA90','2nd','M010','A478','2023-05-20 19:23:29'),('WA90','3rd','M010','A478','2023-05-20 19:23:29'),('WA90','4th','M010','A478','2023-05-20 19:23:29'),('AA50','1st','M020','A479','2021-02-08 14:31:00'),('AA50','1st','M020','A479','2022-02-11 05:33:02'),('AA50','2nd','M006','A479','2021-02-08 14:31:00'),('AA50','2nd','M006','A479','2022-02-11 05:33:02'),('AA50','3rd','M006','A479','2021-02-08 14:31:00'),('AA50','3rd','M006','A479','2022-02-11 05:33:02'),('AA50','4th','M006','A479','2021-02-08 14:31:00'),('AA50','4th','M006','A479','2022-02-11 05:33:02'),('WA60','1st','M024','A479','2021-12-30 05:49:50'),('WA60','2nd','M010','A479','2021-12-30 05:49:50'),('WA60','3rd','M010','A479','2021-12-30 05:49:50'),('WA60','4th','M010','A479','2021-12-30 05:49:50'),('WA90','1st','M032','A479','2023-05-20 04:59:36'),('WA90','2nd','M010','A479','2023-05-20 04:59:36'),('WA90','3rd','M010','A479','2023-05-20 04:59:36'),('WA90','4th','M010','A479','2023-05-20 04:59:36'),('AA40','1st','M016','A480','2021-04-17 19:43:56'),('AA40','1st','M016','A480','2021-10-15 08:49:22'),('AA40','2nd','M006','A480','2021-04-17 19:43:56'),('AA40','2nd','M006','A480','2021-10-15 08:49:22'),('AA40','3rd','M006','A480','2021-04-17 19:43:56'),('AA40','3rd','M006','A480','2021-10-15 08:49:22'),('AA40','4th','M006','A480','2021-04-17 19:43:56'),('AA40','4th','M006','A480','2021-10-15 08:49:22'),('WA60','1st','M024','A480','2021-08-16 06:19:51'),('WA60','1st','M024','A480','2022-09-13 21:22:23'),('WA60','2nd','M010','A480','2021-08-16 06:19:51'),('WA60','2nd','M010','A480','2022-09-13 21:22:23'),('WA60','3rd','M010','A480','2021-08-16 06:19:51'),('WA60','3rd','M010','A480','2022-09-13 21:22:23'),('WA60','4th','M010','A480','2021-08-16 06:19:51'),('WA60','4th','M010','A480','2022-09-13 21:22:23'),('WA70','1st','M028','A480','2021-02-03 23:50:03'),('WA70','2nd','M010','A480','2021-02-03 23:50:03'),('WA70','3rd','M010','A480','2021-02-03 23:50:03'),('WA70','4th','M010','A480','2021-02-03 23:50:03'),('AA40','1st','M016','A481','2022-11-26 19:54:21'),('AA40','2nd','M006','A481','2022-11-26 19:54:21'),('AA40','3rd','M006','A481','2022-11-26 19:54:21'),('AA40','4th','M006','A481','2022-11-26 19:54:21'),('WA60','1st','M024','A481','2022-04-18 22:11:04'),('WA60','2nd','M010','A481','2022-04-18 22:11:04'),('WA60','3rd','M010','A481','2022-04-18 22:11:04'),('WA60','4th','M010','A481','2022-04-18 22:11:04'),('WA70','1st','M028','A481','2023-05-29 12:20:08'),('WA70','2nd','M010','A481','2023-05-29 12:20:08'),('WA70','3rd','M010','A481','2023-05-29 12:20:08'),('WA70','4th','M010','A481','2023-05-29 12:20:08'),('WA90','1st','M032','A481','2021-09-25 11:34:14'),('WA90','1st','M032','A481','2022-02-11 01:59:37'),('WA90','2nd','M010','A481','2021-09-25 11:34:14'),('WA90','2nd','M010','A481','2022-02-11 01:59:37'),('WA90','3rd','M010','A481','2021-09-25 11:34:14'),('WA90','3rd','M010','A481','2022-02-11 01:59:37'),('WA90','4th','M010','A481','2021-09-25 11:34:14'),('WA90','4th','M010','A481','2022-02-11 01:59:37'),('AA50','1st','M020','A482','2021-03-06 07:25:41'),('AA50','2nd','M006','A482','2021-03-06 07:25:41'),('AA50','3rd','M006','A482','2021-03-06 07:25:41'),('AA50','4th','M006','A482','2021-03-06 07:25:41'),('WA60','1st','M024','A482','2022-03-19 00:03:49'),('WA60','2nd','M010','A482','2022-03-19 00:03:49'),('WA60','3rd','M010','A482','2022-03-19 00:03:49'),('WA60','4th','M010','A482','2022-03-19 00:03:49'),('WA90','1st','M032','A482','2023-05-03 13:07:05'),('WA90','2nd','M010','A482','2023-05-03 13:07:05'),('WA90','3rd','M010','A482','2023-05-03 13:07:05'),('WA90','4th','M010','A482','2023-05-03 13:07:05'),('WA60','1st','M024','A483','2021-05-30 16:49:25'),('WA60','1st','M024','A483','2022-06-17 18:26:09'),('WA60','2nd','M010','A483','2021-05-30 16:49:25'),('WA60','2nd','M010','A483','2022-06-17 18:26:09'),('WA60','3rd','M010','A483','2021-05-30 16:49:25'),('WA60','3rd','M010','A483','2022-06-17 18:26:09'),('WA60','4th','M010','A483','2021-05-30 16:49:25'),('WA60','4th','M010','A483','2022-06-17 18:26:09'),('WA70','1st','M028','A483','2023-01-19 11:01:25'),('WA70','2nd','M010','A483','2023-01-19 11:01:25'),('WA70','3rd','M010','A483','2023-01-19 11:01:25'),('WA70','4th','M010','A483','2023-01-19 11:01:25'),('AA40','1st','M016','A484','2021-09-21 01:46:44'),('AA40','2nd','M006','A484','2021-09-21 01:46:44'),('AA40','3rd','M006','A484','2021-09-21 01:46:44'),('AA40','4th','M006','A484','2021-09-21 01:46:44'),('WA60','1st','M024','A484','2023-05-31 10:06:11'),('WA60','2nd','M010','A484','2023-05-31 10:06:11'),('WA60','3rd','M010','A484','2023-05-31 10:06:11'),('WA60','4th','M010','A484','2023-05-31 10:06:11'),('WA90','1st','M032','A484','2023-02-03 11:47:39'),('WA90','2nd','M010','A484','2023-02-03 11:47:39'),('WA90','3rd','M010','A484','2023-02-03 11:47:39'),('WA90','4th','M010','A484','2023-02-03 11:47:39'),('AA40','1st','M016','A485','2021-06-05 06:38:15'),('AA40','2nd','M006','A485','2021-06-05 06:38:15'),('AA40','3rd','M006','A485','2021-06-05 06:38:15'),('AA40','4th','M006','A485','2021-06-05 06:38:15'),('AA50','1st','M020','A485','2022-11-27 00:44:34'),('AA50','2nd','M006','A485','2022-11-27 00:44:34'),('AA50','3rd','M006','A485','2022-11-27 00:44:34'),('AA50','4th','M006','A485','2022-11-27 00:44:34'),('WA70','1st','M028','A485','2021-10-10 12:26:46'),('WA70','2nd','M010','A485','2021-10-10 12:26:46'),('WA70','3rd','M010','A485','2021-10-10 12:26:46'),('WA70','4th','M010','A485','2021-10-10 12:26:46'),('WA90','1st','M032','A485','2021-08-17 06:43:53'),('WA90','2nd','M010','A485','2021-08-17 06:43:53'),('WA90','3rd','M010','A485','2021-08-17 06:43:53'),('WA90','4th','M010','A485','2021-08-17 06:43:53'),('WA60','1st','M024','A486','2021-07-01 01:22:36'),('WA60','1st','M024','A486','2021-11-11 23:41:00'),('WA60','2nd','M010','A486','2021-07-01 01:22:36'),('WA60','2nd','M010','A486','2021-11-11 23:41:00'),('WA60','3rd','M010','A486','2021-07-01 01:22:36'),('WA60','3rd','M010','A486','2021-11-11 23:41:00'),('WA60','4th','M010','A486','2021-07-01 01:22:36'),('WA60','4th','M010','A486','2021-11-11 23:41:00'),('WA70','1st','M028','A486','2023-02-07 00:15:44'),('WA70','1st','M028','A486','2023-03-23 12:03:58'),('WA70','2nd','M010','A486','2023-02-07 00:15:44'),('WA70','2nd','M010','A486','2023-03-23 12:03:58'),('WA70','3rd','M010','A486','2023-02-07 00:15:44'),('WA70','3rd','M010','A486','2023-03-23 12:03:58'),('WA70','4th','M010','A486','2023-02-07 00:15:44'),('WA70','4th','M010','A486','2023-03-23 12:03:58'),('WA90','1st','M032','A486','2021-05-20 01:16:19'),('WA90','1st','M032','A486','2023-04-16 12:05:50'),('WA90','2nd','M010','A486','2021-05-20 01:16:19'),('WA90','2nd','M010','A486','2023-04-16 12:05:50'),('WA90','3rd','M010','A486','2021-05-20 01:16:19'),('WA90','3rd','M010','A486','2023-04-16 12:05:50'),('WA90','4th','M010','A486','2021-05-20 01:16:19'),('WA90','4th','M010','A486','2023-04-16 12:05:50'),('AA40','1st','M016','A487','2021-04-26 14:09:28'),('AA40','2nd','M006','A487','2021-04-26 14:09:28'),('AA40','3rd','M006','A487','2021-04-26 14:09:28'),('AA40','4th','M006','A487','2021-04-26 14:09:28'),('AA50','1st','M020','A487','2021-07-20 17:41:25'),('AA50','2nd','M006','A487','2021-07-20 17:41:25'),('AA50','3rd','M006','A487','2021-07-20 17:41:25'),('AA50','4th','M006','A487','2021-07-20 17:41:25'),('WA70','1st','M028','A487','2023-01-12 19:43:47'),('WA70','2nd','M010','A487','2023-01-12 19:43:47'),('WA70','3rd','M010','A487','2023-01-12 19:43:47'),('WA70','4th','M010','A487','2023-01-12 19:43:47'),('WA90','1st','M032','A487','2021-05-20 01:16:19'),('WA90','1st','M032','A487','2022-01-06 13:14:41'),('WA90','1st','M032','A487','2022-03-09 13:07:31'),('WA90','1st','M032','A487','2022-03-09 13:07:37'),('WA90','2nd','M010','A487','2021-05-20 01:16:19'),('WA90','2nd','M010','A487','2022-01-06 13:14:41'),('WA90','2nd','M010','A487','2022-03-09 13:07:31'),('WA90','2nd','M010','A487','2022-03-09 13:07:37'),('WA90','3rd','M010','A487','2021-05-20 01:16:19'),('WA90','3rd','M010','A487','2022-01-06 13:14:41'),('WA90','3rd','M010','A487','2022-03-09 13:07:31'),('WA90','3rd','M010','A487','2022-03-09 13:07:37'),('WA90','4th','M010','A487','2021-05-20 01:16:19'),('WA90','4th','M010','A487','2022-01-06 13:14:41'),('WA90','4th','M010','A487','2022-03-09 13:07:31'),('WA90','4th','M010','A487','2022-03-09 13:07:37'),('WA60','1st','M024','A488','2021-08-17 21:34:30'),('WA60','1st','M024','A488','2022-03-19 00:03:49'),('WA60','1st','M024','A488','2023-04-14 18:54:11'),('WA60','2nd','M010','A488','2021-08-17 21:34:30'),('WA60','2nd','M010','A488','2022-03-19 00:03:49'),('WA60','2nd','M010','A488','2023-04-14 18:54:11'),('WA60','3rd','M010','A488','2021-08-17 21:34:30'),('WA60','3rd','M010','A488','2022-03-19 00:03:49'),('WA60','3rd','M010','A488','2023-04-14 18:54:11'),('WA60','4th','M010','A488','2021-08-17 21:34:30'),('WA60','4th','M010','A488','2022-03-19 00:03:49'),('WA60','4th','M010','A488','2023-04-14 18:54:11'),('WA70','1st','M028','A488','2023-04-16 04:02:26'),('WA70','2nd','M010','A488','2023-04-16 04:02:26'),('WA70','3rd','M010','A488','2023-04-16 04:02:26'),('WA70','4th','M010','A488','2023-04-16 04:02:26'),('WA90','1st','M032','A488','2021-12-21 04:53:41'),('WA90','1st','M032','A488','2022-02-11 01:59:37'),('WA90','1st','M032','A488','2022-06-12 08:33:24'),('WA90','2nd','M010','A488','2021-12-21 04:53:41'),('WA90','2nd','M010','A488','2022-02-11 01:59:37'),('WA90','2nd','M010','A488','2022-06-12 08:33:24'),('WA90','3rd','M010','A488','2021-12-21 04:53:41'),('WA90','3rd','M010','A488','2022-02-11 01:59:37'),('WA90','3rd','M010','A488','2022-06-12 08:33:24'),('WA90','4th','M010','A488','2021-12-21 04:53:41'),('WA90','4th','M010','A488','2022-02-11 01:59:37'),('WA90','4th','M010','A488','2022-06-12 08:33:24'),('AA40','1st','M016','A489','2021-04-26 14:09:28'),('AA40','1st','M016','A489','2021-09-21 01:46:44'),('AA40','1st','M016','A489','2022-02-03 15:32:27'),('AA40','2nd','M006','A489','2021-04-26 14:09:28'),('AA40','2nd','M006','A489','2021-09-21 01:46:44'),('AA40','2nd','M006','A489','2022-02-03 15:32:27'),('AA40','3rd','M006','A489','2021-04-26 14:09:28'),('AA40','3rd','M006','A489','2021-09-21 01:46:44'),('AA40','3rd','M006','A489','2022-02-03 15:32:27'),('AA40','4th','M006','A489','2021-04-26 14:09:28'),('AA40','4th','M006','A489','2021-09-21 01:46:44'),('AA40','4th','M006','A489','2022-02-03 15:32:27'),('AA50','1st','M020','A489','2022-06-13 01:31:03'),('AA50','2nd','M006','A489','2022-06-13 01:31:03'),('AA50','3rd','M006','A489','2022-06-13 01:31:03'),('AA50','4th','M006','A489','2022-06-13 01:31:03'),('WA70','1st','M028','A489','2021-08-08 17:15:55'),('WA70','2nd','M010','A489','2021-08-08 17:15:55'),('WA70','3rd','M010','A489','2021-08-08 17:15:55'),('WA70','4th','M010','A489','2021-08-08 17:15:55'),('WA60','1st','M024','A490','2022-06-17 18:26:09'),('WA60','2nd','M010','A490','2022-06-17 18:26:09'),('WA60','3rd','M010','A490','2022-06-17 18:26:09'),('WA60','4th','M010','A490','2022-06-17 18:26:09'),('WA70','1st','M028','A490','2022-09-23 10:17:33'),('WA70','1st','M028','A490','2023-05-29 12:20:08'),('WA70','2nd','M010','A490','2022-09-23 10:17:33'),('WA70','2nd','M010','A490','2023-05-29 12:20:08'),('WA70','3rd','M010','A490','2022-09-23 10:17:33'),('WA70','3rd','M010','A490','2023-05-29 12:20:08'),('WA70','4th','M010','A490','2022-09-23 10:17:33'),('WA70','4th','M010','A490','2023-05-29 12:20:08'),('WA90','1st','M032','A490','2022-01-29 23:29:53'),('WA90','2nd','M010','A490','2022-01-29 23:29:53'),('WA90','3rd','M010','A490','2022-01-29 23:29:53'),('WA90','4th','M010','A490','2022-01-29 23:29:53'),('AA40','1st','M016','A492','2021-02-28 23:15:38'),('AA40','1st','M016','A492','2021-04-17 19:43:56'),('AA40','1st','M016','A492','2022-06-07 16:31:13'),('AA40','2nd','M006','A492','2021-02-28 23:15:38'),('AA40','2nd','M006','A492','2021-04-17 19:43:56'),('AA40','2nd','M006','A492','2022-06-07 16:31:13'),('AA40','3rd','M006','A492','2021-02-28 23:15:38'),('AA40','3rd','M006','A492','2021-04-17 19:43:56'),('AA40','3rd','M006','A492','2022-06-07 16:31:13'),('AA40','4th','M006','A492','2021-02-28 23:15:38'),('AA40','4th','M006','A492','2021-04-17 19:43:56'),('AA40','4th','M006','A492','2022-06-07 16:31:13'),('AA50','1st','M020','A492','2021-06-09 02:23:35'),('AA50','2nd','M006','A492','2021-06-09 02:23:35'),('AA50','3rd','M006','A492','2021-06-09 02:23:35'),('AA50','4th','M006','A492','2021-06-09 02:23:35'),('WA60','1st','M024','A492','2022-02-05 08:50:49'),('WA60','2nd','M010','A492','2022-02-05 08:50:49'),('WA60','3rd','M010','A492','2022-02-05 08:50:49'),('WA60','4th','M010','A492','2022-02-05 08:50:49'),('WA90','1st','M032','A492','2022-03-06 09:05:03'),('WA90','2nd','M010','A492','2022-03-06 09:05:03'),('WA90','3rd','M010','A492','2022-03-06 09:05:03'),('WA90','4th','M010','A492','2022-03-06 09:05:03'),('AA50','1st','M020','A493','2021-11-25 17:51:51'),('AA50','1st','M020','A493','2021-12-06 18:35:25'),('AA50','1st','M020','A493','2022-01-01 03:19:13'),('AA50','2nd','M006','A493','2021-11-25 17:51:51'),('AA50','2nd','M006','A493','2021-12-06 18:35:25'),('AA50','2nd','M006','A493','2022-01-01 03:19:13'),('AA50','3rd','M006','A493','2021-11-25 17:51:51'),('AA50','3rd','M006','A493','2021-12-06 18:35:25'),('AA50','3rd','M006','A493','2022-01-01 03:19:13'),('AA50','4th','M006','A493','2021-11-25 17:51:51'),('AA50','4th','M006','A493','2021-12-06 18:35:25'),('AA50','4th','M006','A493','2022-01-01 03:19:13'),('WA60','1st','M024','A493','2021-05-06 10:00:07'),('WA60','1st','M024','A493','2022-12-22 03:41:18'),('WA60','2nd','M010','A493','2021-05-06 10:00:07'),('WA60','2nd','M010','A493','2022-12-22 03:41:18'),('WA60','3rd','M010','A493','2021-05-06 10:00:07'),('WA60','3rd','M010','A493','2022-12-22 03:41:18'),('WA60','4th','M010','A493','2021-05-06 10:00:07'),('WA60','4th','M010','A493','2022-12-22 03:41:18'),('WA70','1st','M028','A493','2022-11-05 12:06:51'),('WA70','2nd','M010','A493','2022-11-05 12:06:51'),('WA70','3rd','M010','A493','2022-11-05 12:06:51'),('WA70','4th','M010','A493','2022-11-05 12:06:51'),('WA90','1st','M032','A493','2022-06-12 08:33:24'),('WA90','2nd','M010','A493','2022-06-12 08:33:24'),('WA90','3rd','M010','A493','2022-06-12 08:33:24'),('WA90','4th','M010','A493','2022-06-12 08:33:24'),('AA50','1st','M020','A494','2022-04-27 16:31:04'),('AA50','1st','M020','A494','2023-02-23 16:42:01'),('AA50','2nd','M006','A494','2022-04-27 16:31:04'),('AA50','2nd','M006','A494','2023-02-23 16:42:01'),('AA50','3rd','M006','A494','2022-04-27 16:31:04'),('AA50','3rd','M006','A494','2023-02-23 16:42:01'),('AA50','4th','M006','A494','2022-04-27 16:31:04'),('AA50','4th','M006','A494','2023-02-23 16:42:01'),('WA60','1st','M024','A494','2021-06-13 00:52:27'),('WA60','1st','M024','A494','2022-05-23 12:34:51'),('WA60','1st','M024','A494','2023-05-31 10:06:11'),('WA60','2nd','M010','A494','2021-06-13 00:52:27'),('WA60','2nd','M010','A494','2022-05-23 12:34:51'),('WA60','2nd','M010','A494','2023-05-31 10:06:11'),('WA60','3rd','M010','A494','2021-06-13 00:52:27'),('WA60','3rd','M010','A494','2022-05-23 12:34:51'),('WA60','3rd','M010','A494','2023-05-31 10:06:11'),('WA60','4th','M010','A494','2021-06-13 00:52:27'),('WA60','4th','M010','A494','2022-05-23 12:34:51'),('WA60','4th','M010','A494','2023-05-31 10:06:11'),('WA90','1st','M032','A494','2022-03-09 13:07:37'),('WA90','2nd','M010','A494','2022-03-09 13:07:37'),('WA90','3rd','M010','A494','2022-03-09 13:07:37'),('WA90','4th','M010','A494','2022-03-09 13:07:37'),('AA40','1st','M016','A495','2023-05-21 11:27:46'),('AA40','2nd','M006','A495','2023-05-21 11:27:46'),('AA40','3rd','M006','A495','2023-05-21 11:27:46'),('AA40','4th','M006','A495','2023-05-21 11:27:46'),('AA50','1st','M020','A495','2022-02-11 05:33:02'),('AA50','1st','M020','A495','2022-09-12 21:54:05'),('AA50','2nd','M006','A495','2022-02-11 05:33:02'),('AA50','2nd','M006','A495','2022-09-12 21:54:05'),('AA50','3rd','M006','A495','2022-02-11 05:33:02'),('AA50','3rd','M006','A495','2022-09-12 21:54:05'),('AA50','4th','M006','A495','2022-02-11 05:33:02'),('AA50','4th','M006','A495','2022-09-12 21:54:05'),('WA60','1st','M024','A495','2022-10-01 15:23:51'),('WA60','2nd','M010','A495','2022-10-01 15:23:51'),('WA60','3rd','M010','A495','2022-10-01 15:23:51'),('WA60','4th','M010','A495','2022-10-01 15:23:51'),('WA70','1st','M028','A495','2022-09-24 10:09:04'),('WA70','2nd','M010','A495','2022-09-24 10:09:04'),('WA70','3rd','M010','A495','2022-09-24 10:09:04'),('WA70','4th','M010','A495','2022-09-24 10:09:04'),('WA90','1st','M032','A495','2022-09-28 06:57:41'),('WA90','2nd','M010','A495','2022-09-28 06:57:41'),('WA90','3rd','M010','A495','2022-09-28 06:57:41'),('WA90','4th','M010','A495','2022-09-28 06:57:41'),('AA50','1st','M020','A496','2021-03-06 07:25:41'),('AA50','1st','M020','A496','2021-07-19 08:16:55'),('AA50','1st','M020','A496','2021-11-25 17:51:51'),('AA50','1st','M020','A496','2022-02-23 17:57:16'),('AA50','1st','M020','A496','2023-02-07 13:49:20'),('AA50','2nd','M006','A496','2021-03-06 07:25:41'),('AA50','2nd','M006','A496','2021-07-19 08:16:55'),('AA50','2nd','M006','A496','2021-11-25 17:51:51'),('AA50','2nd','M006','A496','2022-02-23 17:57:16'),('AA50','2nd','M006','A496','2023-02-07 13:49:20'),('AA50','3rd','M006','A496','2021-03-06 07:25:41'),('AA50','3rd','M006','A496','2021-07-19 08:16:55'),('AA50','3rd','M006','A496','2021-11-25 17:51:51'),('AA50','3rd','M006','A496','2022-02-23 17:57:16'),('AA50','3rd','M006','A496','2023-02-07 13:49:20'),('AA50','4th','M006','A496','2021-03-06 07:25:41'),('AA50','4th','M006','A496','2021-07-19 08:16:55'),('AA50','4th','M006','A496','2021-11-25 17:51:51'),('AA50','4th','M006','A496','2022-02-23 17:57:16'),('AA50','4th','M006','A496','2023-02-07 13:49:20'),('AA40','1st','M016','A497','2021-04-17 19:43:56'),('AA40','1st','M016','A497','2021-05-21 15:10:11'),('AA40','2nd','M006','A497','2021-04-17 19:43:56'),('AA40','2nd','M006','A497','2021-05-21 15:10:11'),('AA40','3rd','M006','A497','2021-04-17 19:43:56'),('AA40','3rd','M006','A497','2021-05-21 15:10:11'),('AA40','4th','M006','A497','2021-04-17 19:43:56'),('AA40','4th','M006','A497','2021-05-21 15:10:11'),('AA50','1st','M020','A497','2021-06-09 02:23:35'),('AA50','2nd','M006','A497','2021-06-09 02:23:35'),('AA50','3rd','M006','A497','2021-06-09 02:23:35'),('AA50','4th','M006','A497','2021-06-09 02:23:35'),('WA60','1st','M024','A497','2022-03-19 00:03:49'),('WA60','2nd','M010','A497','2022-03-19 00:03:49'),('WA60','3rd','M010','A497','2022-03-19 00:03:49'),('WA60','4th','M010','A497','2022-03-19 00:03:49'),('WA60','1st','M024','A498','2022-02-01 07:38:57'),('WA60','1st','M024','A498','2022-05-23 12:34:51'),('WA60','1st','M024','A498','2022-05-28 13:16:30'),('WA60','1st','M024','A498','2023-04-14 18:54:11'),('WA60','2nd','M010','A498','2022-02-01 07:38:57'),('WA60','2nd','M010','A498','2022-05-23 12:34:51'),('WA60','2nd','M010','A498','2022-05-28 13:16:30'),('WA60','2nd','M010','A498','2023-04-14 18:54:11'),('WA60','3rd','M010','A498','2022-02-01 07:38:57'),('WA60','3rd','M010','A498','2022-05-23 12:34:51'),('WA60','3rd','M010','A498','2022-05-28 13:16:30'),('WA60','3rd','M010','A498','2023-04-14 18:54:11'),('WA60','4th','M010','A498','2022-02-01 07:38:57'),('WA60','4th','M010','A498','2022-05-23 12:34:51'),('WA60','4th','M010','A498','2022-05-28 13:16:30'),('WA60','4th','M010','A498','2023-04-14 18:54:11'),('WA70','1st','M028','A498','2023-03-12 04:21:17'),('WA70','2nd','M010','A498','2023-03-12 04:21:17'),('WA70','3rd','M010','A498','2023-03-12 04:21:17'),('WA70','4th','M010','A498','2023-03-12 04:21:17'),('WA90','1st','M032','A498','2022-01-18 13:45:28'),('WA90','1st','M032','A498','2022-01-29 23:29:53'),('WA90','2nd','M010','A498','2022-01-18 13:45:28'),('WA90','2nd','M010','A498','2022-01-29 23:29:53'),('WA90','3rd','M010','A498','2022-01-18 13:45:28'),('WA90','3rd','M010','A498','2022-01-29 23:29:53'),('WA90','4th','M010','A498','2022-01-18 13:45:28'),('WA90','4th','M010','A498','2022-01-29 23:29:53'),('AA40','1st','M016','A499','2021-03-03 14:03:33'),('AA40','1st','M016','A499','2021-06-05 06:38:15'),('AA40','1st','M016','A499','2021-10-21 00:06:39'),('AA40','2nd','M006','A499','2021-03-03 14:03:33'),('AA40','2nd','M006','A499','2021-06-05 06:38:15'),('AA40','2nd','M006','A499','2021-10-21 00:06:39'),('AA40','3rd','M006','A499','2021-03-03 14:03:33'),('AA40','3rd','M006','A499','2021-06-05 06:38:15'),('AA40','3rd','M006','A499','2021-10-21 00:06:39'),('AA40','4th','M006','A499','2021-03-03 14:03:33'),('AA40','4th','M006','A499','2021-06-05 06:38:15'),('AA40','4th','M006','A499','2021-10-21 00:06:39'),('AA40','1st','M016','A500','2021-07-15 01:35:42'),('AA40','1st','M016','A500','2023-02-01 23:32:09'),('AA40','2nd','M006','A500','2021-07-15 01:35:42'),('AA40','2nd','M006','A500','2023-02-01 23:32:09'),('AA40','3rd','M006','A500','2021-07-15 01:35:42'),('AA40','3rd','M006','A500','2023-02-01 23:32:09'),('AA40','4th','M006','A500','2021-07-15 01:35:42'),('AA40','4th','M006','A500','2023-02-01 23:32:09'),('AA50','1st','M020','A500','2023-06-18 04:45:59'),('AA50','2nd','M006','A500','2023-06-18 04:45:59'),('AA50','3rd','M006','A500','2023-06-18 04:45:59'),('AA50','4th','M006','A500','2023-06-18 04:45:59'),('WA60','1st','M024','A500','2021-12-30 05:49:50'),('WA60','1st','M024','A500','2022-08-08 07:50:04'),('WA60','2nd','M010','A500','2021-12-30 05:49:50'),('WA60','2nd','M010','A500','2022-08-08 07:50:04'),('WA60','3rd','M010','A500','2021-12-30 05:49:50'),('WA60','3rd','M010','A500','2022-08-08 07:50:04'),('WA60','4th','M010','A500','2021-12-30 05:49:50'),('WA60','4th','M010','A500','2022-08-08 07:50:04'),('WA70','1st','M028','A500','2021-10-25 12:38:54'),('WA70','2nd','M010','A500','2021-10-25 12:38:54'),('WA70','3rd','M010','A500','2021-10-25 12:38:54'),('WA70','4th','M010','A500','2021-10-25 12:38:54');
/*!40000 ALTER TABLE `competitionranges` ENABLE KEYS */;
UNLOCK TABLES;

--
-- Table structure for table `division`
--

DROP TABLE IF EXISTS `division`;
/*!40101 SET @saved_cs_client     = @@character_set_client */;
/*!50503 SET character_set_client = utf8mb4 */;
CREATE TABLE `division` (
  `divisionID` varchar(10) NOT NULL,
  `bowType` enum('R','C','B','L') DEFAULT NULL,
  `description` varchar(255) DEFAULT NULL,
  PRIMARY KEY (`divisionID`)
) ENGINE=InnoDB DEFAULT CHARSET=utf8mb4 COLLATE=utf8mb4_0900_ai_ci;
/*!40101 SET character_set_client = @saved_cs_client */;

--
-- Dumping data for table `division`
--

LOCK TABLES `division` WRITE;
/*!40000 ALTER TABLE `division` DISABLE KEYS */;
INSERT INTO `division` VALUES ('div001','R','Recurve'),('div002','C','Compound'),('div003','B','Recurve / Barebow'),('div004','L','Longbow');
/*!40000 ALTER TABLE `division` ENABLE KEYS */;
UNLOCK TABLES;

--
-- Table structure for table `end`
--

DROP TABLE IF EXISTS `end`;
/*!40101 SET @saved_cs_client     = @@character_set_client */;
/*!50503 SET character_set_client = utf8mb4 */;
CREATE TABLE `end` (
  `endID` varchar(10) NOT NULL,
  `archerID` varchar(10) NOT NULL,
  `rangeID` varchar(10) NOT NULL,
  `metres` varchar(10) NOT NULL,
  `competitionID` varchar(10) NOT NULL,
  `endDate` datetime NOT NULL,
  `arrowOneScore` varchar(10) DEFAULT NULL,
  `arrowTwoScore` varchar(10) DEFAULT NULL,
  `arrowThreeScore` varchar(10) DEFAULT NULL,
  `arrowFourScore` varchar(10) DEFAULT NULL,
  `arrowFiveScore` varchar(10) DEFAULT NULL,
  `arrowSixScore` varchar(10) DEFAULT NULL,
  PRIMARY KEY (`endID`,`archerID`,`rangeID`,`metres`,`competitionID`,`endDate`),
  KEY `ends_fk1_idx` (`archerID`) /*!80000 INVISIBLE */,
  KEY `ends_fk2_idx` (`metres`) /*!80000 INVISIBLE */,
  KEY `ends_fk3_idx` (`rangeID`) /*!80000 INVISIBLE */,
  KEY `ends_fk4_idx` (`competitionID`),
  CONSTRAINT `end_fk1` FOREIGN KEY (`archerID`) REFERENCES `archer` (`archerID`) ON DELETE RESTRICT ON UPDATE CASCADE,
  CONSTRAINT `end_fk2` FOREIGN KEY (`rangeID`) REFERENCES `competitionranges` (`rangeID`) ON DELETE RESTRICT ON UPDATE CASCADE,
  CONSTRAINT `end_fk3` FOREIGN KEY (`metres`) REFERENCES `metres` (`metres`) ON DELETE RESTRICT ON UPDATE CASCADE,
  CONSTRAINT `end_fk4` FOREIGN KEY (`competitionID`) REFERENCES `archercompetition` (`competitionID`) ON DELETE RESTRICT ON UPDATE CASCADE
) ENGINE=InnoDB DEFAULT CHARSET=utf8mb4 COLLATE=utf8mb4_0900_ai_ci;
/*!40101 SET character_set_client = @saved_cs_client */;

--
-- Dumping data for table `end`
--

LOCK TABLES `end` WRITE;
/*!40000 ALTER TABLE `end` DISABLE KEYS */;
INSERT INTO `end` VALUES ('1','A001','1st','M030','WA90','2023-03-05 00:00:00','10','9','8','7','6','5'),('1','A001','2nd','M026','WA90','2023-03-05 00:00:00','10','9','8','7','6','5'),('1','A001','3rd','M018','WA90','2023-03-05 00:00:00','10','9','8','7','6','5'),('1','A001','4th','M010','WA90','2023-03-05 00:00:00','10','9','8','7','6','5'),('1','A002','1st','M030','WA90','2023-03-05 00:00:00','4','10','6','8','9','2'),('1','A002','2nd','M026','WA90','2023-03-05 00:30:00','6','7','10','8','7','8'),('1','A002','3rd','M018','WA90','2023-03-05 01:00:00','5','7','4','6','5','0'),('1','A002','4th','M010','WA90','2023-03-05 01:30:00','9','0','5','8','8','9'),('1','A003','1st','M030','WA90','2023-03-05 00:00:00','7','8','1','3','2','0'),('1','A003','2nd','M026','WA90','2023-03-05 00:30:00','10','10','3','7','1','5'),('1','A003','3rd','M018','WA90','2023-03-05 01:00:00','3','2','8','0','7','1'),('1','A003','4th','M010','WA90','2023-03-05 01:30:00','1','2','2','0','0','1'),('1','A004','1st','M027','Perth','2023-05-10 00:00:00','8','7','5','7','2','5'),('1','A004','2nd','M023','Perth','2023-05-10 00:30:00','4','9','8','7','6','6'),('1','A004','3rd','M019','Perth','2023-05-10 01:00:00','3','5','8','3','0','2'),('2','A001','1st','M030','WA90','2023-03-05 00:00:00','1','9','5','7','6','5'),('2','A001','2nd','M026','WA90','2023-03-05 00:00:00','1','9','5','7','6','5'),('2','A001','3rd','M018','WA90','2023-03-05 00:00:00','1','9','5','7','6','5'),('2','A001','4th','M010','WA90','2023-03-05 00:00:00','1','9','5','7','6','5'),('2','A002','1st','M030','WA90','2023-03-05 00:00:00','5','5','0','4','6','4'),('2','A002','2nd','M026','WA90','2023-03-05 00:30:00','5','4','0','4','6','1'),('2','A002','3rd','M018','WA90','2023-03-05 01:00:00','9','10','0','4','3','10'),('2','A002','4th','M010','WA90','2023-03-05 01:30:00','8','1','2','8','5','0'),('2','A003','1st','M030','WA90','2023-03-05 00:00:00','7','9','6','6','2','9'),('2','A003','2nd','M026','WA90','2023-03-05 00:30:00','9','0','4','2','8','4'),('2','A003','3rd','M018','WA90','2023-03-05 01:00:00','2','10','6','1','7','3'),('2','A003','4th','M010','WA90','2023-03-05 01:30:00','8','3','7','7','1','3'),('2','A004','1st','M027','Perth','2023-05-10 00:00:00','1','9','5','2','6','2'),('2','A004','2nd','M023','Perth','2023-05-10 00:30:00','1','9','5','7','6','2'),('2','A004','3rd','M019','Perth','2023-05-10 01:00:00','9','0','4','2','2','5'),('3','A001','1st','M030','WA90','2023-03-05 00:00:00','0','9','3','7','6','5'),('3','A001','2nd','M026','WA90','2023-03-05 00:00:00','0','9','3','7','6','5'),('3','A001','3rd','M018','WA90','2023-03-05 00:00:00','0','9','3','7','6','5'),('3','A001','4th','M010','WA90','2023-03-05 00:00:00','0','9','3','7','6','5'),('3','A002','1st','M030','WA90','2023-03-05 00:00:00','6','6','9','8','5','7'),('3','A002','2nd','M026','WA90','2023-03-05 00:30:00','9','9','9','1','6','1'),('3','A002','3rd','M018','WA90','2023-03-05 01:00:00','1','2','9','6','10','9'),('3','A002','4th','M010','WA90','2023-03-05 01:30:00','8','6','2','6','5','1'),('3','A003','1st','M030','WA90','2023-03-05 00:00:00','6','9','7','8','4','9'),('3','A003','2nd','M026','WA90','2023-03-05 00:30:00','3','9','8','8','10','10'),('3','A003','3rd','M018','WA90','2023-03-05 01:00:00','1','1','1','2','7','2'),('3','A003','4th','M010','WA90','2023-03-05 01:30:00','4','6','9','4','1','8'),('3','A004','1st','M027','Perth','2023-05-10 00:00:00','0','7','3','8','7','10'),('3','A004','2nd','M023','Perth','2023-05-10 00:30:00','10','3','3','7','6','2'),('3','A004','3rd','M019','Perth','2023-05-10 01:00:00','8','9','4','7','4','5'),('4','A001','1st','M030','WA90','2023-03-05 00:00:00','1','6','8','4','6','6'),('4','A001','2nd','M026','WA90','2023-03-05 00:00:00','1','6','8','4','6','6'),('4','A001','3rd','M018','WA90','2023-03-05 00:00:00','1','6','8','4','6','6'),('4','A001','4th','M010','WA90','2023-03-05 00:00:00','1','6','8','4','6','6'),('4','A002','1st','M030','WA90','2023-03-05 00:00:00','10','8','3','0','10','0'),('4','A002','2nd','M026','WA90','2023-03-05 00:30:00','8','10','0','10','3','1'),('4','A002','3rd','M018','WA90','2023-03-05 01:00:00','8','6','9','3','5','3'),('4','A002','4th','M010','WA90','2023-03-05 01:30:00','8','8','9','1','8','0'),('4','A003','1st','M030','WA90','2023-03-05 00:00:00','1','6','5','5','3','4'),('4','A003','2nd','M026','WA90','2023-03-05 00:30:00','5','0','3','8','1','9'),('4','A003','3rd','M018','WA90','2023-03-05 01:00:00','0','0','1','1','3','7'),('4','A003','4th','M010','WA90','2023-03-05 01:30:00','5','0','10','9','0','4'),('4','A004','1st','M027','Perth','2023-05-10 00:00:00','1','2','8','4','8','6'),('4','A004','2nd','M023','Perth','2023-05-10 00:30:00','9','6','5','2','9','6'),('4','A004','3rd','M019','Perth','2023-05-10 01:00:00','3','6','3','6','6','6'),('5','A001','1st','M030','WA90','2023-03-05 00:00:00','3','5','8','7','6','5'),('5','A001','2nd','M026','WA90','2023-03-05 00:00:00','3','5','8','7','6','5'),('5','A001','3rd','M018','WA90','2023-03-05 00:00:00','3','5','8','7','6','5'),('5','A001','4th','M010','WA90','2023-03-05 00:00:00','3','5','8','7','6','5'),('5','A002','1st','M030','WA90','2023-03-05 00:00:00','10','1','1','5','2','10'),('5','A002','2nd','M026','WA90','2023-03-05 00:30:00','2','8','5','8','5','2'),('5','A002','3rd','M018','WA90','2023-03-05 01:00:00','6','4','5','1','0','6'),('5','A002','4th','M010','WA90','2023-03-05 01:30:00','8','4','4','1','2','9'),('5','A003','1st','M030','WA90','2023-03-05 00:00:00','9','5','2','7','6','8'),('5','A003','2nd','M026','WA90','2023-03-05 00:30:00','8','3','3','10','1','0'),('5','A003','3rd','M018','WA90','2023-03-05 01:00:00','7','3','5','10','0','8'),('5','A003','4th','M010','WA90','2023-03-05 01:30:00','2','9','1','8','3','2'),('5','A004','1st','M027','Perth','2023-05-10 00:00:00','3','7','8','7','6','7'),('5','A004','2nd','M023','Perth','2023-05-10 00:30:00','0','2','2','9','9','5'),('5','A004','3rd','M019','Perth','2023-05-10 01:00:00','3','10','8','7','6','7'),('6','A001','1st','M030','WA90','2023-03-05 00:00:00','10','9','9','7','6','2'),('6','A001','2nd','M026','WA90','2023-03-05 00:00:00','10','9','9','7','6','2'),('6','A001','3rd','M018','WA90','2023-03-05 00:00:00','10','9','9','7','6','2'),('6','A001','4th','M010','WA90','2023-03-05 00:00:00','10','9','9','7','6','2'),('6','A002','1st','M030','WA90','2023-03-05 00:00:00','7','4','10','4','2','0'),('6','A002','2nd','M026','WA90','2023-03-05 00:30:00','7','1','3','6','2','4'),('6','A002','3rd','M018','WA90','2023-03-05 01:00:00','8','6','10','7','7','6'),('6','A002','4th','M010','WA90','2023-03-05 01:30:00','1','7','6','4','0','2'),('6','A003','1st','M030','WA90','2023-03-05 00:00:00','7','7','5','5','4','7'),('6','A003','2nd','M026','WA90','2023-03-05 00:30:00','1','7','1','10','4','5'),('6','A003','3rd','M018','WA90','2023-03-05 01:00:00','2','8','2','8','6','8'),('6','A003','4th','M010','WA90','2023-03-05 01:30:00','2','6','2','2','3','2');
/*!40000 ALTER TABLE `end` ENABLE KEYS */;
UNLOCK TABLES;

--
-- Table structure for table `metres`
--

DROP TABLE IF EXISTS `metres`;
/*!40101 SET @saved_cs_client     = @@character_set_client */;
/*!50503 SET character_set_client = utf8mb4 */;
CREATE TABLE `metres` (
  `metres` varchar(10) NOT NULL,
  `targetDistance` varchar(10) DEFAULT NULL,
  `targetDiameter` varchar(10) DEFAULT NULL,
  `totalPossibleEnds` int DEFAULT NULL,
  PRIMARY KEY (`metres`)
) ENGINE=InnoDB DEFAULT CHARSET=utf8mb4 COLLATE=utf8mb4_0900_ai_ci;
/*!40101 SET character_set_client = @saved_cs_client */;

--
-- Dumping data for table `metres`
--

LOCK TABLES `metres` WRITE;
/*!40000 ALTER TABLE `metres` DISABLE KEYS */;
INSERT INTO `metres` VALUES ('M001','10m','80cm',5),('M002','10m','80cm',6),('M003','10m','122cm',5),('M004','10m','122cm',6),('M005','20m','80cm',5),('M006','20m','80cm',6),('M007','20m','122cm',5),('M008','20m','122cm',6),('M009','30m','80cm',5),('M010','30m','80cm',6),('M011','30m','122cm',5),('M012','30m','122cm',6),('M013','40m','80cm',5),('M014','40m','80cm',6),('M015','40m','122cm',5),('M016','40m','122cm',6),('M017','50m','80cm',5),('M018','50m','80cm',6),('M019','50m','122cm',5),('M020','50m','122cm',6),('M021','60m','80cm',5),('M022','60m','80cm',6),('M023','60m','122cm',5),('M024','60m','122cm',6),('M025','70m','80cm',5),('M026','70m','80cm',6),('M027','70m','122cm',5),('M028','70m','122cm',6),('M029','90m','80cm',5),('M030','90m','80cm',6),('M031','90m','122cm',5),('M032','90m','122cm',6);
/*!40000 ALTER TABLE `metres` ENABLE KEYS */;
UNLOCK TABLES;
/*!40103 SET TIME_ZONE=@OLD_TIME_ZONE */;

/*!40101 SET SQL_MODE=@OLD_SQL_MODE */;
/*!40014 SET FOREIGN_KEY_CHECKS=@OLD_FOREIGN_KEY_CHECKS */;
/*!40014 SET UNIQUE_CHECKS=@OLD_UNIQUE_CHECKS */;
/*!40101 SET CHARACTER_SET_CLIENT=@OLD_CHARACTER_SET_CLIENT */;
/*!40101 SET CHARACTER_SET_RESULTS=@OLD_CHARACTER_SET_RESULTS */;
/*!40101 SET COLLATION_CONNECTION=@OLD_COLLATION_CONNECTION */;
/*!40111 SET SQL_NOTES=@OLD_SQL_NOTES */;

-- Dump completed on 2023-05-15 17:59:58
